{
  "n_train": 400,
  "n_eval": 128,
  "n_samples": 512,
  "horizon": 16,
  "mid": 8,
  "lam": 1.0,
  "latent_dim": 192,
  "mid_waypoint_sep_AB": 7.832587718963623,
  "head_onehot_response": 0.11886811256408691,
  "waypoint_betweenness_continuous": 0.6145933866500854,
  "waypoint_betweenness_discrete": 0.6402508616447449,
  "term_base": 249.37277221679688,
  "term_continuous": 258.0426025390625,
  "term_discrete": 258.44873046875,
  "term_oracle_commit": 249.37277221679688,
  "reach_base": 0.5,
  "reach_continuous": 0.46875,
  "reach_discrete": 0.4609375,
  "reach_oracle_commit": 0.5,
  "oracle_minus_base_term": 0.0,
  "discrete_minus_continuous_term": 0.40612736344337463,
  "elapsed_sec": 54.8
}