{
  "n_train": 400,
  "n_eval": 128,
  "n_samples": 512,
  "horizon": 16,
  "mid": 8,
  "lam": 1.0,
  "latent_dim": 192,
  "mid_waypoint_sep_AB": 7.680181980133057,
  "head_onehot_response": 0.14800171554088593,
  "waypoint_betweenness_continuous": 0.6881812810897827,
  "waypoint_betweenness_discrete": 0.6787577867507935,
  "waypoint_betweenness_discrete_sephead": 0.6852091550827026,
  "term_discrete_sephead": 246.8086700439453,
  "reach_discrete_sephead": 0.4453125,
  "term_base": 236.49586486816406,
  "term_continuous": 247.9969940185547,
  "term_discrete": 246.3216094970703,
  "term_oracle_commit": 236.49586486816406,
  "reach_base": 0.5,
  "reach_continuous": 0.4453125,
  "reach_discrete": 0.4296875,
  "reach_oracle_commit": 0.5,
  "oracle_minus_base_term": 0.0,
  "discrete_minus_continuous_term": -1.6753851175308228,
  "elapsed_sec": 55.0
}