{
  "n_train": 400,
  "n_eval": 128,
  "n_samples": 512,
  "horizon": 16,
  "mid": 8,
  "lam": 1.0,
  "latent_dim": 192,
  "mid_waypoint_sep_AB": 8.143248558044434,
  "head_onehot_response": 0.15909026563167572,
  "waypoint_betweenness_continuous": 0.6424554586410522,
  "waypoint_betweenness_discrete": 0.6532609462738037,
  "waypoint_betweenness_discrete_sephead": 0.6371991038322449,
  "term_discrete_sephead": 221.96023559570312,
  "reach_discrete_sephead": 0.4375,
  "term_base": 210.91448974609375,
  "term_continuous": 222.10064697265625,
  "term_discrete": 222.59408569335938,
  "term_oracle_commit": 210.91448974609375,
  "reach_base": 0.5,
  "reach_continuous": 0.453125,
  "reach_discrete": 0.453125,
  "reach_oracle_commit": 0.5,
  "oracle_minus_base_term": 0.0,
  "discrete_minus_continuous_term": 0.49344512820243835,
  "elapsed_sec": 55.1
}