{
  "n_train": 400,
  "n_eval": 128,
  "n_samples": 512,
  "horizon": 16,
  "mid": 8,
  "lam": 1.0,
  "latent_dim": 192,
  "mid_waypoint_sep_AB": 7.832587718963623,
  "head_onehot_response": 0.11808325350284576,
  "waypoint_betweenness_continuous": 0.628759503364563,
  "waypoint_betweenness_discrete": 0.6080067753791809,
  "waypoint_betweenness_discrete_sephead": 0.6280562877655029,
  "term_discrete_sephead": 259.8475341796875,
  "reach_discrete_sephead": 0.4609375,
  "term_base": 249.37277221679688,
  "term_continuous": 257.4627380371094,
  "term_discrete": 259.26806640625,
  "term_oracle_commit": 249.37277221679688,
  "reach_base": 0.5,
  "reach_continuous": 0.4765625,
  "reach_discrete": 0.46875,
  "reach_oracle_commit": 0.5,
  "oracle_minus_base_term": 0.0,
  "discrete_minus_continuous_term": 1.8053343296051025,
  "elapsed_sec": 55.2
}