{
  "metadata": {
    "policy": "quentinll/lewm-pusht",
    "dataset_name": "pusht_expert_train.h5",
    "env_name": "swm/PushT-v1",
    "num_samples": 200,
    "max_k": 10,
    "goal_offset": 50,
    "action_block": 5,
    "seed": 42,
    "device": "cuda",
    "shifts": {
      "id": [],
      "visual": [
        "background.color",
        "agent.color",
        "block.color",
        "goal.color"
      ],
      "geometry": [
        "block.scale",
        "agent.scale",
        "block.shape",
        "goal.scale"
      ]
    }
  },
  "rollout": {
    "id": {
      "terminated_fraction_by_k": [
        0.0,
        0.0,
        0.0,
        0.0,
        0.0,
        0.0,
        0.0,
        0.0,
        0.035,
        0.205,
        0.995
      ],
      "metrics": {
        "mse": {
          "metric": "mse",
          "mean_curve": [
            9.667834160185032e-14,
            0.01629195176064968,
            0.036431171000003815,
            0.06605663150548935,
            0.10246341675519943,
            0.15312568843364716,
            0.21298815310001373,
            0.27269333600997925,
            0.3338621258735657,
            0.3952423930168152,
            0.4556993246078491
          ],
          "mean_curve_tau_k": 2.0,
          "sample_tau_k_mean": 2.865000009536743,
          "sample_tau_k_median": 2.5,
          "sample_tau_k_valid_fraction": 1.0
        },
        "l2": {
          "metric": "l2",
          "mean_curve": [
            4.294555310480064e-06,
            1.5998847484588623,
            2.3428146839141846,
            3.066483497619629,
            3.841595411300659,
            4.623882293701172,
            5.495174407958984,
            6.277603626251221,
            7.018458366394043,
            7.798884868621826,
            8.574684143066406
          ],
          "mean_curve_tau_k": 4.0,
          "sample_tau_k_mean": 4.497409343719482,
          "sample_tau_k_median": 4.0,
          "sample_tau_k_valid_fraction": 0.965
        },
        "cosine": {
          "metric": "cosine",
          "mean_curve": [
            5.9604643443123e-10,
            0.008976642973721027,
            0.019818415865302086,
            0.03576504811644554,
            0.055508069694042206,
            0.08185471594333649,
            0.1133938729763031,
            0.14464706182479858,
            0.17554059624671936,
            0.21015121042728424,
            0.2468365877866745
          ],
          "mean_curve_tau_k": 2.0,
          "sample_tau_k_mean": 2.838383913040161,
          "sample_tau_k_median": 2.0,
          "sample_tau_k_valid_fraction": 0.99
        }
      },
      "elapsed_sec": 10.069731950759888
    },
    "visual": {
      "terminated_fraction_by_k": [
        0.0,
        0.0,
        0.0,
        0.0,
        0.0,
        0.0,
        0.0,
        0.0,
        0.035,
        0.205,
        0.995
      ],
      "metrics": {
        "mse": {
          "metric": "mse",
          "mean_curve": [
            6.101205424127037e-14,
            0.11160973459482193,
            0.2229911834001541,
            0.3097400963306427,
            0.3783716857433319,
            0.4386698603630066,
            0.4866074323654175,
            0.5352640151977539,
            0.5732653737068176,
            0.614345371723175,
            0.6556551456451416
          ],
          "mean_curve_tau_k": 3.0,
          "sample_tau_k_mean": 2.7448978424072266,
          "sample_tau_k_median": 2.0,
          "sample_tau_k_valid_fraction": 0.98
        },
        "l2": {
          "metric": "l2",
          "mean_curve": [
            3.3945698305615224e-06,
            4.333524227142334,
            6.17112922668457,
            7.346400260925293,
            8.182145118713379,
            8.864326477050781,
            9.367364883422852,
            9.858247756958008,
            10.221732139587402,
            10.61735725402832,
            10.998618125915527
          ],
          "mean_curve_tau_k": 5.0,
          "sample_tau_k_mean": 4.777108669281006,
          "sample_tau_k_median": 4.0,
          "sample_tau_k_valid_fraction": 0.83
        },
        "cosine": {
          "metric": "cosine",
          "mean_curve": [
            9.53674295089968e-09,
            0.14924514293670654,
            0.2822881042957306,
            0.3763640522956848,
            0.4441547691822052,
            0.49579811096191406,
            0.5300672650337219,
            0.5560671091079712,
            0.5771307945251465,
            0.6020300388336182,
            0.6209511756896973
          ],
          "mean_curve_tau_k": 3.0,
          "sample_tau_k_mean": 2.7142856121063232,
          "sample_tau_k_median": 2.0,
          "sample_tau_k_valid_fraction": 0.91
        }
      },
      "elapsed_sec": 9.710798025131226
    },
    "geometry": {
      "terminated_fraction_by_k": [
        0.0,
        0.0,
        0.0,
        0.0,
        0.0,
        0.0,
        0.0,
        0.0,
        0.015,
        0.065,
        0.275
      ],
      "metrics": {
        "mse": {
          "metric": "mse",
          "mean_curve": [
            8.736064036887412e-14,
            0.08171393722295761,
            0.1452871412038803,
            0.22456011176109314,
            0.3097863495349884,
            0.3687937259674072,
            0.46779242157936096,
            0.5632387399673462,
            0.6437505483627319,
            0.7092903852462769,
            0.7585527300834656
          ],
          "mean_curve_tau_k": 3.0,
          "sample_tau_k_mean": 2.7905759811401367,
          "sample_tau_k_median": 2.0,
          "sample_tau_k_valid_fraction": 0.955
        },
        "l2": {
          "metric": "l2",
          "mean_curve": [
            4.073458057973767e-06,
            3.150763511657715,
            4.415233612060547,
            5.572023391723633,
            6.6513800621032715,
            7.43186092376709,
            8.468666076660156,
            9.394250869750977,
            10.0482816696167,
            10.620070457458496,
            11.015645980834961
          ],
          "mean_curve_tau_k": 4.0,
          "sample_tau_k_mean": 4.023121356964111,
          "sample_tau_k_median": 3.0,
          "sample_tau_k_valid_fraction": 0.865
        },
        "cosine": {
          "metric": "cosine",
          "mean_curve": [
            -2.6822091214739885e-09,
            0.052741337567567825,
            0.09337475895881653,
            0.14162971079349518,
            0.19518202543258667,
            0.2267649620771408,
            0.2851112484931946,
            0.33788397908210754,
            0.3816199004650116,
            0.41610580682754517,
            0.44135719537734985
          ],
          "mean_curve_tau_k": 3.0,
          "sample_tau_k_mean": 2.8663101196289062,
          "sample_tau_k_median": 2.0,
          "sample_tau_k_valid_fraction": 0.935
        }
      },
      "elapsed_sec": 9.407646894454956
    }
  },
  "encoder_shift": {
    "visual": {
      "mse": {
        "mean_curve": [
          1.350685715675354,
          1.3423492908477783,
          1.3382620811462402,
          1.3196301460266113,
          1.3091849088668823,
          1.300064206123352,
          1.289925217628479,
          1.2780661582946777,
          1.2680881023406982,
          1.2679609060287476,
          1.2649085521697998
        ],
        "median_curve": [
          1.3471431732177734,
          1.3527302742004395,
          1.3382861614227295,
          1.3230128288269043,
          1.3031448125839233,
          1.307273268699646,
          1.2969019412994385,
          1.2728420495986938,
          1.2598069906234741,
          1.2715578079223633,
          1.2734307050704956
        ]
      },