{
  "N": 4,
  "seed": 1,
  "codes": 2,
  "n_frames": 118222,
  "ae_recon_mse": 0.06747413993323759,
  "probe_xy_mae_px": 0.2678682208061218,
  "probe_door_acc": 0.9343652203332488,
  "results": {
    "oracle": 100.0,
    "continuous": 40.5,
    "D0": 64.0
  },
  "D0_minus_continuous": 23.5
}