{
  "n_rows": 18000,
  "pooled_r2_all_features": 0.3085638800126378,
  "kschedule_only_r2": 0.26397591829299927,
  "within_k_r2": {
    "1": {
      "r2": 0.3091492718286287,
      "cv_drift_over_mean": 1.154349684715271
    },
    "2": {
      "r2": 0.09983390895992394,
      "cv_drift_over_mean": 1.4156699180603027
    },
    "3": {
      "r2": 0.07757891554303664,
      "cv_drift_over_mean": 1.4372782707214355
    },
    "4": {
      "r2": 0.11314294445282003,
      "cv_drift_over_mean": 1.3646126985549927
    },
    "5": {
      "r2": 0.0967336548208424,
      "cv_drift_over_mean": 1.2879918813705444
    },
    "6": {
      "r2": 0.05221214311639799,
      "cv_drift_over_mean": 1.2089136838912964
    },
    "7": {
      "r2": 0.08236474642557157,
      "cv_drift_over_mean": 1.1149612665176392
    },
    "8": {
      "r2": 0.05873914059248142,
      "cv_drift_over_mean": 1.0252629518508911
    },
    "9": {
      "r2": 0.06035374547844041,
      "cv_drift_over_mean": 0.9388343691825867
    },
    "10": {
      "r2": 0.03457062938519995,
      "cv_drift_over_mean": 0.8603720664978027
    }
  },
  "feature_correlation_with_drift": {
    "k": 0.5072430439658181,
    "pred_norm": 0.05120204635707928,
    "step_size": 0.11489520313797028,
    "init_norm": -0.016362396949012377,
    "dist_travelled": 0.43070585432993114,
    "cum_action": 0.3824578261357256
  }
}