{
  "delta": 1,
  "val_waypoint_mse": {
    "identity": 0.1605737954378128,
    "mean_move": 0.16031770408153534,
    "retrieval": 0.06788244843482971,
    "continuous": 0.035832729190588,
    "discrete_C64": 0.12675827741622925,
    "discrete_C256": 0.09793427586555481,
    "discrete_C1024": 0.07470357418060303
  },
  "pct_closure_to_oracle": {
    "identity": 0.0,
    "mean_move": 0.15948514860673213,
    "retrieval": 57.72507696555052,
    "continuous": 77.68457232209764,
    "discrete_C64": 21.05917589441278,
    "discrete_C256": 39.00980194275665,
    "discrete_C1024": 53.477107533692006
  }
}