{
  "meta": {
    "shift": "id",
    "num_samples": 200,
    "anchor_intervals": [
      2,
      3,
      5
    ],
    "codebook_sizes": [
      128,
      512,
      2048,
      8192
    ],
    "bank_path": "outputs/lghl_phase7_manifold/id_latent_bank.npy"
  },
  "open_loop": {
    "mse_by_k": [
      0.0,
      0.016291946172714233,
      0.036431171000003815,
      0.06605665385723114,
      0.1024634838104248,
      0.1531257927417755,
      0.21298815310001373,
      0.2726932764053345,
      0.3338621258735657,
      0.3952424228191376,
      0.45569905638694763
    ]
  },
  "anchored": {
    "2": {
      "continuous": {
        "mse_by_k": [
          0.0,
          0.016291946172714233,
          0.036431171000003815,
          0.019778333604335785,
          0.04635937511920929,
          0.024058572947978973,
          0.0568741150200367,
          0.02203383296728134,
          0.05163826048374176,
          0.031473103910684586,
          0.08425352722406387
        ]
      },
      "C128": {
        "mse_by_k": [
          0.0,
          0.6120732426643372,
          0.7262648344039917,
          0.580091655254364,
          0.7028298377990723,
          0.5362489819526672,
          0.6539696455001831,
          0.495369553565979,
          0.609481155872345,
          0.5231730937957764,
          0.6704467535018921
        ]
      },
      "C512": {
        "mse_by_k": [
          0.0,
          0.3363706171512604,
          0.4433453381061554,
          0.3023776113986969,
          0.40224936604499817,
          0.3424273431301117,
          0.46665582060813904,
          0.32770997285842896,
          0.4366879165172577,
          0.3422277271747589,
          0.4747850000858307
        ]
      },
      "C2048": {
        "mse_by_k": [
          0.0,
          0.15886399149894714,
          0.23218485713005066,
          0.16616201400756836,
          0.2426631897687912,
          0.19046007096767426,
          0.27328312397003174,
          0.20106640458106995,
          0.28373265266418457,
          0.20527887344360352,
          0.3051184117794037
        ]
      },
      "C8192": {
        "mse_by_k": [
          0.0,
          0.0874527096748352,
          0.1319834440946579,
          0.1017947793006897,
          0.1534666121006012,
          0.12088973820209503,
          0.1784619837999344,
          0.12842921912670135,
          0.1913575828075409,
          0.1484234780073166,
          0.22272275388240814
        ]
      }
    },
    "3": {
      "continuous": {
        "mse_by_k": [
          0.0,
          0.016291944310069084,
          0.036431171000003815,
          0.06605665385723114,
          0.02314784564077854,
          0.061035435646772385,
          0.11023596674203873,
          0.022033831104636192,
          0.05163825675845146,
          0.09589632600545883,
          0.037607453763484955
        ]
      },
      "C128": {
        "mse_by_k": [
          0.0,
          0.6120732426643372,
          0.7262647747993469,
          0.8273379802703857,
          0.5598365068435669,
          0.6919400691986084,
          0.8174446821212769,
          0.495369553565979,
          0.609481155872345,
          0.7413446307182312,
          0.47433197498321533
        ]
      },
      "C512": {
        "mse_by_k": [
          0.0,
          0.3363706171512604,
          0.4433453381061554,
          0.5628713369369507,
          0.31570374965667725,
          0.4495355188846588,
          0.593276858329773,
          0.3277099132537842,
          0.4366879165172577,
          0.5774878263473511,
          0.3514235019683838
        ]
      },
      "C2048": {
        "mse_by_k": [
          0.0,
          0.15886397659778595,
          0.23218490183353424,
          0.3344633877277374,
          0.18087999522686005,
          0.2941551208496094,
          0.4312739670276642,
          0.20106643438339233,
          0.28373268246650696,
          0.3990226686000824,
          0.2151368260383606
        ]
      },
      "C8192": {
        "mse_by_k": [
          0.0,
          0.0874527171254158,
          0.1319834589958191,
          0.1997525542974472,
          0.11085215210914612,
          0.18424126505851746,
          0.2694166302680969,
          0.12842921912670135,
          0.1913575977087021,
          0.2792855203151703,
          0.152496799826622
        ]
      }
    },
    "5": {
      "continuous": {
        "mse_by_k": [
          0.0,
          0.016291946172714233,
          0.036431171000003815,
          0.06605665385723114,
          0.1024634838104248,
          0.1531258076429367,
          0.02316257916390896,
          0.05185496807098389,
          0.09085121005773544,
          0.14401449263095856,
          0.20580512285232544
        ]
      },
      "C128": {
        "mse_by_k": [
          0.0,
          0.6120732426643372,
          0.7262648344039917,
          0.8273379802703857,
          0.9407459497451782,
          1.0697989463806152,
          0.4966936707496643,
          0.6302884221076965,
          0.7655233144760132,
          0.9001694917678833,
          1.0031030178070068
        ]
      },
      "C512": {
        "mse_by_k": [
          0.0,
          0.33637067675590515,
          0.4433452785015106,
          0.5628713965415955,
          0.6862676739692688,
          0.8113602995872498,
          0.3154849708080292,
          0.4439341723918915,
          0.5661365985870361,
          0.7158697843551636,
          0.8394203186035156
        ]
      },
      "C2048": {
        "mse_by_k": [
          0.0,
          0.15886397659778595,
          0.23218490183353424,
          0.3344633877277374,
          0.45200759172439575,
          0.5828139185905457,
          0.19117292761802673,
          0.27178651094436646,
          0.36485981941223145,
          0.4847269654273987,
          0.5866850018501282
        ]
      },
      "C8192": {
        "mse_by_k": [
          0.0,
          0.08745270222425461,
          0.1319834291934967,
          0.1997525691986084,
          0.2849043905735016,
          0.3923998177051544,
          0.12639006972312927,
          0.18714018166065216,
          0.2582342326641083,
          0.3418601155281067,
          0.4152337908744812
        ]
      }
    }
  },
  "elapsed_sec": 278.3591151237488,
  "bank_recon_mse": {
    "128": 0.4258001446723938,
    "512": 0.20950332283973694,
    "2048": 0.08420836925506592,
    "8192": 0.02361253835260868
  }
}