{
  "delta": 2,
  "val_waypoint_mse": {
    "identity": 0.48056676983833313,
    "mean_move": 0.4794708788394928,
    "retrieval": 0.08274524658918381,
    "continuous": 0.07236018031835556,
    "discrete_C64": 0.3589407801628113,
    "discrete_C256": 0.27209314703941345,
    "discrete_C1024": 0.21704605221748352
  },
  "pct_closure_to_oracle": {
    "identity": 0.0,
    "mean_move": 0.22804136024823343,
    "retrieval": 82.78173777662154,
    "continuous": 84.94274160015306,
    "discrete_C64": 25.308863889285956,
    "discrete_C256": 43.380782002270365,
    "discrete_C1024": 54.83540148011072
  }
}