nohup: ignoring input
topology audit 10/240 states
topology audit 20/240 states
topology audit 30/240 states
topology audit 40/240 states
topology audit 50/240 states
topology audit 60/240 states
topology audit 70/240 states
topology audit 80/240 states
topology audit 90/240 states
topology audit 100/240 states
topology audit 110/240 states
topology audit 120/240 states
topology audit 130/240 states
topology audit 140/240 states
topology audit 150/240 states
topology audit 160/240 states
topology audit 170/240 states
topology audit 180/240 states
topology audit 190/240 states
topology audit 200/240 states
topology audit 210/240 states
topology audit 220/240 states
topology audit 230/240 states
topology audit 240/240 states
{
  "basis_energy": {
    "0": {
      "first_dim": 0.5100520115395364,
      "raw_selected_dims": 0.2769169774757493,
      "selected_dims": 0.9847431064666506
    },
    "1": {
      "first_dim": 0.4981019197435438,
      "raw_selected_dims": 0.27417555874312094,
      "selected_dims": 0.9821659385595871
    },
    "2": {
      "first_dim": 0.5480457049551599,
      "raw_selected_dims": 0.26583243862637307,
      "selected_dims": 0.9839961471018998
    },
    "3": {
      "first_dim": 0.5066752142165395,
      "raw_selected_dims": 0.2680447232076711,
      "selected_dims": 0.9800650915075735
    }
  },
  "codebook_modes": 4,
  "components": {
    "k12_r0.05": {
      "consensus": {
        "component_coverage": {
          "ci95": [
            0.2727019590652403,
            0.3174790631821881
          ],
          "mean": 0.2950910865754616,
          "median_state_mean": 0.3055555555555556,
          "states": 240
        },
        "count_delta_vs_true": {
          "ci95": [
            0.484375,
            1.1552343749999978
          ],
          "mean": 0.821875,
          "median_state_mean": 0.75,
          "states": 240
        },
        "elite_recall": {
          "ci95": [
            0.1409722222222222,
            0.16791840277777761
          ],
          "mean": 0.15451388888888887,
          "median_state_mean": 0.15,
          "states": 240
        },
        "success_precision": {
          "ci95": [
            0.3414565972222222,
            0.4367361111111111
          ],
          "mean": 0.38833333333333336,
          "median_state_mean": 0.31666666666666665,
          "states": 240
        },
        "success_recall": {
          "ci95": [
            0.14355446322013563,
            0.17631959805319386
          ],
          "mean": 0.15954662600803304,
          "median_state_mean": 0.13224554341575617,
          "states": 169
        },
        "successful_component_coverage": {
          "ci95": [
            0.2756482351064452,
            0.3255030408858071
          ],
          "mean": 0.3006965708518963,
          "median_state_mean": 0.3055555555555556,
          "states": 169
        }
      },
      "k10": {
        "component_coverage": {
          "ci95": [
            0.34876171875,
            0.4037279106165825
          ],
          "mean": 0.3761561673280423,
          "median_state_mean": 0.37023809523809526,
          "states": 240
        },
        "count_delta_vs_true": {
          "ci95": [
            -0.48541666666666666,
            0.09481770833333106
          ],
          "mean": -0.19583333333333333,
          "median_state_mean": -0.25,
          "states": 240
        },
        "elite_recall": {
          "ci95": [
            0.1979861111111111,
            0.2348611111111111
          ],
          "mean": 0.21604166666666663,
          "median_state_mean": 0.19999999999999998,
          "states": 240
        },
        "success_precision": {
          "ci95": [
            0.3444427083333333,
            0.4371527777777777
          ],
          "mean": 0.39013888888888887,
          "median_state_mean": 0.31666666666666665,
          "states": 240
        },
        "success_recall": {
          "ci95": [
            0.17618043491524932,
            0.22584361509307704
          ],
          "mean": 0.19993625980126883,
          "median_state_mean": 0.16326530612244897,
          "states": 169
        },
        "successful_component_coverage": {
          "ci95": [
            0.3232485939096516,
            0.3908915808194654
          ],
          "mean": 0.3565028454451531,
          "median_state_mean": 0.3333333333333333,
          "states": 169
        }
      },
      "k3": {
        "component_coverage": {
          "ci95": [
            0.21714668317793318,
            0.25830993398962143
          ],
          "mean": 0.2375796021108521,
          "median_state_mean": 0.25,
          "states": 240
        },
        "count_delta_vs_true": {
          "ci95": [
            1.0135416666666666,
            1.7312760416666644
          ],
          "mean": 1.371875,
          "median_state_mean": 1.0,
          "states": 240
        },
        "elite_recall": {
          "ci95": [
            0.11208333333333333,
            0.13666666666666666
          ],
          "mean": 0.124375,
          "median_state_mean": 0.11666666666666667,
          "states": 240
        },
        "success_precision": {
          "ci95": [
            0.3138871527777778,
            0.4055572916666666
          ],
          "mean": 0.3595833333333333,
          "median_state_mean": 0.23333333333333334,
          "states": 240
        },
        "success_recall": {
          "ci95": [
            0.12348085082475821,
            0.15386179712878148
          ],
          "mean": 0.13823468333342798,
          "median_state_mean": 0.11075679247405121,
          "states": 169
        },
        "successful_component_coverage": {
          "ci95": [
            0.23408937924747836,
            0.28399972575638255
          ],
          "mean": 0.25904045959519334,
          "median_state_mean": 0.25,
          "states": 169
        }
      },
      "minrank": {
        "component_coverage": {
          "ci95": [
            0.3303536082696239,
            0.3806287586834462
          ],
          "mean": 0.355427388005513,
          "median_state_mean": 0.3458333333333333,
          "states": 240
        },
        "count_delta_vs_true": {
          "ci95": [
            1.0791666666666666,
            1.7802083333333334
          ],
          "mean": 1.4333333333333333,
          "median_state_mean": 1.25,
          "states": 240
        },
        "elite_recall": {
          "ci95": [
            0.17034722222222226,
            0.19791666666666666
          ],
          "mean": 0.18395833333333333,
          "median_state_mean": 0.18333333333333332,
          "states": 240
        },
        "success_precision": {
          "ci95": [
            0.33478993055555556,
            0.4275711805555555
          ],
          "mean": 0.38090277777777776,
          "median_state_mean": 0.3,
          "states": 240
        },
        "success_recall": {
          "ci95": [
            0.165321662896961,
            0.20941061559235113
          ],
          "mean": 0.18632889804698216,
          "median_state_mean": 0.1453121902118379,
          "states": 169
        },
        "successful_component_coverage": {
          "ci95": [
            0.31237913261951716,
            0.37034049232736366
          ],
          "mean": 0.3407710509411693,
          "median_state_mean": 0.3214285714285714,
          "states": 169
        }
      },
      "shuffle": {
        "component_coverage": {
          "ci95": [
            0.1866184957981833,
            0.22670680794899545
          ],
          "mean": 0.20624614101176603,
          "median_state_mean": 0.16160714285714284,
          "states": 240
        },
        "count_delta_vs_true": {
          "ci95": [
            5.333333333333333,
            5.920859374999997
          ],
          "mean": 5.627083333333333,
          "median_state_mean": 5.5,
          "states": 240
        },
        "elite_recall": {
          "ci95": [
            0.04479166666666667,
            0.05111111111111111
          ],
          "mean": 0.04791666666666667,
          "median_state_mean": 0.05,
          "states": 240
        },
        "success_precision": {
          "ci95": [
            0.18722222222222223,
            0.24388888888888888
          ],
          "mean": 0.2152777777777778,
          "median_state_mean": 0.15000000000000002,
          "states": 240
        },
        "success_recall": {
          "ci95": [
            0.04532084872403114,
            0.05864478732221096
          ],
          "mean": 0.050910957222890185,
          "median_state_mean": 0.047550597951417375,
          "states": 169
        },
        "successful_component_coverage": {
          "ci95": [
            0.1434636984276407,
            0.19166707309921063
          ],
          "mean": 0.16646682952156322,
          "median_state_mean": 0.125,
          "states": 169
        }
      },
      "successful_true_count": {
        "ci95": [
          2.9760416666666667,
          3.701041666666667
        ],
        "mean": 3.339583333333333,
        "median_state_mean": 3.5,
        "states": 240
      },
      "true_count": {
        "ci95": [
          4.536432291666666,
          5.064609374999997
        ],
        "mean": 4.801041666666666,
        "median_state_mean": 5.0,
        "states": 240
      }
    },
    "k12_r0.1": {
      "consensus": {
        "component_coverage": {
          "ci95": [
            0.44938546530148094,
            0.5009010725241194
          ],
          "mean": 0.4754814861064861,
          "median_state_mean": 0.49375,
          "states": 240
        },
        "count_delta_vs_true": {
          "ci95": [
            0.08333333333333333,
            0.8635416666666667
          ],
          "mean": 0.471875,
          "median_state_mean": 0.5,
          "states": 240
        },
        "elite_recall": {
          "ci95": [
            0.21871527777777774,
            0.2517013888888889
          ],
          "mean": 0.23534722222222224,
          "median_state_mean": 0.24166666666666664,
          "states": 240
        },
        "success_precision": {
          "ci95": [
            0.32263802083333337,
            0.41201562499999983
          ],
          "mean": 0.36725694444444446,
          "median_state_mean": 0.2958333333333334,
          "states": 240
        },
        "success_recall": {
          "ci95": [
            0.23628236271319925,
            0.27534279873914363
          ],
          "mean": 0.25582053829727325,
          "median_state_mean": 0.2355088224392698,
          "states": 169
        },
        "successful_component_coverage": {
          "ci95": [
            0.48347083779961,
            0.5414444134377566
          ],
          "mean": 0.5128316976689757,
          "median_state_mean": 0.5277777777777778,
          "states": 169
        }
      },
      "k10": {
        "component_coverage": {
          "ci95": [
            0.4741897386467699,
            0.5247921236026705
          ],
          "mean": 0.4994547408609908,
          "median_state_mean": 0.5027777777777778,
          "states": 240
        },
        "count_delta_vs_true": {
          "ci95": [
            -0.752109375,
            -0.042708333333333334
          ],
          "mean": -0.396875,
          "median_state_mean": -0.375,
          "states": 240
        },
        "elite_recall": {
          "ci95": [
            0.2760069444444444,
            0.31649392361111106
          ],
          "mean": 0.2962152777777778,
          "median_state_mean": 0.29166666666666663,
          "states": 240
        },
        "success_precision": {
          "ci95": [
            0.32611024305555564,
            0.4140295138888888
          ],
          "mean": 0.369375,
          "median_state_mean": 0.275,
          "states": 240
        },
        "success_recall": {
          "ci95": [
            0.27821392357376523,
            0.3336552790730704
          ],
          "mean": 0.305367415202452,
          "median_state_mean": 0.2748999230509852,
          "states": 169
        },
        "successful_component_coverage": {
          "ci95": [
            0.4898036147777272,
            0.5512221525803256
          ],
          "mean": 0.5202768029691107,
          "median_state_mean": 0.525,
          "states": 169
        }
      },
      "k3": {
        "component_coverage": {
          "ci95": [
            0.375492955901159,
            0.4236917212561743
          ],
          "mean": 0.39960318616568613,
          "median_state_mean": 0.422979797979798,
          "states": 240
        },
        "count_delta_vs_true": {
          "ci95": [
            0.925,
            1.740625
          ],
          "mean": 1.3364583333333333,
          "median_state_mean": 1.25,
          "states": 240
        },
        "elite_recall": {
          "ci95": [
            0.17399305555555555,
            0.20559027777777777
          ],
          "mean": 0.18975694444444444,
          "median_state_mean": 0.18333333333333332,
          "states": 240
        },
        "success_precision": {
          "ci95": [
            0.2988532986111111,
            0.38611284722222206
          ],
          "mean": 0.3420833333333333,
          "median_state_mean": 0.24166666666666667,
          "states": 240
        },
        "success_recall": {
          "ci95": [
            0.20405651116419604,
            0.24164226988022827
          ],
          "mean": 0.22280225927923766,
          "median_state_mean": 0.2047195811809201,
          "states": 169
        },
        "successful_component_coverage": {
          "ci95": [
            0.42576661586276976,
            0.482774099736008
          ],
          "mean": 0.454322705838978,
          "median_state_mean": 0.47104978354978355,
          "states": 169
        }
      },
      "minrank": {
        "component_coverage": {
          "ci95": [
            0.47856193733928104,
            0.5248032238305675
          ],
          "mean": 0.5016433421902171,
          "median_state_mean": 0.5066468253968254,
          "states": 240
        },
        "count_delta_vs_true": {
          "ci95": [
            0.98125,
            1.8489583333333333
          ],
          "mean": 1.4166666666666667,
          "median_state_mean": 1.5,
          "states": 240
        },
        "elite_recall": {
          "ci95": [
            0.24774305555555554,
            0.27871527777777777
          ],
          "mean": 0.2632986111111111,
          "median_state_mean": 0.275,
          "states": 240
        },
        "success_precision": {
          "ci95": [
            0.31989496527777783,
            0.4077786458333333
          ],
          "mean": 0.3634027777777778,
          "median_state_mean": 0.2833333333333333,
          "states": 240
        },
        "success_recall": {
          "ci95": [
            0.27257014450430367,
            0.3200577652377695
          ],
          "mean": 0.29535969538062967,
          "median_state_mean": 0.2711481416523052,
          "states": 169
        },
        "successful_component_coverage": {
          "ci95": [
            0.4995967611037877,
            0.557196304920972
          ],
          "mean": 0.5281159887668763,
          "median_state_mean": 0.5238095238095237,
          "states": 169
        }
      },
      "shuffle": {
        "component_coverage": {
          "ci95": [
            0.40176245000659067,
            0.44425793947083
          ],
          "mean": 0.42293520426332926,
          "median_state_mean": 0.3940972222222222,
          "states": 240
        },
        "count_delta_vs_true": {
          "ci95": [
            8.15,
            8.779166666666667
          ],
          "mean": 8.465625,
          "median_state_mean": 8.75,
          "states": 240
        },
        "elite_recall": {
          "ci95": [
            0.09635416666666667,
            0.10305555555555555
          ],
          "mean": 0.09968749999999998,
          "median_state_mean": 0.09999999999999999,
          "states": 240
        },
        "success_precision": {
          "ci95": [
            0.1864574652777778,
            0.24312586805555547
          ],
          "mean": 0.2145138888888889,
          "median_state_mean": 0.15416666666666667,
          "states": 240
        },
        "success_recall": {
          "ci95": [
            0.09304857938238284,
            0.11042853201606145
          ],
          "mean": 0.10116697602071992,
          "median_state_mean": 0.09714892654690538,
          "states": 169
        },
        "successful_component_coverage": {
          "ci95": [
            0.3923344414598112,
            0.4469966005052913
          ],
          "mean": 0.4194233637280974,
          "median_state_mean": 0.3958333333333333,
          "states": 169
        }
      },
      "successful_true_count": {
        "ci95": [
          2.8958333333333335,
          3.6635416666666667
        ],
        "mean": 3.278125,
        "median_state_mean": 3.0,
        "states": 240
      },
      "true_count": {
        "ci95": [
          4.688515625,
          5.25
        ],
        "mean": 4.966666666666667,
        "median_state_mean": 4.75,
        "states": 240
      }
    },
    "k12_r0.2": {
      "consensus": {
        "component_coverage": {
          "ci95": [
            0.6325934060152811,
            0.6780725847503191
          ],
          "mean": 0.6555999295843047,
          "median_state_mean": 0.6802083333333333,
          "states": 240
        },
        "count_delta_vs_true": {
          "ci95": [
            -0.18229166666666666,
            0.28125
          ],
          "mean": 0.051041666666666666,
          "median_state_mean": 0.0,
          "states": 240
        },
        "elite_recall": {
          "ci95": [
            0.34887152777777775,
            0.3883506944444444
          ],
          "mean": 0.3688020833333333,
          "median_state_mean": 0.38958333333333334,
          "states": 240
        },
        "success_precision": {
          "ci95": [
            0.29725694444444445,
            0.3806258680555555
          ],
          "mean": 0.3384201388888889,
          "median_state_mean": 0.2666666666666667,
          "states": 240
        },
        "success_recall": {
          "ci95": [
            0.39365800681507207,
            0.4384245575060466
          ],
          "mean": 0.41582563651121535,
          "median_state_mean": 0.4119892485412039,
          "states": 169
        },
        "successful_component_coverage": {
          "ci95": [
            0.6978908465178806,
            0.7496443589694327
          ],
          "mean": 0.723774561237579,
          "median_state_mean": 0.7375,
          "states": 169
        }
      },
      "k10": {
        "component_coverage": {
          "ci95": [
            0.6069856825032608,
            0.6495127540283788
          ],
          "mean": 0.6284014307451807,
          "median_state_mean": 0.6354166666666667,
          "states": 240
        },
        "count_delta_vs_true": {
          "ci95": [
            -0.3302083333333333,
            0.16145833333333334
          ],
          "mean": -0.08541666666666667,
          "median_state_mean": 0.0,
          "states": 240
        },
        "elite_recall": {
          "ci95": [
            0.40076258680555554,
            0.44272569444444443
          ],
          "mean": 0.42203124999999997,
          "median_state_mean": 0.44166666666666665,
          "states": 240
        },
        "success_precision": {
          "ci95": [
            0.29723741319444447,
            0.3796028645833331
          ],
          "mean": 0.33848958333333334,
          "median_state_mean": 0.25416666666666665,
          "states": 240
        },
        "success_recall": {
          "ci95": [
            0.4359528888944562,
            0.49047663346560194
          ],
          "mean": 0.4624411196580503,
          "median_state_mean": 0.4536302607214857,
          "states": 169
        },
        "successful_component_coverage": {
          "ci95": [
            0.6673074655045809,
            0.7207482372164323
          ],
          "mean": 0.6941234061796191,
          "median_state_mean": 0.705952380952381,
          "states": 169
        }
      },
      "k3": {
        "component_coverage": {
          "ci95": [
            0.62892324566348,
            0.6702894728968947
          ],
          "mean": 0.6499255143005144,
          "median_state_mean": 0.6681547619047619,
          "states": 240
        },
        "count_delta_vs_true": {
          "ci95": [
            0.12916666666666668,
            0.6145833333333334
          ],
          "mean": 0.37083333333333335,
          "median_state_mean": 0.25,
          "states": 240
        },
        "elite_recall": {
          "ci95": [
            0.2873090277777777,
            0.3242539062499999
          ],
          "mean": 0.30576388888888884,
          "median_state_mean": 0.3208333333333333,
          "states": 240
        },
        "success_precision": {
          "ci95": [
            0.2764227430555556,
            0.3580737847222222
          ],
          "mean": 0.31749999999999995,
          "median_state_mean": 0.2375,
          "states": 240
        },
        "success_recall": {
          "ci95": [
            0.3355878225216218,
            0.38010535609685964
          ],
          "mean": 0.35814565196963105,
          "median_state_mean": 0.3670568955042338,
          "states": 169
        },
        "successful_component_coverage": {
          "ci95": [
            0.6891456229298315,
            0.7401418051048229
          ],
          "mean": 0.7149817514832308,
          "median_state_mean": 0.7142857142857143,
          "states": 169
        }
      },
      "minrank": {
        "component_coverage": {
          "ci95": [
            0.6321939598306786,
            0.6679328216632904
          ],
          "mean": 0.6500938760313759,
          "median_state_mean": 0.6625,
          "states": 240
        },
        "count_delta_vs_true": {
          "ci95": [
            0.41354166666666664,
            0.9864583333333333
          ],
          "mean": 0.6989583333333333,
          "median_state_mean": 0.5,
          "states": 240
        },
        "elite_recall": {
          "ci95": [
            0.3668402777777777,
            0.40270876736111105
          ],
          "mean": 0.3849305555555555,
          "median_state_mean": 0.41041666666666665,
          "states": 240
        },
        "success_precision": {
          "ci95": [
            0.2947916666666667,
            0.37701388888888887
          ],
          "mean": 0.3354861111111111,
          "median_state_mean": 0.2520833333333333,
          "states": 240
        },
        "success_recall": {
          "ci95": [
            0.4213046444515728,
            0.47053005367137135
          ],
          "mean": 0.4456817476341814,
          "median_state_mean": 0.4462627333783219,
          "states": 169
        },
        "successful_component_coverage": {
          "ci95": [
            0.6834177523249269,
            0.7313750619039081
          ],
          "mean": 0.7073143818705948,
          "median_state_mean": 0.7083333333333334,
          "states": 169
        }
      },
      "shuffle": {
        "component_coverage": {
          "ci95": [
            0.5525183883679976,
            0.5865847155593249
          ],
          "mean": 0.5694028251840753,
          "median_state_mean": 0.5625,
          "states": 240
        },
        "count_delta_vs_true": {
          "ci95": [
            5.0125,
            5.435416666666667
          ],
          "mean": 5.225,
          "median_state_mean": 5.5,
          "states": 240
        },
        "elite_recall": {
          "ci95": [
            0.19748263888888887,
            0.20388888888888887
          ],
          "mean": 0.2006423611111111,
          "median_state_mean": 0.19999999999999998,
          "states": 240
        },
        "success_precision": {
          "ci95": [
            0.18517317708333333,
            0.24107682291666663
          ],
          "mean": 0.21300347222222224,
          "median_state_mean": 0.15625,
          "states": 240
        },
        "success_recall": {
          "ci95": [
            0.18531506735615502,
            0.20709034479986338
          ],
          "mean": 0.19598495949867276,
          "median_state_mean": 0.19567901234567903,
          "states": 169
        },
        "successful_component_coverage": {
          "ci95": [
            0.6191537301661193,
            0.6716563230080242
          ],
          "mean": 0.6454132652357505,
          "median_state_mean": 0.625,
          "states": 169
        }
      },
      "successful_true_count": {
        "ci95": [
          1.894765625,
          2.392708333333333
        ],
        "mean": 2.140625,
        "median_state_mean": 2.0,
        "states": 240
      },
      "true_count": {
        "ci95": [
          3.613541666666667,
          3.94375
        ],
        "mean": 3.7760416666666665,
        "median_state_mean": 3.75,
        "states": 240
      }
    },
    "k20_r0.05": {
      "consensus": {
        "component_coverage": {
          "ci95": [
            0.3460286975033069,
            0.4010721726190476
          ],
          "mean": 0.3739645337301587,
          "median_state_mean": 0.375,
          "states": 240
        },
        "count_delta_vs_true": {
          "ci95": [
            0.18958333333333333,
            0.6844010416666644
          ],
          "mean": 0.43854166666666666,
          "median_state_mean": 0.5,
          "states": 240
        },
        "elite_recall": {
          "ci95": [
            0.14131944444444444,
            0.16805555555555554
          ],
          "mean": 0.15451388888888887,
          "median_state_mean": 0.15,
          "states": 240
        },
        "success_precision": {
          "ci95": [
            0.3413194444444444,
            0.43541840277777766
          ],
          "mean": 0.38833333333333336,
          "median_state_mean": 0.31666666666666665,
          "states": 240
        },
        "success_recall": {
          "ci95": [
            0.14319264697587783,
            0.1758290843728774
          ],
          "mean": 0.15954662600803304,
          "median_state_mean": 0.13224554341575617,
          "states": 169
        },
        "successful_component_coverage": {
          "ci95": [
            0.358104146120973,
            0.42347062259321866
          ],
          "mean": 0.3905184559030713,
          "median_state_mean": 0.3958333333333333,
          "states": 169
        }
      },
      "k10": {
        "component_coverage": {
          "ci95": [
            0.4311000434027778,
            0.494048084077381
          ],
          "mean": 0.46218625992063495,
          "median_state_mean": 0.4583333333333333,
          "states": 240
        },
        "count_delta_vs_true": {
          "ci95": [
            -0.5,
            -0.08645833333333333
          ],
          "mean": -0.29270833333333335,
          "median_state_mean": -0.25,
          "states": 240
        },
        "elite_recall": {
          "ci95": [
            0.1977065972222222,
            0.23506944444444444
          ],
          "mean": 0.21604166666666663,
          "median_state_mean": 0.19999999999999998,
          "states": 240
        },
        "success_precision": {
          "ci95": [
            0.34479166666666666,
            0.436876736111111
          ],
          "mean": 0.39013888888888887,
          "median_state_mean": 0.31666666666666665,
          "states": 240
        },
        "success_recall": {
          "ci95": [
            0.1764229862067845,
            0.22569623435715463
          ],
          "mean": 0.19993625980126883,
          "median_state_mean": 0.16326530612244897,
          "states": 169
        },
        "successful_component_coverage": {
          "ci95": [
            0.4069365343523997,
            0.4817862426035503
          ],
          "mean": 0.44409634169249557,
          "median_state_mean": 0.4166666666666667,
          "states": 169
        }
      },
      "k3": {
        "component_coverage": {
          "ci95": [
            0.2774985015707672,
            0.32855408812830694
          ],
          "mean": 0.30295758928571426,
          "median_state_mean": 0.3,
          "states": 240
        },
        "count_delta_vs_true": {
          "ci95": [
            0.5333333333333333,
            1.04375
          ],
          "mean": 0.7885416666666667,
          "median_state_mean": 0.75,
          "states": 240
        },
        "elite_recall": {
          "ci95": [
            0.1123611111111111,
            0.13666666666666666
          ],
          "mean": 0.124375,
          "median_state_mean": 0.11666666666666667,
          "states": 240
        },
        "success_precision": {
          "ci95": [
            0.3136805555555556,
            0.405626736111111
          ],
          "mean": 0.3595833333333333,
          "median_state_mean": 0.23333333333333334,
          "states": 240
        },
        "success_recall": {
          "ci95": [
            0.12308669962595913,
            0.15368590368870902
          ],
          "mean": 0.13823468333342798,
          "median_state_mean": 0.11075679247405121,
          "states": 169
        },
        "successful_component_coverage": {
          "ci95": [
            0.29977203085376164,
            0.3612318757631257
          ],
          "mean": 0.3305479242979243,
          "median_state_mean": 0.3333333333333333,
          "states": 169
        }
      },
      "minrank": {
        "component_coverage": {
          "ci95": [
            0.4176169601521164,
            0.47566201636904754
          ],
          "mean": 0.44638186177248673,
          "median_state_mean": 0.44375,
          "states": 240
        },
        "count_delta_vs_true": {
          "ci95": [
            0.653125,
            1.1833593749999978
          ],
          "mean": 0.9177083333333333,
          "median_state_mean": 0.75,
          "states": 240
        },
        "elite_recall": {
          "ci95": [
            0.17041666666666666,
            0.19770833333333335
          ],
          "mean": 0.18395833333333333,
          "median_state_mean": 0.18333333333333332,
          "states": 240
        },
        "success_precision": {
          "ci95": [
            0.335,
            0.42715277777777777
          ],
          "mean": 0.38090277777777776,
          "median_state_mean": 0.3,
          "states": 240
        },
        "success_recall": {
          "ci95": [
            0.16516807738668257,
            0.209907167836146
          ],
          "mean": 0.18632889804698216,
          "median_state_mean": 0.1453121902118379,
          "states": 169
        },
        "successful_component_coverage": {
          "ci95": [
            0.39320537768855074,
            0.4594716087865126
          ],
          "mean": 0.4260384380576688,
          "median_state_mean": 0.41666666666666663,
          "states": 169
        }
      },
      "shuffle": {
        "component_coverage": {
          "ci95": [
            0.2702532035383598,
            0.317825355489418
          ],
          "mean": 0.29375537367724863,
          "median_state_mean": 0.25,
          "states": 240
        },
        "count_delta_vs_true": {
          "ci95": [
            4.761458333333334,
            5.179166666666666
          ],
          "mean": 4.970833333333333,
          "median_state_mean": 5.0,
          "states": 240
        },
        "elite_recall": {
          "ci95": [
            0.04486111111111111,
            0.051041666666666666
          ],
          "mean": 0.04791666666666667,
          "median_state_mean": 0.05,
          "states": 240
        },
        "success_precision": {
          "ci95": [
            0.18756944444444443,
            0.2436111111111111
          ],
          "mean": 0.2152777777777778,
          "median_state_mean": 0.15000000000000002,
          "states": 240
        },
        "success_recall": {
          "ci95": [
            0.0453746896783476,
            0.05871281346073988
          ],
          "mean": 0.050910957222890185,
          "median_state_mean": 0.047550597951417375,
          "states": 169
        },
        "successful_component_coverage": {
          "ci95": [
            0.21733626549732318,
            0.27856582253216866
          ],
          "mean": 0.24693340847186998,
          "median_state_mean": 0.2222222222222222,
          "states": 169
        }
      },
      "successful_true_count": {
        "ci95": [
          1.8958333333333333,
          2.3760416666666666
        ],
        "mean": 2.13125,
        "median_state_mean": 2.0,
        "states": 240
      },
      "true_count": {
        "ci95": [
          2.8875,
          3.24375
        ],
        "mean": 3.0635416666666666,
        "median_state_mean": 3.0,
        "states": 240
      }
    },
    "k20_r0.1": {
      "consensus": {
        "component_coverage": {
          "ci95": [
            0.5641009321263226,
            0.6227301277281746
          ],
          "mean": 0.5937578538359787,
          "median_state_mean": 0.625,
          "states": 240
        },
        "count_delta_vs_true": {
          "ci95": [
            -0.14583333333333334,
            0.2125
          ],
          "mean": 0.034375,
          "median_state_mean": 0.0,
          "states": 240
        },
        "elite_recall": {
          "ci95": [
            0.21878472222222223,
            0.251875
          ],
          "mean": 0.23534722222222224,
          "median_state_mean": 0.24166666666666664,
          "states": 240
        },
        "success_precision": {
          "ci95": [
            0.32260416666666664,
            0.41274305555555557
          ],
          "mean": 0.36725694444444446,
          "median_state_mean": 0.2958333333333334,
          "states": 240
        },
        "success_recall": {
          "ci95": [
            0.23590180859802123,
            0.27555873409678133
          ],
          "mean": 0.25582053829727325,
          "median_state_mean": 0.2355088224392698,
          "states": 169
        },
        "successful_component_coverage": {
          "ci95": [
            0.6343859185686108,
            0.6938964907955292
          ],
          "mean": 0.6641131304592842,
          "median_state_mean": 0.6666666666666666,
          "states": 169
        }
      },
      "k10": {
        "component_coverage": {
          "ci95": [
            0.5914605654761903,
            0.6454828972387565
          ],
          "mean": 0.6184408068783068,
          "median_state_mean": 0.6375,
          "states": 240
        },
        "count_delta_vs_true": {
          "ci95": [
            -0.31145833333333334,
            0.040625
          ],
          "mean": -0.134375,
          "median_state_mean": 0.0,
          "states": 240
        },
        "elite_recall": {
          "ci95": [
            0.2758671875,
            0.3165286458333333
          ],
          "mean": 0.2962152777777778,
          "median_state_mean": 0.29166666666666663,
          "states": 240
        },
        "success_precision": {
          "ci95": [
            0.325796875,
            0.41434288194444424
          ],
          "mean": 0.369375,
          "median_state_mean": 0.275,
          "states": 240
        },
        "success_recall": {
          "ci95": [
            0.27878255101463956,
            0.33377690900105356
          ],
          "mean": 0.305367415202452,
          "median_state_mean": 0.2748999230509852,
          "states": 169
        },
        "successful_component_coverage": {
          "ci95": [
            0.6099839450079835,
            0.6742392810181271
          ],
          "mean": 0.642244294167371,
          "median_state_mean": 0.6625,
          "states": 169
        }
      },
      "k3": {
        "component_coverage": {
          "ci95": [
            0.48777833581349206,
            0.5463492476851851
          ],
          "mean": 0.5171188822751323,
          "median_state_mean": 0.5208333333333333,
          "states": 240
        },
        "count_delta_vs_true": {
          "ci95": [
            0.15520833333333334,
            0.5322916666666667
          ],
          "mean": 0.34479166666666666,
          "median_state_mean": 0.375,
          "states": 240
        },
        "elite_recall": {
          "ci95": [
            0.1743046875,
            0.20524392361111105
          ],
          "mean": 0.18975694444444444,
          "median_state_mean": 0.18333333333333332,
          "states": 240
        },
        "success_precision": {
          "ci95": [
            0.29770833333333335,
            0.38604340277777766
          ],
          "mean": 0.3420833333333333,
          "median_state_mean": 0.24166666666666667,
          "states": 240
        },
        "success_recall": {
          "ci95": [
            0.20465394972025067,
            0.24150047344761433
          ],
          "mean": 0.22280225927923766,
          "median_state_mean": 0.2047195811809201,
          "states": 169
        },
        "successful_component_coverage": {
          "ci95": [
            0.5513800542406312,
            0.6171597633136094
          ],
          "mean": 0.584614210575749,
          "median_state_mean": 0.5833333333333334,
          "states": 169
        }
      },
      "minrank": {
        "component_coverage": {
          "ci95": [
            0.6076768766534391,
            0.658357101521164
          ],
          "mean": 0.6333122519841269,
          "median_state_mean": 0.6666666666666666,
          "states": 240
        },
        "count_delta_vs_true": {
          "ci95": [
            0.37604166666666666,
            0.834375
          ],
          "mean": 0.60625,
          "median_state_mean": 0.5,
          "states": 240
        },
        "elite_recall": {
          "ci95": [
            0.2477777777777778,
            0.27909722222222216
          ],
          "mean": 0.2632986111111111,
          "median_state_mean": 0.275,
          "states": 240
        },
        "success_precision": {
          "ci95": [
            0.3195130208333334,
            0.40819444444444447
          ],
          "mean": 0.3634027777777778,
          "median_state_mean": 0.2833333333333333,
          "states": 240
        },
        "success_recall": {
          "ci95": [
            0.2725090038103753,
            0.31924429892886663
          ],
          "mean": 0.29535969538062967,
          "median_state_mean": 0.2711481416523052,
          "states": 169
        },
        "successful_component_coverage": {
          "ci95": [
            0.6264215565417488,
            0.6870245432985818
          ],
          "mean": 0.6568528693528694,
          "median_state_mean": 0.6666666666666666,
          "states": 169
        }
      },
      "shuffle": {
        "component_coverage": {
          "ci95": [
            0.5848380456349208,
            0.6324468522652116
          ],
          "mean": 0.6087735615079365,
          "median_state_mean": 0.6041666666666666,
          "states": 240
        },
        "count_delta_vs_true": {
          "ci95": [
            4.430208333333334,
            4.767708333333333
          ],
          "mean": 4.602083333333334,
          "median_state_mean": 4.75,
          "states": 240
        },
        "elite_recall": {
          "ci95": [
            0.09638888888888889,
            0.10302083333333334
          ],
          "mean": 0.09968749999999998,
          "median_state_mean": 0.09999999999999999,
          "states": 240
        },
        "success_precision": {
          "ci95": [
            0.1863532986111111,
            0.2431258680555555
          ],
          "mean": 0.2145138888888889,
          "median_state_mean": 0.15416666666666667,
          "states": 240
        },
        "success_recall": {
          "ci95": [
            0.09314200970976391,
            0.11059956587623875
          ],
          "mean": 0.10116697602071992,
          "median_state_mean": 0.09714892654690538,
          "states": 169
        },
        "successful_component_coverage": {
          "ci95": [
            0.5617002442002442,
            0.6248110970226355
          ],
          "mean": 0.5930496853573776,
          "median_state_mean": 0.5916666666666666,
          "states": 169
        }
      },
      "successful_true_count": {
        "ci95": [
          1.4458333333333333,
          1.821875
        ],
        "mean": 1.6322916666666667,
        "median_state_mean": 1.5,
        "states": 240
      },
      "true_count": {
        "ci95": [
          2.426041666666667,
          2.6864583333333334
        ],
        "mean": 2.5541666666666667,
        "median_state_mean": 2.5,
        "states": 240
      }
    },
    "k20_r0.2": {
      "consensus": {
        "component_coverage": {
          "ci95": [
            0.7760461929563491,
            0.8207813740079365
          ],
          "mean": 0.7988864087301587,
          "median_state_mean": 0.875,
          "states": 240
        },
        "count_delta_vs_true": {
          "ci95": [
            -0.17395833333333333,
            0.0
          ],
          "mean": -0.08645833333333333,
          "median_state_mean": 0.0,
          "states": 240
        },
        "elite_recall": {
          "ci95": [
            0.34918402777777774,
            0.38791666666666663
          ],
          "mean": 0.3688020833333333,
          "median_state_mean": 0.38958333333333334,
          "states": 240
        },
        "success_precision": {
          "ci95": [
            0.2962144097222222,
            0.38109374999999995
          ],
          "mean": 0.3384201388888889,
          "median_state_mean": 0.2666666666666667,
          "states": 240
        },
        "success_recall": {
          "ci95": [
            0.39295539476549396,
            0.43812273253483675
          ],
          "mean": 0.41582563651121535,
          "median_state_mean": 0.4119892485412039,
          "states": 169
        },
        "successful_component_coverage": {
          "ci95": [
            0.8367285092044707,
            0.8801670071381611
          ],
          "mean": 0.8587994270686578,
          "median_state_mean": 0.875,
          "states": 169
        }
      },
      "k10": {
        "component_coverage": {
          "ci95": [
            0.7574105282738096,
            0.8006275421626985
          ],
          "mean": 0.7795659722222222,
          "median_state_mean": 0.8125,
          "states": 240
        },
        "count_delta_vs_true": {
          "ci95": [
            -0.03125,
            0.16770833333333332
          ],
          "mean": 0.06770833333333333,
          "median_state_mean": 0.0,
          "states": 240
        },
        "elite_recall": {
          "ci95": [
            0.40065972222222224,
            0.44265625
          ],
          "mean": 0.42203124999999997,
          "median_state_mean": 0.44166666666666665,
          "states": 240
        },
        "success_precision": {
          "ci95": [
            0.29689192708333334,
            0.3805729166666667
          ],
          "mean": 0.33848958333333334,
          "median_state_mean": 0.25416666666666665,
          "states": 240
        },
        "success_recall": {
          "ci95": [
            0.43551067643945657,
            0.49024062569221627
          ],
          "mean": 0.4624411196580503,
          "median_state_mean": 0.4536302607214857,
          "states": 169
        },
        "successful_component_coverage": {
          "ci95": [
            0.8231822050812435,
            0.8651960939701324
          ],
          "mean": 0.8442836010143702,
          "median_state_mean": 0.875,
          "states": 169
        }
      },
      "k3": {
        "component_coverage": {
          "ci95": [
            0.7819392981150792,
            0.8219991939484127
          ],
          "mean": 0.8021254960317461,
          "median_state_mean": 0.8416666666666667,
          "states": 240
        },
        "count_delta_vs_true": {
          "ci95": [
            -0.246875,
            -0.07604166666666666
          ],
          "mean": -0.16145833333333334,
          "median_state_mean": -0.25,
          "states": 240
        },
        "elite_recall": {
          "ci95": [
            0.28727343749999995,
            0.3243754340277777
          ],
          "mean": 0.30576388888888884,
          "median_state_mean": 0.3208333333333333,
          "states": 240
        },
        "success_precision": {
          "ci95": [
            0.27732552083333334,
            0.35828125
          ],
          "mean": 0.31749999999999995,
          "median_state_mean": 0.2375,
          "states": 240
        },
        "success_recall": {
          "ci95": [
            0.33586158592189863,
            0.38055274173434556
          ],
          "mean": 0.35814565196963105,
          "median_state_mean": 0.3670568955042338,
          "states": 169
        },
        "successful_component_coverage": {
          "ci95": [
            0.8243071698600546,
            0.8735760953789798
          ],
          "mean": 0.84981684981685,
          "median_state_mean": 0.875,
          "states": 169
        }
      },
      "minrank": {
        "component_coverage": {
          "ci95": [
            0.7849280753968254,
            0.8203250868055555
          ],
          "mean": 0.8027405753968253,
          "median_state_mean": 0.8333333333333334,
          "states": 240
        },
        "count_delta_vs_true": {
          "ci95": [
            -0.005208333333333333,
            0.18854166666666666
          ],
          "mean": 0.090625,
          "median_state_mean": 0.0,
          "states": 240
        },
        "elite_recall": {
          "ci95": [
            0.3669618055555555,
            0.4023441840277777
          ],
          "mean": 0.3849305555555555,
          "median_state_mean": 0.41041666666666665,
          "states": 240
        },
        "success_precision": {
          "ci95": [
            0.2947569444444444,
            0.3768233506944444
          ],
          "mean": 0.3354861111111111,
          "median_state_mean": 0.2520833333333333,
          "states": 240
        },
        "success_recall": {
          "ci95": [
            0.4215204941298922,
            0.4705633335826294
          ],
          "mean": 0.4456817476341814,
          "median_state_mean": 0.4462627333783219,
          "states": 169
        },
        "successful_component_coverage": {
          "ci95": [
            0.8318492885319807,
            0.8751071311167464
          ],
          "mean": 0.8538684605992299,
          "median_state_mean": 0.875,
          "states": 169
        }
      },
      "shuffle": {
        "component_coverage": {
          "ci95": [
            0.7564161706349206,
            0.7910988343253967
          ],
          "mean": 0.7738392857142856,
          "median_state_mean": 0.75,
          "states": 240
        },
        "count_delta_vs_true": {
          "ci95": [
            -0.07083333333333333,
            0.103125
          ],
          "mean": 0.015625,
          "median_state_mean": 0.0,
          "states": 240
        },
        "elite_recall": {
          "ci95": [
            0.19746484374999998,
            0.20383680555555556
          ],
          "mean": 0.2006423611111111,
          "median_state_mean": 0.19999999999999998,
          "states": 240
        },
        "success_precision": {
          "ci95": [
            0.18506901041666668,
            0.24010460069444442
          ],
          "mean": 0.21300347222222224,
          "median_state_mean": 0.15625,
          "states": 240
        },
        "success_recall": {
          "ci95": [
            0.18539456384955288,
            0.20726743785626148
          ],
          "mean": 0.19598495949867276,
          "median_state_mean": 0.19567901234567903,
          "states": 169
        },
        "successful_component_coverage": {
          "ci95": [
            0.8076593758805296,
            0.8503346306471307
          ],
          "mean": 0.8291654926270311,
          "median_state_mean": 0.875,
          "states": 169
        }
      },
      "successful_true_count": {
        "ci95": [
          0.8927083333333333,
          1.10625
        ],
        "mean": 0.9979166666666667,
        "median_state_mean": 1.0,
        "states": 240
      },
      "true_count": {
        "ci95": [
          1.7760416666666667,
          1.903125
        ],
        "mean": 1.8395833333333333,
        "median_state_mean": 1.75,
        "states": 240
      }
    },
    "k8_r0.05": {
      "consensus": {
        "component_coverage": {
          "ci95": [
            0.23191491089928593,
            0.2709184111605986
          ],
          "mean": 0.2515208258177008,
          "median_state_mean": 0.251984126984127,
          "states": 240
        },
        "count_delta_vs_true": {
          "ci95": [
            0.8083072916666667,
            1.5885416666666667
          ],
          "mean": 1.196875,
          "median_state_mean": 0.875,
          "states": 240
        },
        "elite_recall": {
          "ci95": [
            0.14118055555555556,
            0.16805555555555554
          ],
          "mean": 0.15451388888888887,
          "median_state_mean": 0.15,
          "states": 240
        },
        "success_precision": {
          "ci95": [
            0.3416649305555556,
            0.4365277777777778
          ],
          "mean": 0.38833333333333336,
          "median_state_mean": 0.31666666666666665,
          "states": 240
        },
        "success_recall": {
          "ci95": [
            0.1433541909764616,
            0.1759915333990844
          ],
          "mean": 0.15954662600803304,
          "median_state_mean": 0.13224554341575617,
          "states": 169
        },
        "successful_component_coverage": {
          "ci95": [
            0.2407562005370807,
            0.28704012891420433
          ],
          "mean": 0.26376394945181925,
          "median_state_mean": 0.2638888888888889,
          "states": 169
        }
      },
      "k10": {
        "component_coverage": {
          "ci95": [
            0.3049785969961751,
            0.3533088206642894
          ],
          "mean": 0.3290147844054095,
          "median_state_mean": 0.3259424603174603,
          "states": 240
        },
        "count_delta_vs_true": {
          "ci95": [
            -0.4229427083333333,
            0.24583333333333332
          ],
          "mean": -0.09479166666666666,
          "median_state_mean": -0.25,
          "states": 240
        },
        "elite_recall": {
          "ci95": [
            0.19777777777777777,
            0.23493055555555553
          ],
          "mean": 0.21604166666666663,
          "median_state_mean": 0.19999999999999998,
          "states": 240
        },
        "success_precision": {
          "ci95": [
            0.3439583333333333,
            0.4363194444444444
          ],
          "mean": 0.39013888888888887,
          "median_state_mean": 0.31666666666666665,
          "states": 240
        },
        "success_recall": {
          "ci95": [
            0.17603183205296544,
            0.2255282387053284
          ],
          "mean": 0.19993625980126883,
          "median_state_mean": 0.16326530612244897,
          "states": 169
        },
        "successful_component_coverage": {
          "ci95": [
            0.277166316281516,
            0.3395063287167577
          ],
          "mean": 0.3079167216741181,
          "median_state_mean": 0.2791666666666667,
          "states": 169
        }
      },
      "k3": {
        "component_coverage": {
          "ci95": [
            0.18124901610253172,
            0.21694730833402706
          ],
          "mean": 0.19916665510415513,
          "median_state_mean": 0.20928030303030304,
          "states": 240
        },
        "count_delta_vs_true": {
          "ci95": [
            1.3187239583333334,
            2.140625
          ],
          "mean": 1.7302083333333333,
          "median_state_mean": 1.25,
          "states": 240
        },
        "elite_recall": {
          "ci95": [
            0.11201388888888889,
            0.13666666666666666
          ],
          "mean": 0.124375,
          "median_state_mean": 0.11666666666666667,
          "states": 240
        },
        "success_precision": {
          "ci95": [
            0.31388888888888894,
            0.40673611111111113
          ],
          "mean": 0.3595833333333333,
          "median_state_mean": 0.23333333333333334,
          "states": 240
        },
        "success_recall": {
          "ci95": [
            0.12338038775068053,
            0.15358558351559426
          ],
          "mean": 0.13823468333342798,
          "median_state_mean": 0.11075679247405121,
          "states": 169
        },
        "successful_component_coverage": {
          "ci95": [
            0.20270167671332615,
            0.24761047617186663
          ],
          "mean": 0.22497379209657314,
          "median_state_mean": 0.21875,
          "states": 169
        }
      },
      "minrank": {
        "component_coverage": {
          "ci95": [
            0.28415769329050583,
            0.3274028605942668
          ],
          "mean": 0.30562142140267134,
          "median_state_mean": 0.2862599206349206,
          "states": 240
        },
        "count_delta_vs_true": {
          "ci95": [
            1.3385416666666667,
            2.1104166666666666
          ],
          "mean": 1.7208333333333334,
          "median_state_mean": 1.5,
          "states": 240
        },
        "elite_recall": {
          "ci95": [
            0.17041666666666666,
            0.19749999999999995
          ],
          "mean": 0.18395833333333333,
          "median_state_mean": 0.18333333333333332,
          "states": 240
        },
        "success_precision": {
          "ci95": [
            0.3356232638888889,
            0.42624999999999996
          ],
          "mean": 0.38090277777777776,
          "median_state_mean": 0.3,
          "states": 240
        },
        "success_recall": {
          "ci95": [
            0.1648792237632106,
            0.21006909435781038
          ],
          "mean": 0.18632889804698216,
          "median_state_mean": 0.1453121902118379,
          "states": 169
        },
        "successful_component_coverage": {
          "ci95": [
            0.27288304421717885,
            0.3288443747587607
          ],
          "mean": 0.30040999434490556,
          "median_state_mean": 0.2777777777777778,
          "states": 169
        }
      },
      "shuffle": {
        "component_coverage": {
          "ci95": [
            0.13761582037753914,
            0.16773142634275442
          ],
          "mean": 0.1524666623885374,
          "median_state_mean": 0.11976010101010101,
          "states": 240
        },
        "count_delta_vs_true": {
          "ci95": [
            5.1625,
            5.836484374999998
          ],
          "mean": 5.5,
          "median_state_mean": 5.0,
          "states": 240
        },
        "elite_recall": {
          "ci95": [
            0.04479166666666667,
            0.05111111111111111
          ],
          "mean": 0.04791666666666667,
          "median_state_mean": 0.05,
          "states": 240
        },
        "success_precision": {
          "ci95": [
            0.18749826388888888,
            0.2436111111111111
          ],
          "mean": 0.2152777777777778,
          "median_state_mean": 0.15000000000000002,
          "states": 240
        },
        "success_recall": {
          "ci95": [
            0.0453469408670469,
            0.05849921691772498
          ],
          "mean": 0.050910957222890185,
          "median_state_mean": 0.047550597951417375,
          "states": 169
        },
        "successful_component_coverage": {
          "ci95": [
            0.1033326357854834,
            0.14079094417389532
          ],
          "mean": 0.12077930698492828,
          "median_state_mean": 0.09217171717171717,
          "states": 169
        }
      },
      "successful_true_count": {
        "ci95": [
          3.834375,
          4.731276041666664
        ],
        "mean": 4.284375,
        "median_state_mean": 4.75,
        "states": 240
      },
      "true_count": {
        "ci95": [
          6.004140625,
          6.626041666666667
        ],
        "mean": 6.315625,
        "median_state_mean": 6.75,
        "states": 240
      }
    },
    "k8_r0.1": {
      "consensus": {
        "component_coverage": {
          "ci95": [
            0.3884904340909868,
            0.4352026780812971
          ],
          "mean": 0.411888744219675,
          "median_state_mean": 0.4375,
          "states": 240
        },
        "count_delta_vs_true": {
          "ci95": [
            0.6270833333333333,
            1.7291666666666667
          ],
          "mean": 1.1854166666666666,
          "median_state_mean": 1.25,
          "states": 240
        },
        "elite_recall": {
          "ci95": [
            0.21861111111111112,
            0.2521180555555555
          ],
          "mean": 0.23534722222222224,
          "median_state_mean": 0.24166666666666664,
          "states": 240
        },
        "success_precision": {
          "ci95": [
            0.3221875,
            0.41350694444444447
          ],
          "mean": 0.36725694444444446,
          "median_state_mean": 0.2958333333333334,
          "states": 240
        },
        "success_recall": {
          "ci95": [
            0.23588563585810707,
            0.27564231646328036
          ],
          "mean": 0.25582053829727325,
          "median_state_mean": 0.2355088224392698,
          "states": 169
        },
        "successful_component_coverage": {
          "ci95": [
            0.42303129304364,
            0.47684859319053363
          ],
          "mean": 0.45030534897644975,
          "median_state_mean": 0.46153846153846156,
          "states": 169
        }
      },
      "k10": {
        "component_coverage": {
          "ci95": [
            0.4169661050683206,
            0.4642967084050827
          ],
          "mean": 0.4408142962576497,
          "median_state_mean": 0.45388257575757573,
          "states": 240
        },
        "count_delta_vs_true": {
          "ci95": [
            -0.902109375,
            0.10729166666666666
          ],
          "mean": -0.39479166666666665,
          "median_state_mean": -0.5,
          "states": 240
        },
        "elite_recall": {
          "ci95": [
            0.27586805555555555,
            0.3167361111111111
          ],
          "mean": 0.2962152777777778,
          "median_state_mean": 0.29166666666666663,
          "states": 240
        },
        "success_precision": {
          "ci95": [
            0.3252421875,
            0.4138203124999999
          ],
          "mean": 0.369375,
          "median_state_mean": 0.275,
          "states": 240
        },
        "success_recall": {
          "ci95": [
            0.2785517070655269,
            0.3337019018103735
          ],
          "mean": 0.305367415202452,
          "median_state_mean": 0.2748999230509852,
          "states": 169
        },
        "successful_component_coverage": {
          "ci95": [
            0.4377389548074733,
            0.49835911673671945
          ],
          "mean": 0.4677654788443529,
          "median_state_mean": 0.4791666666666667,
          "states": 169
        }
      },
      "k3": {
        "component_coverage": {
          "ci95": [
            0.32148523754602326,
            0.36538891259214945
          ],
          "mean": 0.343610206648858,
          "median_state_mean": 0.34922542735042733,
          "states": 240
        },
        "count_delta_vs_true": {
          "ci95": [
            1.6530989583333333,
            2.8239843749999975
          ],
          "mean": 2.2427083333333333,
          "median_state_mean": 2.125,
          "states": 240
        },
        "elite_recall": {
          "ci95": [
            0.17427083333333332,
            0.2053480902777777
          ],
          "mean": 0.18975694444444444,
          "median_state_mean": 0.18333333333333332,
          "states": 240
        },
        "success_precision": {
          "ci95": [
            0.2984713541666667,
            0.3857647569444444
          ],
          "mean": 0.3420833333333333,
          "median_state_mean": 0.24166666666666667,
          "states": 240
        },
        "success_recall": {
          "ci95": [
            0.20407190016401625,
            0.24154834040904022
          ],
          "mean": 0.22280225927923766,
          "median_state_mean": 0.2047195811809201,
          "states": 169
        },
        "successful_component_coverage": {
          "ci95": [
            0.36905317822282513,
            0.422291711981801
          ],
          "mean": 0.3954140856282162,
          "median_state_mean": 0.4027777777777778,
          "states": 169
        }
      },
      "minrank": {
        "component_coverage": {
          "ci95": [
            0.4129755727454305,
            0.45406249203958665
          ],
          "mean": 0.43347593570806126,
          "median_state_mean": 0.44463141025641023,
          "states": 240
        },
        "count_delta_vs_true": {
          "ci95": [
            1.5802083333333334,
            2.74375
          ],
          "mean": 2.158333333333333,
          "median_state_mean": 2.0,
          "states": 240
        },
        "elite_recall": {
          "ci95": [
            0.2477777777777778,
            0.2788194444444444
          ],
          "mean": 0.2632986111111111,
          "median_state_mean": 0.275,
          "states": 240
        },
        "success_precision": {
          "ci95": [
            0.3196180555555556,
            0.40822916666666664
          ],
          "mean": 0.3634027777777778,
          "median_state_mean": 0.2833333333333333,
          "states": 240
        },
        "success_recall": {
          "ci95": [
            0.27240046873542223,
            0.3198264773354727
          ],
          "mean": 0.29535969538062967,
          "median_state_mean": 0.2711481416523052,
          "states": 169
        },
        "successful_component_coverage": {
          "ci95": [
            0.44234382502441544,
            0.4966252952104265
          ],
          "mean": 0.4692638569503711,
          "median_state_mean": 0.46818181818181814,
          "states": 169
        }
      },
      "shuffle": {
        "component_coverage": {
          "ci95": [
            0.30393484409523314,
            0.337808151140391
          ],
          "mean": 0.32069865820131876,
          "median_state_mean": 0.30084033613445377,
          "states": 240
        },
        "count_delta_vs_true": {
          "ci95": [
            9.725,
            10.609375
          ],
          "mean": 10.164583333333333,
          "median_state_mean": 10.0,
          "states": 240
        },
        "elite_recall": {
          "ci95": [
            0.09642361111111111,
            0.1029861111111111
          ],
          "mean": 0.09968749999999998,
          "median_state_mean": 0.09999999999999999,
          "states": 240
        },
        "success_precision": {
          "ci95": [
            0.18676996527777776,
            0.24305555555555552
          ],
          "mean": 0.2145138888888889,
          "median_state_mean": 0.15416666666666667,
          "states": 240
        },
        "success_recall": {
          "ci95": [
            0.09319179332714458,
            0.11057921244831018
          ],
          "mean": 0.10116697602071992,
          "median_state_mean": 0.09714892654690538,
          "states": 169
        },
        "successful_component_coverage": {
          "ci95": [
            0.2955749429070601,
            0.34181514790857015
          ],
          "mean": 0.31813096710450933,
          "median_state_mean": 0.29259259259259257,
          "states": 169
        }
      },
      "successful_true_count": {
        "ci95": [
          4.476041666666666,
          5.619791666666667
        ],
        "mean": 5.039583333333334,
        "median_state_mean": 4.75,
        "states": 240
      },
      "true_count": {
        "ci95": [
          7.240625,
          8.072916666666666
        ],
        "mean": 7.653125,
        "median_state_mean": 7.625,
        "states": 240
      }
    },
    "k8_r0.2": {
      "consensus": {
        "component_coverage": {
          "ci95": [
            0.5659526048780474,
            0.6085381715681003
          ],
          "mean": 0.5875538832011356,
          "median_state_mean": 0.6058035714285714,
          "states": 240
        },
        "count_delta_vs_true": {
          "ci95": [
            0.13851562500000003,
            1.0896093749999978
          ],
          "mean": 0.615625,
          "median_state_mean": 0.75,
          "states": 240
        },
        "elite_recall": {
          "ci95": [
            0.3490625,
            0.3881770833333333
          ],
          "mean": 0.3688020833333333,
          "median_state_mean": 0.38958333333333334,
          "states": 240
        },
        "success_precision": {
          "ci95": [
            0.2962152777777778,
            0.38100737847222216
          ],
          "mean": 0.3384201388888889,
          "median_state_mean": 0.2666666666666667,
          "states": 240
        },
        "success_recall": {
          "ci95": [
            0.3935325406064788,
            0.4381094849290372
          ],
          "mean": 0.41582563651121535,
          "median_state_mean": 0.4119892485412039,
          "states": 169
        },
        "successful_component_coverage": {
          "ci95": [
            0.6401973453749846,
            0.6870721433708944
          ],
          "mean": 0.663651905211308,
          "median_state_mean": 0.6666666666666666,
          "states": 169
        }
      },
      "k10": {
        "component_coverage": {
          "ci95": [
            0.5457705194828508,
            0.5867056494350055
          ],
          "mean": 0.5663844338719775,
          "median_state_mean": 0.5714285714285714,
          "states": 240
        },
        "count_delta_vs_true": {
          "ci95": [
            -0.8302083333333333,
            0.09273437499999773
          ],
          "mean": -0.3697916666666667,
          "median_state_mean": -0.5,
          "states": 240
        },
        "elite_recall": {
          "ci95": [
            0.4007981770833333,
            0.44283029513888883
          ],
          "mean": 0.42203124999999997,
          "median_state_mean": 0.44166666666666665,
          "states": 240
        },
        "success_precision": {
          "ci95": [
            0.2976731770833333,
            0.37984418402777775
          ],
          "mean": 0.33848958333333334,
          "median_state_mean": 0.25416666666666665,
          "states": 240
        },
        "success_recall": {
          "ci95": [
            0.4353896992309626,
            0.4897699430357337
          ],
          "mean": 0.4624411196580503,
          "median_state_mean": 0.4536302607214857,
          "states": 169
        },
        "successful_component_coverage": {
          "ci95": [
            0.6190121506670004,
            0.6732461864989813
          ],
          "mean": 0.6460566589283706,
          "median_state_mean": 0.6416666666666666,
          "states": 169
        }
      },
      "k3": {
        "component_coverage": {
          "ci95": [
            0.547946524507162,
            0.5863333969725647
          ],
          "mean": 0.5672191554584405,
          "median_state_mean": 0.5839285714285715,
          "states": 240
        },
        "count_delta_vs_true": {
          "ci95": [
            1.1854166666666666,
            2.2062760416666642
          ],
          "mean": 1.6875,
          "median_state_mean": 1.75,
          "states": 240
        },
        "elite_recall": {
          "ci95": [
            0.2872738715277777,
            0.3242018229166666
          ],
          "mean": 0.30576388888888884,
          "median_state_mean": 0.3208333333333333,
          "states": 240
        },
        "success_precision": {
          "ci95": [
            0.2778294270833333,
            0.3588020833333333
          ],
          "mean": 0.31749999999999995,
          "median_state_mean": 0.2375,
          "states": 240
        },
        "success_recall": {
          "ci95": [
            0.3353670770360545,
            0.38017202638296027
          ],
          "mean": 0.35814565196963105,
          "median_state_mean": 0.3670568955042338,
          "states": 169
        },
        "successful_component_coverage": {
          "ci95": [
            0.6303626056372403,
            0.6753885643437284
          ],
          "mean": 0.6529992699732633,
          "median_state_mean": 0.6626984126984127,
          "states": 169
        }
      },
      "minrank": {
        "component_coverage": {
          "ci95": [
            0.5615124345184632,
            0.5960746174272109
          ],
          "mean": 0.5789598924288358,
          "median_state_mean": 0.5721726190476191,
          "states": 240
        },
        "count_delta_vs_true": {
          "ci95": [
            1.1822916666666667,
            2.3
          ],
          "mean": 1.740625,
          "median_state_mean": 1.5,
          "states": 240
        },
        "elite_recall": {
          "ci95": [
            0.3671527777777778,
            0.40269140624999994
          ],
          "mean": 0.3849305555555555,
          "median_state_mean": 0.41041666666666665,
          "states": 240
        },
        "success_precision": {
          "ci95": [
            0.29463498263888893,
            0.3777087673611111
          ],
          "mean": 0.3354861111111111,
          "median_state_mean": 0.2520833333333333,
          "states": 240
        },
        "success_recall": {
          "ci95": [
            0.42218807996503926,
            0.47050402929147783
          ],
          "mean": 0.4456817476341814,
          "median_state_mean": 0.4462627333783219,
          "states": 169
        },
        "successful_component_coverage": {
          "ci95": [
            0.6349843815336759,
            0.6821364458687248
          ],
          "mean": 0.6586125721709744,
          "median_state_mean": 0.6538461538461539,
          "states": 169
        }
      },
      "shuffle": {
        "component_coverage": {
          "ci95": [
            0.45094979657756606,
            0.4773323315949634
          ],
          "mean": 0.46420342187732866,
          "median_state_mean": 0.4497377622377622,
          "states": 240
        },
        "count_delta_vs_true": {
          "ci95": [
            11.180208333333333,
            11.942708333333334
          ],
          "mean": 11.563541666666667,
          "median_state_mean": 12.0,
          "states": 240
        },
        "elite_recall": {
          "ci95": [
            0.19746527777777778,
            0.20387196180555556
          ],
          "mean": 0.2006423611111111,
          "median_state_mean": 0.19999999999999998,
          "states": 240
        },
        "success_precision": {
          "ci95": [
            0.18532942708333333,
            0.24175390624999996
          ],
          "mean": 0.21300347222222224,
          "median_state_mean": 0.15625,
          "states": 240
        },
        "success_recall": {
          "ci95": [
            0.18539874782914675,
            0.2072025038938694
          ],
          "mean": 0.19598495949867276,
          "median_state_mean": 0.19567901234567903,
          "states": 169
        },
        "successful_component_coverage": {
          "ci95": [
            0.5294655480121456,
            0.5795223863970099
          ],
          "mean": 0.553973806627884,
          "median_state_mean": 0.5270833333333333,
          "states": 169
        }
      },
      "successful_true_count": {
        "ci95": [
          3.5166666666666666,
          4.515651041666664
        ],
        "mean": 4.008333333333334,
        "median_state_mean": 3.75,
        "states": 240
      },
      "true_count": {
        "ci95": [
          6.541666666666667,
          7.208333333333333
        ],
        "mean": 6.871875,
        "median_state_mean": 6.5,
        "states": 240
      }
    }
  },
  "elite_for_basis": 30,
  "folds": 4,
  "geometry": "correction",
  "max_k3_recompute_mismatch": 36.40235900878906,
  "neighbors": [
    8,
    12,
    20
  ],
  "num_rounds": 4,
  "num_states": 240,
  "persistence": {
    "k12_p0.05": {
      "consensus": {
        "count": {
          "ci95": [
            8.48125,
            8.914583333333333
          ],
          "mean": 8.694791666666667,
          "median_state_mean": 8.5,
          "states": 240
        },
        "count_delta_vs_true": {
          "ci95": [
            -0.06044270833333331,
            0.7104166666666667
          ],
          "mean": 0.328125,
          "median_state_mean": 0.5,
          "states": 240
        },
        "fidelity_vs_shuffle": 0.5092085181353521,
        "persistence_l1": {
          "ci95": [
            0.002123356072639009,
            0.002345448806501045
          ],
          "mean": 0.0022331265869509286,
          "median_state_mean": 0.0020749208621827497,
          "states": 240
        }
      },
      "k10": {
        "count": {
          "ci95": [
            8.003125,
            8.486458333333333
          ],
          "mean": 8.24375,
          "median_state_mean": 8.25,
          "states": 240
        },
        "count_delta_vs_true": {
          "ci95": [
            -0.49895833333333334,
            0.26458333333333334
          ],
          "mean": -0.12291666666666666,
          "median_state_mean": -0.5,
          "states": 240
        },
        "fidelity_vs_shuffle": 0.5157666424247391,
        "persistence_l1": {
          "ci95": [
            0.00208200504841482,
            0.0023310010863972436
          ],
          "mean": 0.0022032867827727503,
          "median_state_mean": 0.0019518797328888942,
          "states": 240
        }
      },
      "k3": {
        "count": {
          "ci95": [
            8.915625,
            9.385416666666666
          ],
          "mean": 9.15,
          "median_state_mean": 9.0,
          "states": 240
        },
        "count_delta_vs_true": {
          "ci95": [
            0.3854166666666667,
            1.175
          ],
          "mean": 0.7833333333333333,
          "median_state_mean": 0.75,
          "states": 240
        },
        "fidelity_vs_shuffle": 0.488724942894896,
        "persistence_l1": {
          "ci95": [
            0.0022147945073321324,
            0.002442880253017304
          ],
          "mean": 0.0023263279120666063,
          "median_state_mean": 0.002094495587297681,
          "states": 240
        }
      },
      "minrank": {
        "count": {
          "ci95": [
            9.363541666666666,
            9.859375
          ],
          "mean": 9.608333333333333,
          "median_state_mean": 9.5,
          "states": 240
        },
        "count_delta_vs_true": {
          "ci95": [
            0.8208072916666667,
            1.665625
          ],
          "mean": 1.2416666666666667,
          "median_state_mean": 1.0,
          "states": 240
        },
        "fidelity_vs_shuffle": 0.43812674772347815,
        "persistence_l1": {
          "ci95": [
            0.0024107305147593426,
            0.002711905138085704
          ],
          "mean": 0.002556552312986805,
          "median_state_mean": 0.002171396293106341,
          "states": 240
        }
      },
      "shuffle": {
        "count": {
          "ci95": [
            14.513541666666667,
            14.771875
          ],
          "mean": 14.64375,
          "median_state_mean": 14.75,
          "states": 240
        },
        "count_delta_vs_true": {
          "ci95": [
            5.971875,
            6.58125
          ],
          "mean": 6.277083333333334,
          "median_state_mean": 6.5,
          "states": 240
        },
        "fidelity_vs_shuffle": 0.0,
        "persistence_l1": {
          "ci95": [
            0.004417315778533424,
            0.004683102095241292
          ],
          "mean": 0.004550051639989113,
          "median_state_mean": 0.004587476650149327,
          "states": 240
        }
      },
      "true_count": {
        "ci95": [
          8.103125,
          8.634375
        ],
        "mean": 8.366666666666667,
        "median_state_mean": 8.5,
        "states": 240
      }
    },
    "k12_p0.1": {
      "consensus": {
        "count": {
          "ci95": [
            4.621875,
            5.001041666666667
          ],
          "mean": 4.809375,
          "median_state_mean": 4.75,
          "states": 240
        },
        "count_delta_vs_true": {
          "ci95": [
            -0.234375,
            0.41981770833333104
          ],
          "mean": 0.09270833333333334,
          "median_state_mean": 0.0,
          "states": 240
        },
        "fidelity_vs_shuffle": 0.5092085181353521,
        "persistence_l1": {
          "ci95": [
            0.00212402079767937,
            0.0023454715271641257
          ],
          "mean": 0.0022331265869509286,
          "median_state_mean": 0.0020749208621827497,
          "states": 240
        }
      },
      "k10": {
        "count": {
          "ci95": [
            4.442708333333333,
            4.852083333333334
          ],
          "mean": 4.644791666666666,
          "median_state_mean": 4.5,
          "states": 240
        },
        "count_delta_vs_true": {
          "ci95": [
            -0.40208333333333335,
            0.26145833333333335
          ],
          "mean": -0.071875,
          "median_state_mean": -0.25,
          "states": 240
        },
        "fidelity_vs_shuffle": 0.5157666424247391,
        "persistence_l1": {
          "ci95": [
            0.0020813292543334716,
            0.002333179065856832
          ],
          "mean": 0.0022032867827727503,
          "median_state_mean": 0.0019518797328888942,
          "states": 240
        }
      },
      "k3": {
        "count": {
          "ci95": [
            5.009375,
            5.427083333333333
          ],
          "mean": 5.217708333333333,
          "median_state_mean": 5.125,
          "states": 240
        },
        "count_delta_vs_true": {
          "ci95": [
            0.15208333333333332,
            0.8541666666666666
          ],
          "mean": 0.5010416666666667,
          "median_state_mean": 0.5,
          "states": 240
        },
        "fidelity_vs_shuffle": 0.488724942894896,
        "persistence_l1": {
          "ci95": [
            0.002214658183353654,
            0.002444128141743381
          ],
          "mean": 0.0023263279120666063,
          "median_state_mean": 0.002094495587297681,
          "states": 240
        }
      },
      "minrank": {
        "count": {
          "ci95": [
            5.636458333333334,
            6.09794270833333
          ],
          "mean": 5.866666666666666,
          "median_state_mean": 5.75,
          "states": 240
        },
        "count_delta_vs_true": {
          "ci95": [
            0.7677083333333333,
            1.5375
          ],
          "mean": 1.15,
          "median_state_mean": 1.0,
          "states": 240
        },
        "fidelity_vs_shuffle": 0.43812674772347815,
        "persistence_l1": {
          "ci95": [
            0.0024089885972565558,
            0.0027134440260735337
          ],
          "mean": 0.002556552312986805,
          "median_state_mean": 0.002171396293106341,
          "states": 240
        }
      },
      "shuffle": {
        "count": {
          "ci95": [
            10.745833333333334,
            10.998958333333333
          ],
          "mean": 10.871875,
          "median_state_mean": 11.0,
          "states": 240
        },
        "count_delta_vs_true": {
          "ci95": [
            5.890625,
            6.419791666666667
          ],
          "mean": 6.155208333333333,
          "median_state_mean": 6.25,
          "states": 240
        },
        "fidelity_vs_shuffle": 0.0,
        "persistence_l1": {
          "ci95": [
            0.004417310535303484,
            0.004684384064961987
          ],
          "mean": 0.004550051639989113,
          "median_state_mean": 0.004587476650149327,
          "states": 240
        }
      },
      "true_count": {
        "ci95": [
          4.490625,
          4.947916666666667
        ],
        "mean": 4.716666666666667,
        "median_state_mean": 4.75,
        "states": 240
      }
    },
    "k12_p0.2": {
      "consensus": {
        "count": {
          "ci95": [
            1.2666666666666666,
            1.4677083333333334
          ],
          "mean": 1.365625,
          "median_state_mean": 1.25,
          "states": 240
        },
        "count_delta_vs_true": {
          "ci95": [
            -0.24895833333333334,
            0.07291666666666667
          ],
          "mean": -0.08645833333333333,
          "median_state_mean": -0.25,
          "states": 240
        },
        "fidelity_vs_shuffle": 0.5092085181353521,
        "persistence_l1": {
          "ci95": [
            0.0021227388279586733,
            0.0023476413504882497
          ],
          "mean": 0.0022331265869509286,
          "median_state_mean": 0.0020749208621827497,
          "states": 240
        }
      },
      "k10": {
        "count": {
          "ci95": [
            1.2666666666666666,
            1.4927083333333333
          ],
          "mean": 1.378125,
          "median_state_mean": 1.25,
          "states": 240
        },
        "count_delta_vs_true": {
          "ci95": [
            -0.25104166666666666,
            0.10208333333333333
          ],
          "mean": -0.07395833333333333,
          "median_state_mean": 0.0,
          "states": 240
        },
        "fidelity_vs_shuffle": 0.5157666424247391,
        "persistence_l1": {
          "ci95": [
            0.0020807306522484838,
            0.0023295691020421092
          ],
          "mean": 0.0022032867827727503,
          "median_state_mean": 0.0019518797328888942,
          "states": 240
        }
      },
      "k3": {
        "count": {
          "ci95": [
            1.3677083333333333,
            1.578125
          ],
          "mean": 1.4708333333333334,
          "median_state_mean": 1.25,
          "states": 240
        },
        "count_delta_vs_true": {
          "ci95": [
            -0.15208333333333332,
            0.190625
          ],
          "mean": 0.01875,
          "median_state_mean": 0.0,
          "states": 240
        },
        "fidelity_vs_shuffle": 0.488724942894896,
        "persistence_l1": {
          "ci95": [
            0.0022162299871738944,
            0.002442460794621984
          ],
          "mean": 0.0023263279120666063,
          "median_state_mean": 0.002094495587297681,
          "states": 240
        }
      },
      "minrank": {
        "count": {
          "ci95": [
            1.7197916666666666,
            1.9885416666666667
          ],
          "mean": 1.853125,
          "median_state_mean": 1.5,
          "states": 240
        },
        "count_delta_vs_true": {
          "ci95": [
            0.196875,
            0.6021093749999977
          ],
          "mean": 0.4010416666666667,
          "median_state_mean": 0.25,
          "states": 240
        },
        "fidelity_vs_shuffle": 0.43812674772347815,
        "persistence_l1": {
          "ci95": [
            0.002410264158585101,
            0.002713723082422642
          ],
          "mean": 0.002556552312986805,
          "median_state_mean": 0.002171396293106341,
          "states": 240
        }
      },
      "shuffle": {
        "count": {
          "ci95": [
            4.489583333333333,
            4.701041666666667
          ],
          "mean": 4.595833333333333,
          "median_state_mean": 4.5,
          "states": 240
        },
        "count_delta_vs_true": {
          "ci95": [
            2.9854166666666666,
            3.3
          ],
          "mean": 3.14375,
          "median_state_mean": 3.25,
          "states": 240
        },
        "fidelity_vs_shuffle": 0.0,
        "persistence_l1": {
          "ci95": [
            0.004417243829767005,
            0.00468425793615284
          ],
          "mean": 0.004550051639989113,
          "median_state_mean": 0.004587476650149327,
          "states": 240
        }
      },
      "true_count": {
        "ci95": [
          1.3385416666666667,
          1.5729166666666667
        ],
        "mean": 1.4520833333333334,
        "median_state_mean": 1.25,
        "states": 240
      }
    },
    "k20_p0.05": {
      "consensus": {
        "count": {
          "ci95": [
            2.9208333333333334,
            3.196875
          ],
          "mean": 3.059375,
          "median_state_mean": 3.0,
          "states": 240
        },
        "count_delta_vs_true": {
          "ci95": [
            -0.29375,
            0.15625
          ],
          "mean": -0.06666666666666667,
          "median_state_mean": 0.0,
          "states": 240
        },
        "fidelity_vs_shuffle": 0.48375554340562543,
        "persistence_l1": {
          "ci95": [
            0.0009401227801329592,
            0.0010406538494163004
          ],
          "mean": 0.0009901431937748644,
          "median_state_mean": 0.0009060301338911198,
          "states": 240
        }
      },
      "k10": {
        "count": {
          "ci95": [
            2.8676822916666667,
            3.16875
          ],
          "mean": 3.01875,
          "median_state_mean": 2.75,
          "states": 240
        },
        "count_delta_vs_true": {
          "ci95": [
            -0.328125,
            0.1125
          ],
          "mean": -0.10729166666666666,
          "median_state_mean": -0.25,
          "states": 240
        },
        "fidelity_vs_shuffle": 0.4807059109410121,
        "persistence_l1": {
          "ci95": [
            0.0009447601257256631,
            0.0010503940229042927
          ],
          "mean": 0.0009959923080651596,
          "median_state_mean": 0.0008696770729633897,
          "states": 240
        }
      },
      "k3": {
        "count": {
          "ci95": [
            3.120833333333333,
            3.409375
          ],
          "mean": 3.263541666666667,
          "median_state_mean": 3.25,
          "states": 240
        },
        "count_delta_vs_true": {
          "ci95": [
            -0.10208333333333333,
            0.37604166666666666
          ],
          "mean": 0.1375,
          "median_state_mean": 0.25,
          "states": 240
        },
        "fidelity_vs_shuffle": 0.4750561934268879,
        "persistence_l1": {
          "ci95": [
            0.0009578213028004906,
            0.001057897667531683
          ],
          "mean": 0.0010068283166109254,
          "median_state_mean": 0.0008920481873804544,
          "states": 240
        }
      },
      "minrank": {
        "count": {
          "ci95": [
            3.582291666666667,
            3.9135416666666667
          ],
          "mean": 3.746875,
          "median_state_mean": 3.5,
          "states": 240
        },
        "count_delta_vs_true": {
          "ci95": [
            0.36976562500000004,
            0.8729166666666667
          ],
          "mean": 0.6208333333333333,
          "median_state_mean": 0.5,
          "states": 240
        },
        "fidelity_vs_shuffle": 0.4158374339347549,
        "persistence_l1": {
          "ci95": [
            0.0010606110390264092,
            0.0011823273788883792
          ],
          "mean": 0.0011204083287658974,
          "median_state_mean": 0.0010192839006275096,
          "states": 240
        }
      },
      "shuffle": {
        "count": {
          "ci95": [
            7.228125,
            7.434375
          ],
          "mean": 7.33125,
          "median_state_mean": 7.25,
          "states": 240
        },
        "count_delta_vs_true": {
          "ci95": [
            4.019791666666666,
            4.389583333333333
          ],
          "mean": 4.205208333333333,
          "median_state_mean": 4.25,
          "states": 240
        },
        "fidelity_vs_shuffle": 0.0,
        "persistence_l1": {
          "ci95": [
            0.0018615910220057194,
            0.0019758820743988694
          ],
          "mean": 0.0019179735126005303,
          "median_state_mean": 0.0018763772217313007,
          "states": 240
        }
      },
      "true_count": {
        "ci95": [
          2.972916666666667,
          3.2802083333333334
        ],
        "mean": 3.1260416666666666,
        "median_state_mean": 3.0,
        "states": 240
      }
    },
    "k20_p0.1": {
      "consensus": {
        "count": {
          "ci95": [
            1.065625,
            1.2364583333333334
          ],
          "mean": 1.15,
          "median_state_mean": 1.0,
          "states": 240
        },
        "count_delta_vs_true": {
          "ci95": [
            -0.303125,
            -0.028125
          ],
          "mean": -0.16666666666666666,
          "median_state_mean": -0.25,
          "states": 240
        },
        "fidelity_vs_shuffle": 0.48375554340562543,
        "persistence_l1": {
          "ci95": [
            0.0009410179160001939,
            0.0010400246618233204
          ],
          "mean": 0.0009901431937748644,
          "median_state_mean": 0.0009060301338911198,
          "states": 240
        }
      },
      "k10": {
        "count": {
          "ci95": [
            1.2239583333333333,
            1.4166666666666667
          ],
          "mean": 1.3197916666666667,
          "median_state_mean": 1.25,
          "states": 240
        },
        "count_delta_vs_true": {
          "ci95": [
            -0.13645833333333332,
            0.13854166666666667
          ],
          "mean": 0.003125,
          "median_state_mean": 0.0,
          "states": 240
        },
        "fidelity_vs_shuffle": 0.4807059109410121,
        "persistence_l1": {
          "ci95": [
            0.0009431635622084764,
            0.0010491248699678974
          ],
          "mean": 0.0009959923080651596,
          "median_state_mean": 0.0008696770729633897,
          "states": 240
        }
      },
      "k3": {
        "count": {
          "ci95": [
            1.125,
            1.3041666666666667
          ],
          "mean": 1.2135416666666667,
          "median_state_mean": 1.0,
          "states": 240
        },
        "count_delta_vs_true": {
          "ci95": [
            -0.24166666666666667,
            0.040625
          ],
          "mean": -0.103125,
          "median_state_mean": 0.0,
          "states": 240
        },
        "fidelity_vs_shuffle": 0.4750561934268879,
        "persistence_l1": {
          "ci95": [
            0.0009578326631320307,
            0.0010578513523338664
          ],
          "mean": 0.0010068283166109254,
          "median_state_mean": 0.0008920481873804544,
          "states": 240
        }
      },
      "minrank": {
        "count": {
          "ci95": [
            1.509375,
            1.754192708333331
          ],
          "mean": 1.6291666666666667,
          "median_state_mean": 1.5,
          "states": 240
        },
        "count_delta_vs_true": {
          "ci95": [
            0.14270833333333333,
            0.4864583333333333
          ],
          "mean": 0.3125,
          "median_state_mean": 0.25,
          "states": 240
        },
        "fidelity_vs_shuffle": 0.4158374339347549,
        "persistence_l1": {
          "ci95": [
            0.0010609961251365567,
            0.001182616921697371
          ],
          "mean": 0.0011204083287658974,
          "median_state_mean": 0.0010192839006275096,
          "states": 240
        }
      },
      "shuffle": {
        "count": {
          "ci95": [
            3.9208333333333334,
            4.090625
          ],
          "mean": 4.005208333333333,
          "median_state_mean": 4.0,
          "states": 240
        },
        "count_delta_vs_true": {
          "ci95": [
            2.5541666666666667,
            2.8208333333333333
          ],
          "mean": 2.6885416666666666,
          "median_state_mean": 2.75,
          "states": 240
        },
        "fidelity_vs_shuffle": 0.0,
        "persistence_l1": {
          "ci95": [
            0.0018621016543439112,
            0.0019745890356371856
          ],
          "mean": 0.0019179735126005303,
          "median_state_mean": 0.0018763772217313007,
          "states": 240
        }
      },
      "true_count": {
        "ci95": [
          1.2166666666666666,
          1.4177083333333333
        ],
        "mean": 1.3166666666666667,
        "median_state_mean": 1.25,
        "states": 240
      }
    },
    "k20_p0.2": {
      "consensus": {
        "count": {
          "ci95": [
            0.16770833333333332,
            0.22708333333333333
          ],
          "mean": 0.196875,
          "median_state_mean": 0.25,
          "states": 240
        },
        "count_delta_vs_true": {
          "ci95": [
            -0.13958333333333334,
            -0.042708333333333334
          ],
          "mean": -0.090625,
          "median_state_mean": 0.0,
          "states": 240
        },
        "fidelity_vs_shuffle": 0.48375554340562543,
        "persistence_l1": {
          "ci95": [
            0.0009413342575399976,
            0.0010408629960328556
          ],
          "mean": 0.0009901431937748644,
          "median_state_mean": 0.0009060301338911198,
          "states": 240
        }
      },
      "k10": {
        "count": {
          "ci95": [
            0.23958333333333334,
            0.31875
          ],
          "mean": 0.278125,
          "median_state_mean": 0.25,
          "states": 240
        },
        "count_delta_vs_true": {
          "ci95": [
            -0.06458333333333334,
            0.046875
          ],
          "mean": -0.009375,
          "median_state_mean": 0.0,
          "states": 240
        },
        "fidelity_vs_shuffle": 0.4807059109410121,
        "persistence_l1": {
          "ci95": [
            0.0009436645819584418,
            0.0010507898867648758
          ],
          "mean": 0.0009959923080651596,
          "median_state_mean": 0.0008696770729633897,
          "states": 240
        }
      },
      "k3": {
        "count": {
          "ci95": [
            0.159375,
            0.21666666666666667
          ],
          "mean": 0.1875,
          "median_state_mean": 0.25,
          "states": 240
        },
        "count_delta_vs_true": {
          "ci95": [
            -0.146875,
            -0.053125
          ],
          "mean": -0.1,
          "median_state_mean": 0.0,
          "states": 240
        },
        "fidelity_vs_shuffle": 0.4750561934268879,
        "persistence_l1": {
          "ci95": [
            0.0009593820375797437,
            0.0010590520519904697
          ],
          "mean": 0.0010068283166109254,
          "median_state_mean": 0.0008920481873804544,
          "states": 240
        }
      },
      "minrank": {
        "count": {
          "ci95": [
            0.23854166666666668,
            0.31979166666666664
          ],
          "mean": 0.278125,
          "median_state_mean": 0.25,
          "states": 240
        },
        "count_delta_vs_true": {
          "ci95": [
            -0.06666666666666667,
            0.04895833333333333
          ],
          "mean": -0.009375,
          "median_state_mean": 0.0,
          "states": 240
        },
        "fidelity_vs_shuffle": 0.4158374339347549,
        "persistence_l1": {
          "ci95": [
            0.0010597496928632418,
            0.0011812781503189745
          ],
          "mean": 0.0011204083287658974,
          "median_state_mean": 0.0010192839006275096,
          "states": 240
        }
      },
      "shuffle": {
        "count": {
          "ci95": [
            0.32083333333333336,
            0.4
          ],
          "mean": 0.359375,
          "median_state_mean": 0.25,
          "states": 240
        },
        "count_delta_vs_true": {
          "ci95": [
            0.016666666666666666,
            0.12708333333333333
          ],
          "mean": 0.071875,
          "median_state_mean": 0.0,
          "states": 240
        },
        "fidelity_vs_shuffle": 0.0,
        "persistence_l1": {
          "ci95": [
            0.0018613466292323353,
            0.001975684288113854
          ],
          "mean": 0.0019179735126005303,
          "median_state_mean": 0.0018763772217313007,
          "states": 240
        }
      },
      "true_count": {
        "ci95": [
          0.25104166666666666,
          0.3260416666666667
        ],
        "mean": 0.2875,
        "median_state_mean": 0.25,
        "states": 240
      }
    },
    "k8_p0.05": {
      "consensus": {
        "count": {
          "ci95": [
            16.345833333333335,
            16.895833333333332
          ],
          "mean": 16.619791666666668,
          "median_state_mean": 16.5,
          "states": 240
        },
        "count_delta_vs_true": {
          "ci95": [
            0.6270833333333333,
            1.5791666666666666
          ],
          "mean": 1.103125,
          "median_state_mean": 1.0,
          "states": 240
        },
        "fidelity_vs_shuffle": 0.5428188559239262,
        "persistence_l1": {
          "ci95": [
            0.0038800577361177914,
            0.004311578181918174
          ],
          "mean": 0.004090453406561448,
          "median_state_mean": 0.003699623046722073,
          "states": 240
        }
      },
      "k10": {
        "count": {
          "ci95": [
            15.432291666666666,
            16.067708333333332
          ],
          "mean": 15.748958333333333,
          "median_state_mean": 15.75,
          "states": 240
        },
        "count_delta_vs_true": {
          "ci95": [
            -0.246875,
            0.715625
          ],
          "mean": 0.23229166666666667,
          "median_state_mean": 0.25,
          "states": 240
        },
        "fidelity_vs_shuffle": 0.558188324829467,
        "persistence_l1": {
          "ci95": [
            0.003726538002464551,
            0.004191554822746204
          ],
          "mean": 0.003952940962629053,
          "median_state_mean": 0.0034884956544110244,
          "states": 240
        }
      },
      "k3": {
        "count": {
          "ci95": [
            16.834375,
            17.408333333333335
          ],
          "mean": 17.11875,
          "median_state_mean": 17.0,
          "states": 240
        },
        "count_delta_vs_true": {
          "ci95": [
            1.1020833333333333,
            2.107317708333331
          ],
          "mean": 1.6020833333333333,
          "median_state_mean": 1.5,
          "states": 240
        },
        "fidelity_vs_shuffle": 0.515503603399463,
        "persistence_l1": {
          "ci95": [
            0.004109209896514953,
            0.004567914741818697
          ],
          "mean": 0.004334846179945787,
          "median_state_mean": 0.0038338497332244606,
          "states": 240
        }
      },
      "minrank": {
        "count": {
          "ci95": [
            17.229140625,
            17.803125
          ],
          "mean": 17.517708333333335,
          "median_state_mean": 17.5,
          "states": 240
        },
        "count_delta_vs_true": {
          "ci95": [
            1.4854166666666666,
            2.5208333333333335
          ],
          "mean": 2.0010416666666666,
          "median_state_mean": 1.75,
          "states": 240
        },
        "fidelity_vs_shuffle": 0.47756307576905954,
        "persistence_l1": {
          "ci95": [
            0.004399825528610791,
            0.0049621948556690275
          ],
          "mean": 0.004674304537980559,
          "median_state_mean": 0.003966678225075782,
          "states": 240
        }
      },
      "shuffle": {
        "count": {
          "ci95": [
            23.154166666666665,
            23.498958333333334
          ],
          "mean": 23.326041666666665,
          "median_state_mean": 23.25,
          "states": 240
        },
        "count_delta_vs_true": {
          "ci95": [
            7.415625,
            8.198958333333334
          ],
          "mean": 7.809375,
          "median_state_mean": 7.75,
          "states": 240
        },
        "fidelity_vs_shuffle": 0.0,
        "persistence_l1": {
          "ci95": [
            0.00867291869404891,
            0.009215655037881753
          ],
          "mean": 0.00894711748190736,
          "median_state_mean": 0.008927472847059876,
          "states": 240
        }
      },
      "true_count": {
        "ci95": [
          15.174973958333334,
          15.860416666666667
        ],
        "mean": 15.516666666666667,
        "median_state_mean": 15.5,
        "states": 240
      }
    },
    "k8_p0.1": {
      "consensus": {
        "count": {
          "ci95": [
            11.0,
            11.578125
          ],
          "mean": 11.2875,
          "median_state_mean": 11.25,
          "states": 240
        },
        "count_delta_vs_true": {
          "ci95": [
            0.5562239583333334,
            1.5625
          ],
          "mean": 1.0604166666666666,
          "median_state_mean": 0.75,
          "states": 240
        },
        "fidelity_vs_shuffle": 0.5428188559239262,
        "persistence_l1": {
          "ci95": [
            0.0038824594267215505,
            0.004309986861630929
          ],
          "mean": 0.004090453406561448,
          "median_state_mean": 0.003699623046722073,
          "states": 240
        }
      },
      "k10": {
        "count": {
          "ci95": [
            9.979166666666666,
            10.618776041666665
          ],
          "mean": 10.3,
          "median_state_mean": 10.25,
          "states": 240
        },
        "count_delta_vs_true": {
          "ci95": [
            -0.4239583333333333,
            0.575
          ],
          "mean": 0.07291666666666667,
          "median_state_mean": -0.25,
          "states": 240
        },
        "fidelity_vs_shuffle": 0.558188324829467,
        "persistence_l1": {
          "ci95": [
            0.003726443333035052,
            0.004187001660123115
          ],
          "mean": 0.003952940962629053,
          "median_state_mean": 0.0034884956544110244,
          "states": 240
        }
      },
      "k3": {
        "count": {
          "ci95": [
            11.644791666666666,
            12.24375
          ],
          "mean": 11.94375,
          "median_state_mean": 11.75,
          "states": 240
        },
        "count_delta_vs_true": {
          "ci95": [
            1.1958333333333333,
            2.246875
          ],
          "mean": 1.7166666666666666,
          "median_state_mean": 1.25,
          "states": 240
        },
        "fidelity_vs_shuffle": 0.515503603399463,
        "persistence_l1": {
          "ci95": [
            0.004110235530549621,
            0.004568857940627063
          ],
          "mean": 0.004334846179945787,
          "median_state_mean": 0.0038338497332244606,
          "states": 240
        }
      },
      "minrank": {
        "count": {
          "ci95": [
            12.10625,
            12.738541666666666
          ],
          "mean": 12.422916666666667,
          "median_state_mean": 12.25,
          "states": 240
        },
        "count_delta_vs_true": {
          "ci95": [
            1.6375,
            2.7583333333333333
          ],
          "mean": 2.1958333333333333,
          "median_state_mean": 2.25,
          "states": 240
        },
        "fidelity_vs_shuffle": 0.47756307576905954,
        "persistence_l1": {
          "ci95": [
            0.004399205662315484,
            0.004961554307744506
          ],
          "mean": 0.004674304537980559,
          "median_state_mean": 0.003966678225075782,
          "states": 240
        }
      },
      "shuffle": {
        "count": {
          "ci95": [
            19.156223958333335,
            19.484401041666665
          ],
          "mean": 19.317708333333332,
          "median_state_mean": 19.25,
          "states": 240
        },
        "count_delta_vs_true": {
          "ci95": [
            8.694791666666667,
            9.479166666666666
          ],
          "mean": 9.090625,
          "median_state_mean": 9.5,
          "states": 240
        },
        "fidelity_vs_shuffle": 0.0,
        "persistence_l1": {
          "ci95": [
            0.008677032299228568,
            0.009220843505199418
          ],
          "mean": 0.00894711748190736,
          "median_state_mean": 0.008927472847059876,
          "states": 240
        }
      },
      "true_count": {
        "ci95": [
          9.878125,
          10.578125
        ],
        "mean": 10.227083333333333,
        "median_state_mean": 10.25,
        "states": 240
      }
    },
    "k8_p0.2": {
      "consensus": {
        "count": {
          "ci95": [
            4.341666666666667,
            4.760416666666667
          ],
          "mean": 4.548958333333333,
          "median_state_mean": 4.25,
          "states": 240
        },
        "count_delta_vs_true": {
          "ci95": [
            -0.030208333333333334,
            0.73125
          ],
          "mean": 0.35,
          "median_state_mean": 0.25,
          "states": 240
        },
        "fidelity_vs_shuffle": 0.5428188559239262,
        "persistence_l1": {
          "ci95": [
            0.0038803155282565813,
            0.00430935272209856
          ],
          "mean": 0.004090453406561448,
          "median_state_mean": 0.003699623046722073,
          "states": 240
        }
      },
      "k10": {
        "count": {
          "ci95": [
            3.75625,
            4.207291666666666
          ],
          "mean": 3.9791666666666665,
          "median_state_mean": 3.75,
          "states": 240
        },
        "count_delta_vs_true": {
          "ci95": [
            -0.6,
            0.15729166666666666
          ],
          "mean": -0.21979166666666666,
          "median_state_mean": -0.25,
          "states": 240
        },
        "fidelity_vs_shuffle": 0.558188324829467,
        "persistence_l1": {
          "ci95": [
            0.0037312563268307956,
            0.00418475085802545
          ],
          "mean": 0.003952940962629053,
          "median_state_mean": 0.0034884956544110244,
          "states": 240
        }
      },
      "k3": {
        "count": {
          "ci95": [
            4.853125,
            5.319791666666666
          ],
          "mean": 5.086458333333334,
          "median_state_mean": 4.75,
          "states": 240
        },
        "count_delta_vs_true": {
          "ci95": [
            0.48747395833333335,
            1.2895833333333333
          ],
          "mean": 0.8875,
          "median_state_mean": 0.75,
          "states": 240
        },
        "fidelity_vs_shuffle": 0.515503603399463,
        "persistence_l1": {
          "ci95": [
            0.004108652366397841,
            0.0045686715146735874
          ],
          "mean": 0.004334846179945787,
          "median_state_mean": 0.0038338497332244606,
          "states": 240
        }
      },
      "minrank": {
        "count": {
          "ci95": [
            5.395833333333333,
            5.946875
          ],
          "mean": 5.670833333333333,
          "median_state_mean": 5.25,
          "states": 240
        },
        "count_delta_vs_true": {
          "ci95": [
            1.0124739583333333,
            1.921875
          ],
          "mean": 1.471875,
          "median_state_mean": 1.25,
          "states": 240
        },
        "fidelity_vs_shuffle": 0.47756307576905954,
        "persistence_l1": {
          "ci95": [
            0.004403378690767814,
            0.004958630041889912
          ],
          "mean": 0.004674304537980559,
          "median_state_mean": 0.003966678225075782,
          "states": 240
        }
      },
      "shuffle": {
        "count": {
          "ci95": [
            11.916666666666666,
            12.2
          ],
          "mean": 12.059375,
          "median_state_mean": 12.25,
          "states": 240
        },
        "count_delta_vs_true": {
          "ci95": [
            7.563541666666667,
            8.152109374999998
          ],
          "mean": 7.860416666666667,
          "median_state_mean": 7.75,
          "states": 240
        },
        "fidelity_vs_shuffle": 0.0,
        "persistence_l1": {
          "ci95": [
            0.008674281059962043,
            0.009219011578915972
          ],
          "mean": 0.00894711748190736,
          "median_state_mean": 0.008927472847059876,
          "states": 240
        }
      },
      "true_count": {
        "ci95": [
          3.940625,
          4.459375
        ],
        "mean": 4.198958333333334,
        "median_state_mean": 4.0,
        "states": 240
      }
    }
  },
  "persistence_thresholds": [
    0.05,
    0.1,
    0.2
  ],
  "population_size": 300,
  "projection_dims": 2,
  "rates": [
    0.05,
    0.1,
    0.2
  ],
  "source": "/225010117/logs/operator_query_bank_a100_20260720/h5_off40_k3_n240_merged_v1.npz",
  "version": 1
}
