strategy,family,generator,selector,selection_space,deployable,tuned_on_dev,state_index,split,dataset_row,episode,start,true,success,selected_step
pd_d192_k3_eval:returned:final,baseline,pd_d192_k3_eval,fixed_step_29,returned_means,True,False,0,dev,151146,1243,59,58.00828580061943,False,29
pd_d192_k3_eval:returned:final,baseline,pd_d192_k3_eval,fixed_step_29,returned_means,True,False,1,test,160867,1323,0,77.6868749388156,False,29
pd_d192_k3_eval:returned:final,baseline,pd_d192_k3_eval,fixed_step_29,returned_means,True,False,2,dev,202352,1644,51,7.248368862671502,True,29
pd_d192_k3_eval:returned:final,baseline,pd_d192_k3_eval,fixed_step_29,returned_means,True,False,3,test,209765,1698,66,15.278250573498385,True,29
pd_d192_k3_eval:returned:final,baseline,pd_d192_k3_eval,fixed_step_29,returned_means,True,False,4,dev,217353,1773,11,17.239502352608124,True,29
pd_d192_k3_eval:returned:final,baseline,pd_d192_k3_eval,fixed_step_29,returned_means,True,False,5,test,223315,1841,14,12.842634487854424,True,29
pd_d192_k3_eval:returned:final,baseline,pd_d192_k3_eval,fixed_step_29,returned_means,True,False,6,dev,310451,2671,96,14.079151122124209,True,29
pd_d192_k3_eval:returned:final,baseline,pd_d192_k3_eval,fixed_step_29,returned_means,True,False,7,test,390562,3199,35,16.382189537393437,True,29
pd_d192_k3_eval:returned:final,baseline,pd_d192_k3_eval,fixed_step_29,returned_means,True,False,8,dev,431727,3540,24,9.499867198885449,True,29
pd_d192_k3_eval:returned:final,baseline,pd_d192_k3_eval,fixed_step_29,returned_means,True,False,9,test,474074,3847,75,37.288076767512415,False,29
pd_d192_k3_eval:returned:final,baseline,pd_d192_k3_eval,fixed_step_29,returned_means,True,False,10,dev,533874,4318,18,21.20061133848492,True,29
pd_d192_k3_eval:returned:final,baseline,pd_d192_k3_eval,fixed_step_29,returned_means,True,False,11,test,644580,5118,142,185.78198110292118,False,29
pd_d192_k3_eval:returned:final,baseline,pd_d192_k3_eval,fixed_step_29,returned_means,True,False,12,dev,829738,6657,59,22.699519401195342,True,29
pd_d192_k3_eval:returned:final,baseline,pd_d192_k3_eval,fixed_step_29,returned_means,True,False,13,test,869151,6996,39,14.288729190617381,True,29
pd_d192_k3_eval:returned:final,baseline,pd_d192_k3_eval,fixed_step_29,returned_means,True,False,14,dev,942841,7582,51,11.227443854738024,True,29
pd_d192_k3_eval:returned:final,baseline,pd_d192_k3_eval,fixed_step_29,returned_means,True,False,15,test,1018266,8252,97,12.313582097270427,True,29
pd_d192_k3_eval:returned:final,baseline,pd_d192_k3_eval,fixed_step_29,returned_means,True,False,16,dev,1030584,8327,40,2.5105060537798076,True,29
pd_d192_k3_eval:returned:final,baseline,pd_d192_k3_eval,fixed_step_29,returned_means,True,False,17,test,1040084,8384,49,160.6964192083715,False,29
pd_d192_k3_eval:returned:final,baseline,pd_d192_k3_eval,fixed_step_29,returned_means,True,False,18,dev,1045185,8421,7,81.32233624803169,False,29
pd_d192_k3_eval:returned:final,baseline,pd_d192_k3_eval,fixed_step_29,returned_means,True,False,19,test,1055880,8502,55,137.38366261363245,False,29
pd_d192_k3_eval:returned:final,baseline,pd_d192_k3_eval,fixed_step_29,returned_means,True,False,20,dev,1056082,8504,47,10.683030140824949,True,29
pd_d192_k3_eval:returned:final,baseline,pd_d192_k3_eval,fixed_step_29,returned_means,True,False,21,test,1180892,9642,28,17.687361735661348,True,29
pd_d192_k3_eval:returned:final,baseline,pd_d192_k3_eval,fixed_step_29,returned_means,True,False,22,dev,1212032,9909,97,5.546765325731793,True,29
pd_d192_k3_eval:returned:final,baseline,pd_d192_k3_eval,fixed_step_29,returned_means,True,False,23,test,1242570,10146,97,14.321262790949856,True,29
pd_d192_k3_eval:returned:final,baseline,pd_d192_k3_eval,fixed_step_29,returned_means,True,False,24,dev,1283018,10404,128,14.421888016055432,True,29
pd_d192_k3_eval:returned:final,baseline,pd_d192_k3_eval,fixed_step_29,returned_means,True,False,25,test,1301452,10501,132,15.832401768108058,True,29
pd_d192_k3_eval:returned:final,baseline,pd_d192_k3_eval,fixed_step_29,returned_means,True,False,26,dev,1474720,11770,36,11.378838140726822,True,29
pd_d192_k3_eval:returned:final,baseline,pd_d192_k3_eval,fixed_step_29,returned_means,True,False,27,test,1505301,12050,1,582.5177656836264,False,29
pd_d192_k3_eval:returned:final,baseline,pd_d192_k3_eval,fixed_step_29,returned_means,True,False,28,dev,1529062,12219,83,21.273405390247834,True,29
pd_d192_k3_eval:returned:final,baseline,pd_d192_k3_eval,fixed_step_29,returned_means,True,False,29,test,1580839,12585,6,77.62316833224872,False,29
pd_d192_k3_eval:returned:final,baseline,pd_d192_k3_eval,fixed_step_29,returned_means,True,False,30,dev,1626162,12946,66,19.97278596162415,True,29
pd_d192_k3_eval:returned:final,baseline,pd_d192_k3_eval,fixed_step_29,returned_means,True,False,31,test,1634000,13016,64,213.80408617023744,False,29
pd_d192_k3_eval:returned:final,baseline,pd_d192_k3_eval,fixed_step_29,returned_means,True,False,32,dev,1671846,13289,108,215.86092909783574,False,29
pd_d192_k3_eval:returned:final,baseline,pd_d192_k3_eval,fixed_step_29,returned_means,True,False,33,test,1711529,13555,30,27.55306923054851,False,29
pd_d192_k3_eval:returned:final,baseline,pd_d192_k3_eval,fixed_step_29,returned_means,True,False,34,dev,1765609,14019,13,14.549269791753671,True,29
pd_d192_k3_eval:returned:final,baseline,pd_d192_k3_eval,fixed_step_29,returned_means,True,False,35,test,1772758,14077,32,184.21034288055063,False,29
pd_d192_k3_eval:returned:final,baseline,pd_d192_k3_eval,fixed_step_29,returned_means,True,False,36,dev,1801558,14288,40,15.233154306935742,True,29
pd_d192_k3_eval:returned:final,baseline,pd_d192_k3_eval,fixed_step_29,returned_means,True,False,37,test,1813392,14407,16,17.97865626057562,True,29
pd_d192_k3_eval:returned:final,baseline,pd_d192_k3_eval,fixed_step_29,returned_means,True,False,38,dev,1820592,14461,52,160.51140500702536,False,29
pd_d192_k3_eval:returned:final,baseline,pd_d192_k3_eval,fixed_step_29,returned_means,True,False,39,test,1829692,14510,38,21.90781928201768,True,29
pd_d192_k3_eval:returned:final,baseline,pd_d192_k3_eval,fixed_step_29,returned_means,True,False,40,dev,1917705,15252,22,200.67569141433876,False,29
pd_d192_k3_eval:returned:final,baseline,pd_d192_k3_eval,fixed_step_29,returned_means,True,False,41,test,1932213,15421,0,644.7249103931453,False,29
pd_d192_k3_eval:returned:final,baseline,pd_d192_k3_eval,fixed_step_29,returned_means,True,False,42,dev,1962695,15702,23,216.63624952676344,False,29
pd_d192_k3_eval:returned:final,baseline,pd_d192_k3_eval,fixed_step_29,returned_means,True,False,43,test,2004621,16013,81,845.9619943658217,False,29
pd_d192_k3_eval:returned:final,baseline,pd_d192_k3_eval,fixed_step_29,returned_means,True,False,44,dev,2005201,16016,127,20.429174548169215,False,29
pd_d192_k3_eval:returned:final,baseline,pd_d192_k3_eval,fixed_step_29,returned_means,True,False,45,test,2065261,16353,31,27.260907909501377,False,29
pd_d192_k3_eval:returned:final,baseline,pd_d192_k3_eval,fixed_step_29,returned_means,True,False,46,dev,2079106,16491,32,21.839555904121855,True,29
pd_d192_k3_eval:returned:final,baseline,pd_d192_k3_eval,fixed_step_29,returned_means,True,False,47,test,2163075,17254,80,7.158139158494066,True,29
pd_d192_k3_eval:returned:final,baseline,pd_d192_k3_eval,fixed_step_29,returned_means,True,False,48,dev,2259080,17908,39,24.191352573216875,False,29
pd_d192_k3_eval:returned:final,baseline,pd_d192_k3_eval,fixed_step_29,returned_means,True,False,49,test,2270553,18000,34,17.484822733090823,True,29
pd_d192_k3_eval:returned:fixed_step_29,fixed_round,pd_d192_k3_eval,fixed_step_29,returned_means,True,False,0,dev,151146,1243,59,58.00828580061943,False,29
pd_d192_k3_eval:returned:fixed_step_29,fixed_round,pd_d192_k3_eval,fixed_step_29,returned_means,True,False,1,test,160867,1323,0,77.6868749388156,False,29
pd_d192_k3_eval:returned:fixed_step_29,fixed_round,pd_d192_k3_eval,fixed_step_29,returned_means,True,False,2,dev,202352,1644,51,7.248368862671502,True,29
pd_d192_k3_eval:returned:fixed_step_29,fixed_round,pd_d192_k3_eval,fixed_step_29,returned_means,True,False,3,test,209765,1698,66,15.278250573498385,True,29
pd_d192_k3_eval:returned:fixed_step_29,fixed_round,pd_d192_k3_eval,fixed_step_29,returned_means,True,False,4,dev,217353,1773,11,17.239502352608124,True,29
pd_d192_k3_eval:returned:fixed_step_29,fixed_round,pd_d192_k3_eval,fixed_step_29,returned_means,True,False,5,test,223315,1841,14,12.842634487854424,True,29
pd_d192_k3_eval:returned:fixed_step_29,fixed_round,pd_d192_k3_eval,fixed_step_29,returned_means,True,False,6,dev,310451,2671,96,14.079151122124209,True,29
pd_d192_k3_eval:returned:fixed_step_29,fixed_round,pd_d192_k3_eval,fixed_step_29,returned_means,True,False,7,test,390562,3199,35,16.382189537393437,True,29
pd_d192_k3_eval:returned:fixed_step_29,fixed_round,pd_d192_k3_eval,fixed_step_29,returned_means,True,False,8,dev,431727,3540,24,9.499867198885449,True,29
pd_d192_k3_eval:returned:fixed_step_29,fixed_round,pd_d192_k3_eval,fixed_step_29,returned_means,True,False,9,test,474074,3847,75,37.288076767512415,False,29
pd_d192_k3_eval:returned:fixed_step_29,fixed_round,pd_d192_k3_eval,fixed_step_29,returned_means,True,False,10,dev,533874,4318,18,21.20061133848492,True,29
pd_d192_k3_eval:returned:fixed_step_29,fixed_round,pd_d192_k3_eval,fixed_step_29,returned_means,True,False,11,test,644580,5118,142,185.78198110292118,False,29
pd_d192_k3_eval:returned:fixed_step_29,fixed_round,pd_d192_k3_eval,fixed_step_29,returned_means,True,False,12,dev,829738,6657,59,22.699519401195342,True,29
pd_d192_k3_eval:returned:fixed_step_29,fixed_round,pd_d192_k3_eval,fixed_step_29,returned_means,True,False,13,test,869151,6996,39,14.288729190617381,True,29
pd_d192_k3_eval:returned:fixed_step_29,fixed_round,pd_d192_k3_eval,fixed_step_29,returned_means,True,False,14,dev,942841,7582,51,11.227443854738024,True,29
pd_d192_k3_eval:returned:fixed_step_29,fixed_round,pd_d192_k3_eval,fixed_step_29,returned_means,True,False,15,test,1018266,8252,97,12.313582097270427,True,29
pd_d192_k3_eval:returned:fixed_step_29,fixed_round,pd_d192_k3_eval,fixed_step_29,returned_means,True,False,16,dev,1030584,8327,40,2.5105060537798076,True,29
pd_d192_k3_eval:returned:fixed_step_29,fixed_round,pd_d192_k3_eval,fixed_step_29,returned_means,True,False,17,test,1040084,8384,49,160.6964192083715,False,29
pd_d192_k3_eval:returned:fixed_step_29,fixed_round,pd_d192_k3_eval,fixed_step_29,returned_means,True,False,18,dev,1045185,8421,7,81.32233624803169,False,29
pd_d192_k3_eval:returned:fixed_step_29,fixed_round,pd_d192_k3_eval,fixed_step_29,returned_means,True,False,19,test,1055880,8502,55,137.38366261363245,False,29
pd_d192_k3_eval:returned:fixed_step_29,fixed_round,pd_d192_k3_eval,fixed_step_29,returned_means,True,False,20,dev,1056082,8504,47,10.683030140824949,True,29
pd_d192_k3_eval:returned:fixed_step_29,fixed_round,pd_d192_k3_eval,fixed_step_29,returned_means,True,False,21,test,1180892,9642,28,17.687361735661348,True,29
pd_d192_k3_eval:returned:fixed_step_29,fixed_round,pd_d192_k3_eval,fixed_step_29,returned_means,True,False,22,dev,1212032,9909,97,5.546765325731793,True,29
pd_d192_k3_eval:returned:fixed_step_29,fixed_round,pd_d192_k3_eval,fixed_step_29,returned_means,True,False,23,test,1242570,10146,97,14.321262790949856,True,29
pd_d192_k3_eval:returned:fixed_step_29,fixed_round,pd_d192_k3_eval,fixed_step_29,returned_means,True,False,24,dev,1283018,10404,128,14.421888016055432,True,29
pd_d192_k3_eval:returned:fixed_step_29,fixed_round,pd_d192_k3_eval,fixed_step_29,returned_means,True,False,25,test,1301452,10501,132,15.832401768108058,True,29
pd_d192_k3_eval:returned:fixed_step_29,fixed_round,pd_d192_k3_eval,fixed_step_29,returned_means,True,False,26,dev,1474720,11770,36,11.378838140726822,True,29
pd_d192_k3_eval:returned:fixed_step_29,fixed_round,pd_d192_k3_eval,fixed_step_29,returned_means,True,False,27,test,1505301,12050,1,582.5177656836264,False,29
pd_d192_k3_eval:returned:fixed_step_29,fixed_round,pd_d192_k3_eval,fixed_step_29,returned_means,True,False,28,dev,1529062,12219,83,21.273405390247834,True,29
pd_d192_k3_eval:returned:fixed_step_29,fixed_round,pd_d192_k3_eval,fixed_step_29,returned_means,True,False,29,test,1580839,12585,6,77.62316833224872,False,29
pd_d192_k3_eval:returned:fixed_step_29,fixed_round,pd_d192_k3_eval,fixed_step_29,returned_means,True,False,30,dev,1626162,12946,66,19.97278596162415,True,29
pd_d192_k3_eval:returned:fixed_step_29,fixed_round,pd_d192_k3_eval,fixed_step_29,returned_means,True,False,31,test,1634000,13016,64,213.80408617023744,False,29
pd_d192_k3_eval:returned:fixed_step_29,fixed_round,pd_d192_k3_eval,fixed_step_29,returned_means,True,False,32,dev,1671846,13289,108,215.86092909783574,False,29
pd_d192_k3_eval:returned:fixed_step_29,fixed_round,pd_d192_k3_eval,fixed_step_29,returned_means,True,False,33,test,1711529,13555,30,27.55306923054851,False,29
pd_d192_k3_eval:returned:fixed_step_29,fixed_round,pd_d192_k3_eval,fixed_step_29,returned_means,True,False,34,dev,1765609,14019,13,14.549269791753671,True,29
pd_d192_k3_eval:returned:fixed_step_29,fixed_round,pd_d192_k3_eval,fixed_step_29,returned_means,True,False,35,test,1772758,14077,32,184.21034288055063,False,29
pd_d192_k3_eval:returned:fixed_step_29,fixed_round,pd_d192_k3_eval,fixed_step_29,returned_means,True,False,36,dev,1801558,14288,40,15.233154306935742,True,29
pd_d192_k3_eval:returned:fixed_step_29,fixed_round,pd_d192_k3_eval,fixed_step_29,returned_means,True,False,37,test,1813392,14407,16,17.97865626057562,True,29
pd_d192_k3_eval:returned:fixed_step_29,fixed_round,pd_d192_k3_eval,fixed_step_29,returned_means,True,False,38,dev,1820592,14461,52,160.51140500702536,False,29
pd_d192_k3_eval:returned:fixed_step_29,fixed_round,pd_d192_k3_eval,fixed_step_29,returned_means,True,False,39,test,1829692,14510,38,21.90781928201768,True,29
pd_d192_k3_eval:returned:fixed_step_29,fixed_round,pd_d192_k3_eval,fixed_step_29,returned_means,True,False,40,dev,1917705,15252,22,200.67569141433876,False,29
pd_d192_k3_eval:returned:fixed_step_29,fixed_round,pd_d192_k3_eval,fixed_step_29,returned_means,True,False,41,test,1932213,15421,0,644.7249103931453,False,29
pd_d192_k3_eval:returned:fixed_step_29,fixed_round,pd_d192_k3_eval,fixed_step_29,returned_means,True,False,42,dev,1962695,15702,23,216.63624952676344,False,29
pd_d192_k3_eval:returned:fixed_step_29,fixed_round,pd_d192_k3_eval,fixed_step_29,returned_means,True,False,43,test,2004621,16013,81,845.9619943658217,False,29
pd_d192_k3_eval:returned:fixed_step_29,fixed_round,pd_d192_k3_eval,fixed_step_29,returned_means,True,False,44,dev,2005201,16016,127,20.429174548169215,False,29
pd_d192_k3_eval:returned:fixed_step_29,fixed_round,pd_d192_k3_eval,fixed_step_29,returned_means,True,False,45,test,2065261,16353,31,27.260907909501377,False,29
pd_d192_k3_eval:returned:fixed_step_29,fixed_round,pd_d192_k3_eval,fixed_step_29,returned_means,True,False,46,dev,2079106,16491,32,21.839555904121855,True,29
pd_d192_k3_eval:returned:fixed_step_29,fixed_round,pd_d192_k3_eval,fixed_step_29,returned_means,True,False,47,test,2163075,17254,80,7.158139158494066,True,29
pd_d192_k3_eval:returned:fixed_step_29,fixed_round,pd_d192_k3_eval,fixed_step_29,returned_means,True,False,48,dev,2259080,17908,39,24.191352573216875,False,29
pd_d192_k3_eval:returned:fixed_step_29,fixed_round,pd_d192_k3_eval,fixed_step_29,returned_means,True,False,49,test,2270553,18000,34,17.484822733090823,True,29
pd_d192_k3_eval:returned:dev_best_round,dev_tuned_fixed_round,pd_d192_k3_eval,fixed_step_29,returned_means,True,True,0,dev,151146,1243,59,58.00828580061943,False,29
pd_d192_k3_eval:returned:dev_best_round,dev_tuned_fixed_round,pd_d192_k3_eval,fixed_step_29,returned_means,True,True,1,test,160867,1323,0,77.6868749388156,False,29
pd_d192_k3_eval:returned:dev_best_round,dev_tuned_fixed_round,pd_d192_k3_eval,fixed_step_29,returned_means,True,True,2,dev,202352,1644,51,7.248368862671502,True,29
pd_d192_k3_eval:returned:dev_best_round,dev_tuned_fixed_round,pd_d192_k3_eval,fixed_step_29,returned_means,True,True,3,test,209765,1698,66,15.278250573498385,True,29
pd_d192_k3_eval:returned:dev_best_round,dev_tuned_fixed_round,pd_d192_k3_eval,fixed_step_29,returned_means,True,True,4,dev,217353,1773,11,17.239502352608124,True,29
pd_d192_k3_eval:returned:dev_best_round,dev_tuned_fixed_round,pd_d192_k3_eval,fixed_step_29,returned_means,True,True,5,test,223315,1841,14,12.842634487854424,True,29
pd_d192_k3_eval:returned:dev_best_round,dev_tuned_fixed_round,pd_d192_k3_eval,fixed_step_29,returned_means,True,True,6,dev,310451,2671,96,14.079151122124209,True,29
pd_d192_k3_eval:returned:dev_best_round,dev_tuned_fixed_round,pd_d192_k3_eval,fixed_step_29,returned_means,True,True,7,test,390562,3199,35,16.382189537393437,True,29
pd_d192_k3_eval:returned:dev_best_round,dev_tuned_fixed_round,pd_d192_k3_eval,fixed_step_29,returned_means,True,True,8,dev,431727,3540,24,9.499867198885449,True,29
pd_d192_k3_eval:returned:dev_best_round,dev_tuned_fixed_round,pd_d192_k3_eval,fixed_step_29,returned_means,True,True,9,test,474074,3847,75,37.288076767512415,False,29
pd_d192_k3_eval:returned:dev_best_round,dev_tuned_fixed_round,pd_d192_k3_eval,fixed_step_29,returned_means,True,True,10,dev,533874,4318,18,21.20061133848492,True,29
pd_d192_k3_eval:returned:dev_best_round,dev_tuned_fixed_round,pd_d192_k3_eval,fixed_step_29,returned_means,True,True,11,test,644580,5118,142,185.78198110292118,False,29
pd_d192_k3_eval:returned:dev_best_round,dev_tuned_fixed_round,pd_d192_k3_eval,fixed_step_29,returned_means,True,True,12,dev,829738,6657,59,22.699519401195342,True,29
pd_d192_k3_eval:returned:dev_best_round,dev_tuned_fixed_round,pd_d192_k3_eval,fixed_step_29,returned_means,True,True,13,test,869151,6996,39,14.288729190617381,True,29
pd_d192_k3_eval:returned:dev_best_round,dev_tuned_fixed_round,pd_d192_k3_eval,fixed_step_29,returned_means,True,True,14,dev,942841,7582,51,11.227443854738024,True,29
pd_d192_k3_eval:returned:dev_best_round,dev_tuned_fixed_round,pd_d192_k3_eval,fixed_step_29,returned_means,True,True,15,test,1018266,8252,97,12.313582097270427,True,29
pd_d192_k3_eval:returned:dev_best_round,dev_tuned_fixed_round,pd_d192_k3_eval,fixed_step_29,returned_means,True,True,16,dev,1030584,8327,40,2.5105060537798076,True,29
pd_d192_k3_eval:returned:dev_best_round,dev_tuned_fixed_round,pd_d192_k3_eval,fixed_step_29,returned_means,True,True,17,test,1040084,8384,49,160.6964192083715,False,29
pd_d192_k3_eval:returned:dev_best_round,dev_tuned_fixed_round,pd_d192_k3_eval,fixed_step_29,returned_means,True,True,18,dev,1045185,8421,7,81.32233624803169,False,29
pd_d192_k3_eval:returned:dev_best_round,dev_tuned_fixed_round,pd_d192_k3_eval,fixed_step_29,returned_means,True,True,19,test,1055880,8502,55,137.38366261363245,False,29
pd_d192_k3_eval:returned:dev_best_round,dev_tuned_fixed_round,pd_d192_k3_eval,fixed_step_29,returned_means,True,True,20,dev,1056082,8504,47,10.683030140824949,True,29
pd_d192_k3_eval:returned:dev_best_round,dev_tuned_fixed_round,pd_d192_k3_eval,fixed_step_29,returned_means,True,True,21,test,1180892,9642,28,17.687361735661348,True,29
pd_d192_k3_eval:returned:dev_best_round,dev_tuned_fixed_round,pd_d192_k3_eval,fixed_step_29,returned_means,True,True,22,dev,1212032,9909,97,5.546765325731793,True,29
pd_d192_k3_eval:returned:dev_best_round,dev_tuned_fixed_round,pd_d192_k3_eval,fixed_step_29,returned_means,True,True,23,test,1242570,10146,97,14.321262790949856,True,29
pd_d192_k3_eval:returned:dev_best_round,dev_tuned_fixed_round,pd_d192_k3_eval,fixed_step_29,returned_means,True,True,24,dev,1283018,10404,128,14.421888016055432,True,29
pd_d192_k3_eval:returned:dev_best_round,dev_tuned_fixed_round,pd_d192_k3_eval,fixed_step_29,returned_means,True,True,25,test,1301452,10501,132,15.832401768108058,True,29
pd_d192_k3_eval:returned:dev_best_round,dev_tuned_fixed_round,pd_d192_k3_eval,fixed_step_29,returned_means,True,True,26,dev,1474720,11770,36,11.378838140726822,True,29
pd_d192_k3_eval:returned:dev_best_round,dev_tuned_fixed_round,pd_d192_k3_eval,fixed_step_29,returned_means,True,True,27,test,1505301,12050,1,582.5177656836264,False,29
pd_d192_k3_eval:returned:dev_best_round,dev_tuned_fixed_round,pd_d192_k3_eval,fixed_step_29,returned_means,True,True,28,dev,1529062,12219,83,21.273405390247834,True,29
pd_d192_k3_eval:returned:dev_best_round,dev_tuned_fixed_round,pd_d192_k3_eval,fixed_step_29,returned_means,True,True,29,test,1580839,12585,6,77.62316833224872,False,29
pd_d192_k3_eval:returned:dev_best_round,dev_tuned_fixed_round,pd_d192_k3_eval,fixed_step_29,returned_means,True,True,30,dev,1626162,12946,66,19.97278596162415,True,29
pd_d192_k3_eval:returned:dev_best_round,dev_tuned_fixed_round,pd_d192_k3_eval,fixed_step_29,returned_means,True,True,31,test,1634000,13016,64,213.80408617023744,False,29
pd_d192_k3_eval:returned:dev_best_round,dev_tuned_fixed_round,pd_d192_k3_eval,fixed_step_29,returned_means,True,True,32,dev,1671846,13289,108,215.86092909783574,False,29
pd_d192_k3_eval:returned:dev_best_round,dev_tuned_fixed_round,pd_d192_k3_eval,fixed_step_29,returned_means,True,True,33,test,1711529,13555,30,27.55306923054851,False,29
pd_d192_k3_eval:returned:dev_best_round,dev_tuned_fixed_round,pd_d192_k3_eval,fixed_step_29,returned_means,True,True,34,dev,1765609,14019,13,14.549269791753671,True,29
pd_d192_k3_eval:returned:dev_best_round,dev_tuned_fixed_round,pd_d192_k3_eval,fixed_step_29,returned_means,True,True,35,test,1772758,14077,32,184.21034288055063,False,29
pd_d192_k3_eval:returned:dev_best_round,dev_tuned_fixed_round,pd_d192_k3_eval,fixed_step_29,returned_means,True,True,36,dev,1801558,14288,40,15.233154306935742,True,29
pd_d192_k3_eval:returned:dev_best_round,dev_tuned_fixed_round,pd_d192_k3_eval,fixed_step_29,returned_means,True,True,37,test,1813392,14407,16,17.97865626057562,True,29
pd_d192_k3_eval:returned:dev_best_round,dev_tuned_fixed_round,pd_d192_k3_eval,fixed_step_29,returned_means,True,True,38,dev,1820592,14461,52,160.51140500702536,False,29
pd_d192_k3_eval:returned:dev_best_round,dev_tuned_fixed_round,pd_d192_k3_eval,fixed_step_29,returned_means,True,True,39,test,1829692,14510,38,21.90781928201768,True,29
pd_d192_k3_eval:returned:dev_best_round,dev_tuned_fixed_round,pd_d192_k3_eval,fixed_step_29,returned_means,True,True,40,dev,1917705,15252,22,200.67569141433876,False,29
pd_d192_k3_eval:returned:dev_best_round,dev_tuned_fixed_round,pd_d192_k3_eval,fixed_step_29,returned_means,True,True,41,test,1932213,15421,0,644.7249103931453,False,29
pd_d192_k3_eval:returned:dev_best_round,dev_tuned_fixed_round,pd_d192_k3_eval,fixed_step_29,returned_means,True,True,42,dev,1962695,15702,23,216.63624952676344,False,29
pd_d192_k3_eval:returned:dev_best_round,dev_tuned_fixed_round,pd_d192_k3_eval,fixed_step_29,returned_means,True,True,43,test,2004621,16013,81,845.9619943658217,False,29
pd_d192_k3_eval:returned:dev_best_round,dev_tuned_fixed_round,pd_d192_k3_eval,fixed_step_29,returned_means,True,True,44,dev,2005201,16016,127,20.429174548169215,False,29
pd_d192_k3_eval:returned:dev_best_round,dev_tuned_fixed_round,pd_d192_k3_eval,fixed_step_29,returned_means,True,True,45,test,2065261,16353,31,27.260907909501377,False,29
pd_d192_k3_eval:returned:dev_best_round,dev_tuned_fixed_round,pd_d192_k3_eval,fixed_step_29,returned_means,True,True,46,dev,2079106,16491,32,21.839555904121855,True,29
pd_d192_k3_eval:returned:dev_best_round,dev_tuned_fixed_round,pd_d192_k3_eval,fixed_step_29,returned_means,True,True,47,test,2163075,17254,80,7.158139158494066,True,29
pd_d192_k3_eval:returned:dev_best_round,dev_tuned_fixed_round,pd_d192_k3_eval,fixed_step_29,returned_means,True,True,48,dev,2259080,17908,39,24.191352573216875,False,29
pd_d192_k3_eval:returned:dev_best_round,dev_tuned_fixed_round,pd_d192_k3_eval,fixed_step_29,returned_means,True,True,49,test,2270553,18000,34,17.484822733090823,True,29
pd_d192_k3_eval:returned:score_by_pd_d192_k3_eval,round_verification,pd_d192_k3_eval,pd_d192_k3_eval,returned_means,True,False,0,dev,151146,1243,59,58.00828580061943,False,29
pd_d192_k3_eval:returned:score_by_pd_d192_k3_eval,round_verification,pd_d192_k3_eval,pd_d192_k3_eval,returned_means,True,False,1,test,160867,1323,0,77.6868749388156,False,29
pd_d192_k3_eval:returned:score_by_pd_d192_k3_eval,round_verification,pd_d192_k3_eval,pd_d192_k3_eval,returned_means,True,False,2,dev,202352,1644,51,7.248368862671502,True,29
pd_d192_k3_eval:returned:score_by_pd_d192_k3_eval,round_verification,pd_d192_k3_eval,pd_d192_k3_eval,returned_means,True,False,3,test,209765,1698,66,15.278250573498385,True,29
pd_d192_k3_eval:returned:score_by_pd_d192_k3_eval,round_verification,pd_d192_k3_eval,pd_d192_k3_eval,returned_means,True,False,4,dev,217353,1773,11,17.239502352608124,True,29
pd_d192_k3_eval:returned:score_by_pd_d192_k3_eval,round_verification,pd_d192_k3_eval,pd_d192_k3_eval,returned_means,True,False,5,test,223315,1841,14,12.842634487854424,True,29
pd_d192_k3_eval:returned:score_by_pd_d192_k3_eval,round_verification,pd_d192_k3_eval,pd_d192_k3_eval,returned_means,True,False,6,dev,310451,2671,96,14.079151122124209,True,29
pd_d192_k3_eval:returned:score_by_pd_d192_k3_eval,round_verification,pd_d192_k3_eval,pd_d192_k3_eval,returned_means,True,False,7,test,390562,3199,35,16.382189537393437,True,29
pd_d192_k3_eval:returned:score_by_pd_d192_k3_eval,round_verification,pd_d192_k3_eval,pd_d192_k3_eval,returned_means,True,False,8,dev,431727,3540,24,9.499867198885449,True,29
pd_d192_k3_eval:returned:score_by_pd_d192_k3_eval,round_verification,pd_d192_k3_eval,pd_d192_k3_eval,returned_means,True,False,9,test,474074,3847,75,37.288076767512415,False,29
pd_d192_k3_eval:returned:score_by_pd_d192_k3_eval,round_verification,pd_d192_k3_eval,pd_d192_k3_eval,returned_means,True,False,10,dev,533874,4318,18,21.20061133848492,True,29
pd_d192_k3_eval:returned:score_by_pd_d192_k3_eval,round_verification,pd_d192_k3_eval,pd_d192_k3_eval,returned_means,True,False,11,test,644580,5118,142,185.78198110292118,False,29
pd_d192_k3_eval:returned:score_by_pd_d192_k3_eval,round_verification,pd_d192_k3_eval,pd_d192_k3_eval,returned_means,True,False,12,dev,829738,6657,59,22.699519401195342,True,29
pd_d192_k3_eval:returned:score_by_pd_d192_k3_eval,round_verification,pd_d192_k3_eval,pd_d192_k3_eval,returned_means,True,False,13,test,869151,6996,39,14.288729190617381,True,29
pd_d192_k3_eval:returned:score_by_pd_d192_k3_eval,round_verification,pd_d192_k3_eval,pd_d192_k3_eval,returned_means,True,False,14,dev,942841,7582,51,11.227443854738024,True,29
pd_d192_k3_eval:returned:score_by_pd_d192_k3_eval,round_verification,pd_d192_k3_eval,pd_d192_k3_eval,returned_means,True,False,15,test,1018266,8252,97,12.313582097270427,True,29
pd_d192_k3_eval:returned:score_by_pd_d192_k3_eval,round_verification,pd_d192_k3_eval,pd_d192_k3_eval,returned_means,True,False,16,dev,1030584,8327,40,2.5105060537798076,True,29
pd_d192_k3_eval:returned:score_by_pd_d192_k3_eval,round_verification,pd_d192_k3_eval,pd_d192_k3_eval,returned_means,True,False,17,test,1040084,8384,49,160.6964192083715,False,29
pd_d192_k3_eval:returned:score_by_pd_d192_k3_eval,round_verification,pd_d192_k3_eval,pd_d192_k3_eval,returned_means,True,False,18,dev,1045185,8421,7,81.32233624803169,False,29
pd_d192_k3_eval:returned:score_by_pd_d192_k3_eval,round_verification,pd_d192_k3_eval,pd_d192_k3_eval,returned_means,True,False,19,test,1055880,8502,55,137.38366261363245,False,29
pd_d192_k3_eval:returned:score_by_pd_d192_k3_eval,round_verification,pd_d192_k3_eval,pd_d192_k3_eval,returned_means,True,False,20,dev,1056082,8504,47,10.683030140824949,True,29
pd_d192_k3_eval:returned:score_by_pd_d192_k3_eval,round_verification,pd_d192_k3_eval,pd_d192_k3_eval,returned_means,True,False,21,test,1180892,9642,28,17.687361735661348,True,29
pd_d192_k3_eval:returned:score_by_pd_d192_k3_eval,round_verification,pd_d192_k3_eval,pd_d192_k3_eval,returned_means,True,False,22,dev,1212032,9909,97,5.546765325731793,True,29
pd_d192_k3_eval:returned:score_by_pd_d192_k3_eval,round_verification,pd_d192_k3_eval,pd_d192_k3_eval,returned_means,True,False,23,test,1242570,10146,97,14.321262790949856,True,29
pd_d192_k3_eval:returned:score_by_pd_d192_k3_eval,round_verification,pd_d192_k3_eval,pd_d192_k3_eval,returned_means,True,False,24,dev,1283018,10404,128,14.421888016055432,True,29
pd_d192_k3_eval:returned:score_by_pd_d192_k3_eval,round_verification,pd_d192_k3_eval,pd_d192_k3_eval,returned_means,True,False,25,test,1301452,10501,132,15.832401768108058,True,29
pd_d192_k3_eval:returned:score_by_pd_d192_k3_eval,round_verification,pd_d192_k3_eval,pd_d192_k3_eval,returned_means,True,False,26,dev,1474720,11770,36,11.378838140726822,True,29
pd_d192_k3_eval:returned:score_by_pd_d192_k3_eval,round_verification,pd_d192_k3_eval,pd_d192_k3_eval,returned_means,True,False,27,test,1505301,12050,1,582.5177656836264,False,29
pd_d192_k3_eval:returned:score_by_pd_d192_k3_eval,round_verification,pd_d192_k3_eval,pd_d192_k3_eval,returned_means,True,False,28,dev,1529062,12219,83,21.273405390247834,True,29
pd_d192_k3_eval:returned:score_by_pd_d192_k3_eval,round_verification,pd_d192_k3_eval,pd_d192_k3_eval,returned_means,True,False,29,test,1580839,12585,6,77.62316833224872,False,29
pd_d192_k3_eval:returned:score_by_pd_d192_k3_eval,round_verification,pd_d192_k3_eval,pd_d192_k3_eval,returned_means,True,False,30,dev,1626162,12946,66,19.97278596162415,True,29
pd_d192_k3_eval:returned:score_by_pd_d192_k3_eval,round_verification,pd_d192_k3_eval,pd_d192_k3_eval,returned_means,True,False,31,test,1634000,13016,64,213.80408617023744,False,29
pd_d192_k3_eval:returned:score_by_pd_d192_k3_eval,round_verification,pd_d192_k3_eval,pd_d192_k3_eval,returned_means,True,False,32,dev,1671846,13289,108,215.86092909783574,False,29
pd_d192_k3_eval:returned:score_by_pd_d192_k3_eval,round_verification,pd_d192_k3_eval,pd_d192_k3_eval,returned_means,True,False,33,test,1711529,13555,30,27.55306923054851,False,29
pd_d192_k3_eval:returned:score_by_pd_d192_k3_eval,round_verification,pd_d192_k3_eval,pd_d192_k3_eval,returned_means,True,False,34,dev,1765609,14019,13,14.549269791753671,True,29
pd_d192_k3_eval:returned:score_by_pd_d192_k3_eval,round_verification,pd_d192_k3_eval,pd_d192_k3_eval,returned_means,True,False,35,test,1772758,14077,32,184.21034288055063,False,29
pd_d192_k3_eval:returned:score_by_pd_d192_k3_eval,round_verification,pd_d192_k3_eval,pd_d192_k3_eval,returned_means,True,False,36,dev,1801558,14288,40,15.233154306935742,True,29
pd_d192_k3_eval:returned:score_by_pd_d192_k3_eval,round_verification,pd_d192_k3_eval,pd_d192_k3_eval,returned_means,True,False,37,test,1813392,14407,16,17.97865626057562,True,29
pd_d192_k3_eval:returned:score_by_pd_d192_k3_eval,round_verification,pd_d192_k3_eval,pd_d192_k3_eval,returned_means,True,False,38,dev,1820592,14461,52,160.51140500702536,False,29
pd_d192_k3_eval:returned:score_by_pd_d192_k3_eval,round_verification,pd_d192_k3_eval,pd_d192_k3_eval,returned_means,True,False,39,test,1829692,14510,38,21.90781928201768,True,29
pd_d192_k3_eval:returned:score_by_pd_d192_k3_eval,round_verification,pd_d192_k3_eval,pd_d192_k3_eval,returned_means,True,False,40,dev,1917705,15252,22,200.67569141433876,False,29
pd_d192_k3_eval:returned:score_by_pd_d192_k3_eval,round_verification,pd_d192_k3_eval,pd_d192_k3_eval,returned_means,True,False,41,test,1932213,15421,0,644.7249103931453,False,29
pd_d192_k3_eval:returned:score_by_pd_d192_k3_eval,round_verification,pd_d192_k3_eval,pd_d192_k3_eval,returned_means,True,False,42,dev,1962695,15702,23,216.63624952676344,False,29
pd_d192_k3_eval:returned:score_by_pd_d192_k3_eval,round_verification,pd_d192_k3_eval,pd_d192_k3_eval,returned_means,True,False,43,test,2004621,16013,81,845.9619943658217,False,29
pd_d192_k3_eval:returned:score_by_pd_d192_k3_eval,round_verification,pd_d192_k3_eval,pd_d192_k3_eval,returned_means,True,False,44,dev,2005201,16016,127,20.429174548169215,False,29
pd_d192_k3_eval:returned:score_by_pd_d192_k3_eval,round_verification,pd_d192_k3_eval,pd_d192_k3_eval,returned_means,True,False,45,test,2065261,16353,31,27.260907909501377,False,29
pd_d192_k3_eval:returned:score_by_pd_d192_k3_eval,round_verification,pd_d192_k3_eval,pd_d192_k3_eval,returned_means,True,False,46,dev,2079106,16491,32,21.839555904121855,True,29
pd_d192_k3_eval:returned:score_by_pd_d192_k3_eval,round_verification,pd_d192_k3_eval,pd_d192_k3_eval,returned_means,True,False,47,test,2163075,17254,80,7.158139158494066,True,29
pd_d192_k3_eval:returned:score_by_pd_d192_k3_eval,round_verification,pd_d192_k3_eval,pd_d192_k3_eval,returned_means,True,False,48,dev,2259080,17908,39,24.191352573216875,False,29
pd_d192_k3_eval:returned:score_by_pd_d192_k3_eval,round_verification,pd_d192_k3_eval,pd_d192_k3_eval,returned_means,True,False,49,test,2270553,18000,34,17.484822733090823,True,29
pd_d192_k3_eval:returned:score_by_iter2_multistep_eval,round_verification,pd_d192_k3_eval,iter2_multistep_eval,returned_means,True,False,0,dev,151146,1243,59,58.00828580061943,False,29
pd_d192_k3_eval:returned:score_by_iter2_multistep_eval,round_verification,pd_d192_k3_eval,iter2_multistep_eval,returned_means,True,False,1,test,160867,1323,0,77.6868749388156,False,29
pd_d192_k3_eval:returned:score_by_iter2_multistep_eval,round_verification,pd_d192_k3_eval,iter2_multistep_eval,returned_means,True,False,2,dev,202352,1644,51,7.248368862671502,True,29
pd_d192_k3_eval:returned:score_by_iter2_multistep_eval,round_verification,pd_d192_k3_eval,iter2_multistep_eval,returned_means,True,False,3,test,209765,1698,66,15.278250573498385,True,29
pd_d192_k3_eval:returned:score_by_iter2_multistep_eval,round_verification,pd_d192_k3_eval,iter2_multistep_eval,returned_means,True,False,4,dev,217353,1773,11,17.239502352608124,True,29
pd_d192_k3_eval:returned:score_by_iter2_multistep_eval,round_verification,pd_d192_k3_eval,iter2_multistep_eval,returned_means,True,False,5,test,223315,1841,14,12.842634487854424,True,29
pd_d192_k3_eval:returned:score_by_iter2_multistep_eval,round_verification,pd_d192_k3_eval,iter2_multistep_eval,returned_means,True,False,6,dev,310451,2671,96,14.079151122124209,True,29
pd_d192_k3_eval:returned:score_by_iter2_multistep_eval,round_verification,pd_d192_k3_eval,iter2_multistep_eval,returned_means,True,False,7,test,390562,3199,35,16.382189537393437,True,29
pd_d192_k3_eval:returned:score_by_iter2_multistep_eval,round_verification,pd_d192_k3_eval,iter2_multistep_eval,returned_means,True,False,8,dev,431727,3540,24,9.499867198885449,True,29
pd_d192_k3_eval:returned:score_by_iter2_multistep_eval,round_verification,pd_d192_k3_eval,iter2_multistep_eval,returned_means,True,False,9,test,474074,3847,75,37.288076767512415,False,29
pd_d192_k3_eval:returned:score_by_iter2_multistep_eval,round_verification,pd_d192_k3_eval,iter2_multistep_eval,returned_means,True,False,10,dev,533874,4318,18,21.20061133848492,True,29
pd_d192_k3_eval:returned:score_by_iter2_multistep_eval,round_verification,pd_d192_k3_eval,iter2_multistep_eval,returned_means,True,False,11,test,644580,5118,142,185.78198110292118,False,29
pd_d192_k3_eval:returned:score_by_iter2_multistep_eval,round_verification,pd_d192_k3_eval,iter2_multistep_eval,returned_means,True,False,12,dev,829738,6657,59,22.699519401195342,True,29
pd_d192_k3_eval:returned:score_by_iter2_multistep_eval,round_verification,pd_d192_k3_eval,iter2_multistep_eval,returned_means,True,False,13,test,869151,6996,39,14.288729190617381,True,29
pd_d192_k3_eval:returned:score_by_iter2_multistep_eval,round_verification,pd_d192_k3_eval,iter2_multistep_eval,returned_means,True,False,14,dev,942841,7582,51,11.227443854738024,True,29
pd_d192_k3_eval:returned:score_by_iter2_multistep_eval,round_verification,pd_d192_k3_eval,iter2_multistep_eval,returned_means,True,False,15,test,1018266,8252,97,12.313582097270427,True,29
pd_d192_k3_eval:returned:score_by_iter2_multistep_eval,round_verification,pd_d192_k3_eval,iter2_multistep_eval,returned_means,True,False,16,dev,1030584,8327,40,2.5105060537798076,True,29
pd_d192_k3_eval:returned:score_by_iter2_multistep_eval,round_verification,pd_d192_k3_eval,iter2_multistep_eval,returned_means,True,False,17,test,1040084,8384,49,160.6964192083715,False,29
pd_d192_k3_eval:returned:score_by_iter2_multistep_eval,round_verification,pd_d192_k3_eval,iter2_multistep_eval,returned_means,True,False,18,dev,1045185,8421,7,81.32233624803169,False,29
pd_d192_k3_eval:returned:score_by_iter2_multistep_eval,round_verification,pd_d192_k3_eval,iter2_multistep_eval,returned_means,True,False,19,test,1055880,8502,55,137.38366261363245,False,29
pd_d192_k3_eval:returned:score_by_iter2_multistep_eval,round_verification,pd_d192_k3_eval,iter2_multistep_eval,returned_means,True,False,20,dev,1056082,8504,47,10.683030140824949,True,29
pd_d192_k3_eval:returned:score_by_iter2_multistep_eval,round_verification,pd_d192_k3_eval,iter2_multistep_eval,returned_means,True,False,21,test,1180892,9642,28,17.687361735661348,True,29
pd_d192_k3_eval:returned:score_by_iter2_multistep_eval,round_verification,pd_d192_k3_eval,iter2_multistep_eval,returned_means,True,False,22,dev,1212032,9909,97,5.546765325731793,True,29
pd_d192_k3_eval:returned:score_by_iter2_multistep_eval,round_verification,pd_d192_k3_eval,iter2_multistep_eval,returned_means,True,False,23,test,1242570,10146,97,14.321262790949856,True,29
pd_d192_k3_eval:returned:score_by_iter2_multistep_eval,round_verification,pd_d192_k3_eval,iter2_multistep_eval,returned_means,True,False,24,dev,1283018,10404,128,14.421888016055432,True,29
pd_d192_k3_eval:returned:score_by_iter2_multistep_eval,round_verification,pd_d192_k3_eval,iter2_multistep_eval,returned_means,True,False,25,test,1301452,10501,132,15.832401768108058,True,29
pd_d192_k3_eval:returned:score_by_iter2_multistep_eval,round_verification,pd_d192_k3_eval,iter2_multistep_eval,returned_means,True,False,26,dev,1474720,11770,36,11.378838140726822,True,29
pd_d192_k3_eval:returned:score_by_iter2_multistep_eval,round_verification,pd_d192_k3_eval,iter2_multistep_eval,returned_means,True,False,27,test,1505301,12050,1,582.5177656836264,False,29
pd_d192_k3_eval:returned:score_by_iter2_multistep_eval,round_verification,pd_d192_k3_eval,iter2_multistep_eval,returned_means,True,False,28,dev,1529062,12219,83,21.273405390247834,True,29
pd_d192_k3_eval:returned:score_by_iter2_multistep_eval,round_verification,pd_d192_k3_eval,iter2_multistep_eval,returned_means,True,False,29,test,1580839,12585,6,77.62316833224872,False,29
pd_d192_k3_eval:returned:score_by_iter2_multistep_eval,round_verification,pd_d192_k3_eval,iter2_multistep_eval,returned_means,True,False,30,dev,1626162,12946,66,19.97278596162415,True,29
pd_d192_k3_eval:returned:score_by_iter2_multistep_eval,round_verification,pd_d192_k3_eval,iter2_multistep_eval,returned_means,True,False,31,test,1634000,13016,64,213.80408617023744,False,29
pd_d192_k3_eval:returned:score_by_iter2_multistep_eval,round_verification,pd_d192_k3_eval,iter2_multistep_eval,returned_means,True,False,32,dev,1671846,13289,108,215.86092909783574,False,29
pd_d192_k3_eval:returned:score_by_iter2_multistep_eval,round_verification,pd_d192_k3_eval,iter2_multistep_eval,returned_means,True,False,33,test,1711529,13555,30,27.55306923054851,False,29
pd_d192_k3_eval:returned:score_by_iter2_multistep_eval,round_verification,pd_d192_k3_eval,iter2_multistep_eval,returned_means,True,False,34,dev,1765609,14019,13,14.549269791753671,True,29
pd_d192_k3_eval:returned:score_by_iter2_multistep_eval,round_verification,pd_d192_k3_eval,iter2_multistep_eval,returned_means,True,False,35,test,1772758,14077,32,184.21034288055063,False,29
pd_d192_k3_eval:returned:score_by_iter2_multistep_eval,round_verification,pd_d192_k3_eval,iter2_multistep_eval,returned_means,True,False,36,dev,1801558,14288,40,15.233154306935742,True,29
pd_d192_k3_eval:returned:score_by_iter2_multistep_eval,round_verification,pd_d192_k3_eval,iter2_multistep_eval,returned_means,True,False,37,test,1813392,14407,16,17.97865626057562,True,29
pd_d192_k3_eval:returned:score_by_iter2_multistep_eval,round_verification,pd_d192_k3_eval,iter2_multistep_eval,returned_means,True,False,38,dev,1820592,14461,52,160.51140500702536,False,29
pd_d192_k3_eval:returned:score_by_iter2_multistep_eval,round_verification,pd_d192_k3_eval,iter2_multistep_eval,returned_means,True,False,39,test,1829692,14510,38,21.90781928201768,True,29
pd_d192_k3_eval:returned:score_by_iter2_multistep_eval,round_verification,pd_d192_k3_eval,iter2_multistep_eval,returned_means,True,False,40,dev,1917705,15252,22,200.67569141433876,False,29
pd_d192_k3_eval:returned:score_by_iter2_multistep_eval,round_verification,pd_d192_k3_eval,iter2_multistep_eval,returned_means,True,False,41,test,1932213,15421,0,644.7249103931453,False,29
pd_d192_k3_eval:returned:score_by_iter2_multistep_eval,round_verification,pd_d192_k3_eval,iter2_multistep_eval,returned_means,True,False,42,dev,1962695,15702,23,216.63624952676344,False,29
pd_d192_k3_eval:returned:score_by_iter2_multistep_eval,round_verification,pd_d192_k3_eval,iter2_multistep_eval,returned_means,True,False,43,test,2004621,16013,81,845.9619943658217,False,29
pd_d192_k3_eval:returned:score_by_iter2_multistep_eval,round_verification,pd_d192_k3_eval,iter2_multistep_eval,returned_means,True,False,44,dev,2005201,16016,127,20.429174548169215,False,29
pd_d192_k3_eval:returned:score_by_iter2_multistep_eval,round_verification,pd_d192_k3_eval,iter2_multistep_eval,returned_means,True,False,45,test,2065261,16353,31,27.260907909501377,False,29
pd_d192_k3_eval:returned:score_by_iter2_multistep_eval,round_verification,pd_d192_k3_eval,iter2_multistep_eval,returned_means,True,False,46,dev,2079106,16491,32,21.839555904121855,True,29
pd_d192_k3_eval:returned:score_by_iter2_multistep_eval,round_verification,pd_d192_k3_eval,iter2_multistep_eval,returned_means,True,False,47,test,2163075,17254,80,7.158139158494066,True,29
pd_d192_k3_eval:returned:score_by_iter2_multistep_eval,round_verification,pd_d192_k3_eval,iter2_multistep_eval,returned_means,True,False,48,dev,2259080,17908,39,24.191352573216875,False,29
pd_d192_k3_eval:returned:score_by_iter2_multistep_eval,round_verification,pd_d192_k3_eval,iter2_multistep_eval,returned_means,True,False,49,test,2270553,18000,34,17.484822733090823,True,29
pd_d192_k3_eval:returned:score_by_pd_d192_k10_eval,round_verification,pd_d192_k3_eval,pd_d192_k10_eval,returned_means,True,False,0,dev,151146,1243,59,58.00828580061943,False,29
pd_d192_k3_eval:returned:score_by_pd_d192_k10_eval,round_verification,pd_d192_k3_eval,pd_d192_k10_eval,returned_means,True,False,1,test,160867,1323,0,77.6868749388156,False,29
pd_d192_k3_eval:returned:score_by_pd_d192_k10_eval,round_verification,pd_d192_k3_eval,pd_d192_k10_eval,returned_means,True,False,2,dev,202352,1644,51,7.248368862671502,True,29
pd_d192_k3_eval:returned:score_by_pd_d192_k10_eval,round_verification,pd_d192_k3_eval,pd_d192_k10_eval,returned_means,True,False,3,test,209765,1698,66,15.278250573498385,True,29
pd_d192_k3_eval:returned:score_by_pd_d192_k10_eval,round_verification,pd_d192_k3_eval,pd_d192_k10_eval,returned_means,True,False,4,dev,217353,1773,11,17.239502352608124,True,29
pd_d192_k3_eval:returned:score_by_pd_d192_k10_eval,round_verification,pd_d192_k3_eval,pd_d192_k10_eval,returned_means,True,False,5,test,223315,1841,14,12.842634487854424,True,29
pd_d192_k3_eval:returned:score_by_pd_d192_k10_eval,round_verification,pd_d192_k3_eval,pd_d192_k10_eval,returned_means,True,False,6,dev,310451,2671,96,14.079151122124209,True,29
pd_d192_k3_eval:returned:score_by_pd_d192_k10_eval,round_verification,pd_d192_k3_eval,pd_d192_k10_eval,returned_means,True,False,7,test,390562,3199,35,16.382189537393437,True,29
pd_d192_k3_eval:returned:score_by_pd_d192_k10_eval,round_verification,pd_d192_k3_eval,pd_d192_k10_eval,returned_means,True,False,8,dev,431727,3540,24,9.499867198885449,True,29
pd_d192_k3_eval:returned:score_by_pd_d192_k10_eval,round_verification,pd_d192_k3_eval,pd_d192_k10_eval,returned_means,True,False,9,test,474074,3847,75,37.288076767512415,False,29
pd_d192_k3_eval:returned:score_by_pd_d192_k10_eval,round_verification,pd_d192_k3_eval,pd_d192_k10_eval,returned_means,True,False,10,dev,533874,4318,18,21.20061133848492,True,29
pd_d192_k3_eval:returned:score_by_pd_d192_k10_eval,round_verification,pd_d192_k3_eval,pd_d192_k10_eval,returned_means,True,False,11,test,644580,5118,142,185.78198110292118,False,29
pd_d192_k3_eval:returned:score_by_pd_d192_k10_eval,round_verification,pd_d192_k3_eval,pd_d192_k10_eval,returned_means,True,False,12,dev,829738,6657,59,22.699519401195342,True,29
pd_d192_k3_eval:returned:score_by_pd_d192_k10_eval,round_verification,pd_d192_k3_eval,pd_d192_k10_eval,returned_means,True,False,13,test,869151,6996,39,14.288729190617381,True,29
pd_d192_k3_eval:returned:score_by_pd_d192_k10_eval,round_verification,pd_d192_k3_eval,pd_d192_k10_eval,returned_means,True,False,14,dev,942841,7582,51,11.227443854738024,True,29
pd_d192_k3_eval:returned:score_by_pd_d192_k10_eval,round_verification,pd_d192_k3_eval,pd_d192_k10_eval,returned_means,True,False,15,test,1018266,8252,97,12.313582097270427,True,29
pd_d192_k3_eval:returned:score_by_pd_d192_k10_eval,round_verification,pd_d192_k3_eval,pd_d192_k10_eval,returned_means,True,False,16,dev,1030584,8327,40,2.5105060537798076,True,29
pd_d192_k3_eval:returned:score_by_pd_d192_k10_eval,round_verification,pd_d192_k3_eval,pd_d192_k10_eval,returned_means,True,False,17,test,1040084,8384,49,160.6964192083715,False,29
pd_d192_k3_eval:returned:score_by_pd_d192_k10_eval,round_verification,pd_d192_k3_eval,pd_d192_k10_eval,returned_means,True,False,18,dev,1045185,8421,7,81.32233624803169,False,29
pd_d192_k3_eval:returned:score_by_pd_d192_k10_eval,round_verification,pd_d192_k3_eval,pd_d192_k10_eval,returned_means,True,False,19,test,1055880,8502,55,137.38366261363245,False,29
pd_d192_k3_eval:returned:score_by_pd_d192_k10_eval,round_verification,pd_d192_k3_eval,pd_d192_k10_eval,returned_means,True,False,20,dev,1056082,8504,47,10.683030140824949,True,29
pd_d192_k3_eval:returned:score_by_pd_d192_k10_eval,round_verification,pd_d192_k3_eval,pd_d192_k10_eval,returned_means,True,False,21,test,1180892,9642,28,17.687361735661348,True,29
pd_d192_k3_eval:returned:score_by_pd_d192_k10_eval,round_verification,pd_d192_k3_eval,pd_d192_k10_eval,returned_means,True,False,22,dev,1212032,9909,97,5.546765325731793,True,29
pd_d192_k3_eval:returned:score_by_pd_d192_k10_eval,round_verification,pd_d192_k3_eval,pd_d192_k10_eval,returned_means,True,False,23,test,1242570,10146,97,14.321262790949856,True,29
pd_d192_k3_eval:returned:score_by_pd_d192_k10_eval,round_verification,pd_d192_k3_eval,pd_d192_k10_eval,returned_means,True,False,24,dev,1283018,10404,128,14.421888016055432,True,29
pd_d192_k3_eval:returned:score_by_pd_d192_k10_eval,round_verification,pd_d192_k3_eval,pd_d192_k10_eval,returned_means,True,False,25,test,1301452,10501,132,15.832401768108058,True,29
pd_d192_k3_eval:returned:score_by_pd_d192_k10_eval,round_verification,pd_d192_k3_eval,pd_d192_k10_eval,returned_means,True,False,26,dev,1474720,11770,36,11.378838140726822,True,29
pd_d192_k3_eval:returned:score_by_pd_d192_k10_eval,round_verification,pd_d192_k3_eval,pd_d192_k10_eval,returned_means,True,False,27,test,1505301,12050,1,582.5177656836264,False,29
pd_d192_k3_eval:returned:score_by_pd_d192_k10_eval,round_verification,pd_d192_k3_eval,pd_d192_k10_eval,returned_means,True,False,28,dev,1529062,12219,83,21.273405390247834,True,29
pd_d192_k3_eval:returned:score_by_pd_d192_k10_eval,round_verification,pd_d192_k3_eval,pd_d192_k10_eval,returned_means,True,False,29,test,1580839,12585,6,77.62316833224872,False,29
pd_d192_k3_eval:returned:score_by_pd_d192_k10_eval,round_verification,pd_d192_k3_eval,pd_d192_k10_eval,returned_means,True,False,30,dev,1626162,12946,66,19.97278596162415,True,29
pd_d192_k3_eval:returned:score_by_pd_d192_k10_eval,round_verification,pd_d192_k3_eval,pd_d192_k10_eval,returned_means,True,False,31,test,1634000,13016,64,213.80408617023744,False,29
pd_d192_k3_eval:returned:score_by_pd_d192_k10_eval,round_verification,pd_d192_k3_eval,pd_d192_k10_eval,returned_means,True,False,32,dev,1671846,13289,108,215.86092909783574,False,29
pd_d192_k3_eval:returned:score_by_pd_d192_k10_eval,round_verification,pd_d192_k3_eval,pd_d192_k10_eval,returned_means,True,False,33,test,1711529,13555,30,27.55306923054851,False,29
pd_d192_k3_eval:returned:score_by_pd_d192_k10_eval,round_verification,pd_d192_k3_eval,pd_d192_k10_eval,returned_means,True,False,34,dev,1765609,14019,13,14.549269791753671,True,29
pd_d192_k3_eval:returned:score_by_pd_d192_k10_eval,round_verification,pd_d192_k3_eval,pd_d192_k10_eval,returned_means,True,False,35,test,1772758,14077,32,184.21034288055063,False,29
pd_d192_k3_eval:returned:score_by_pd_d192_k10_eval,round_verification,pd_d192_k3_eval,pd_d192_k10_eval,returned_means,True,False,36,dev,1801558,14288,40,15.233154306935742,True,29
pd_d192_k3_eval:returned:score_by_pd_d192_k10_eval,round_verification,pd_d192_k3_eval,pd_d192_k10_eval,returned_means,True,False,37,test,1813392,14407,16,17.97865626057562,True,29
pd_d192_k3_eval:returned:score_by_pd_d192_k10_eval,round_verification,pd_d192_k3_eval,pd_d192_k10_eval,returned_means,True,False,38,dev,1820592,14461,52,160.51140500702536,False,29
pd_d192_k3_eval:returned:score_by_pd_d192_k10_eval,round_verification,pd_d192_k3_eval,pd_d192_k10_eval,returned_means,True,False,39,test,1829692,14510,38,21.90781928201768,True,29
pd_d192_k3_eval:returned:score_by_pd_d192_k10_eval,round_verification,pd_d192_k3_eval,pd_d192_k10_eval,returned_means,True,False,40,dev,1917705,15252,22,200.67569141433876,False,29
pd_d192_k3_eval:returned:score_by_pd_d192_k10_eval,round_verification,pd_d192_k3_eval,pd_d192_k10_eval,returned_means,True,False,41,test,1932213,15421,0,644.7249103931453,False,29
pd_d192_k3_eval:returned:score_by_pd_d192_k10_eval,round_verification,pd_d192_k3_eval,pd_d192_k10_eval,returned_means,True,False,42,dev,1962695,15702,23,216.63624952676344,False,29
pd_d192_k3_eval:returned:score_by_pd_d192_k10_eval,round_verification,pd_d192_k3_eval,pd_d192_k10_eval,returned_means,True,False,43,test,2004621,16013,81,845.9619943658217,False,29
pd_d192_k3_eval:returned:score_by_pd_d192_k10_eval,round_verification,pd_d192_k3_eval,pd_d192_k10_eval,returned_means,True,False,44,dev,2005201,16016,127,20.429174548169215,False,29
pd_d192_k3_eval:returned:score_by_pd_d192_k10_eval,round_verification,pd_d192_k3_eval,pd_d192_k10_eval,returned_means,True,False,45,test,2065261,16353,31,27.260907909501377,False,29
pd_d192_k3_eval:returned:score_by_pd_d192_k10_eval,round_verification,pd_d192_k3_eval,pd_d192_k10_eval,returned_means,True,False,46,dev,2079106,16491,32,21.839555904121855,True,29
pd_d192_k3_eval:returned:score_by_pd_d192_k10_eval,round_verification,pd_d192_k3_eval,pd_d192_k10_eval,returned_means,True,False,47,test,2163075,17254,80,7.158139158494066,True,29
pd_d192_k3_eval:returned:score_by_pd_d192_k10_eval,round_verification,pd_d192_k3_eval,pd_d192_k10_eval,returned_means,True,False,48,dev,2259080,17908,39,24.191352573216875,False,29
pd_d192_k3_eval:returned:score_by_pd_d192_k10_eval,round_verification,pd_d192_k3_eval,pd_d192_k10_eval,returned_means,True,False,49,test,2270553,18000,34,17.484822733090823,True,29
pd_d192_k3_eval:returned:consensus,round_verification,pd_d192_k3_eval,all_rank_consensus,returned_means,True,False,0,dev,151146,1243,59,58.00828580061943,False,29
pd_d192_k3_eval:returned:consensus,round_verification,pd_d192_k3_eval,all_rank_consensus,returned_means,True,False,1,test,160867,1323,0,77.6868749388156,False,29
pd_d192_k3_eval:returned:consensus,round_verification,pd_d192_k3_eval,all_rank_consensus,returned_means,True,False,2,dev,202352,1644,51,7.248368862671502,True,29
pd_d192_k3_eval:returned:consensus,round_verification,pd_d192_k3_eval,all_rank_consensus,returned_means,True,False,3,test,209765,1698,66,15.278250573498385,True,29
pd_d192_k3_eval:returned:consensus,round_verification,pd_d192_k3_eval,all_rank_consensus,returned_means,True,False,4,dev,217353,1773,11,17.239502352608124,True,29
pd_d192_k3_eval:returned:consensus,round_verification,pd_d192_k3_eval,all_rank_consensus,returned_means,True,False,5,test,223315,1841,14,12.842634487854424,True,29
pd_d192_k3_eval:returned:consensus,round_verification,pd_d192_k3_eval,all_rank_consensus,returned_means,True,False,6,dev,310451,2671,96,14.079151122124209,True,29
pd_d192_k3_eval:returned:consensus,round_verification,pd_d192_k3_eval,all_rank_consensus,returned_means,True,False,7,test,390562,3199,35,16.382189537393437,True,29
pd_d192_k3_eval:returned:consensus,round_verification,pd_d192_k3_eval,all_rank_consensus,returned_means,True,False,8,dev,431727,3540,24,9.499867198885449,True,29
pd_d192_k3_eval:returned:consensus,round_verification,pd_d192_k3_eval,all_rank_consensus,returned_means,True,False,9,test,474074,3847,75,37.288076767512415,False,29
pd_d192_k3_eval:returned:consensus,round_verification,pd_d192_k3_eval,all_rank_consensus,returned_means,True,False,10,dev,533874,4318,18,21.20061133848492,True,29
pd_d192_k3_eval:returned:consensus,round_verification,pd_d192_k3_eval,all_rank_consensus,returned_means,True,False,11,test,644580,5118,142,185.78198110292118,False,29
pd_d192_k3_eval:returned:consensus,round_verification,pd_d192_k3_eval,all_rank_consensus,returned_means,True,False,12,dev,829738,6657,59,22.699519401195342,True,29
pd_d192_k3_eval:returned:consensus,round_verification,pd_d192_k3_eval,all_rank_consensus,returned_means,True,False,13,test,869151,6996,39,14.288729190617381,True,29
pd_d192_k3_eval:returned:consensus,round_verification,pd_d192_k3_eval,all_rank_consensus,returned_means,True,False,14,dev,942841,7582,51,11.227443854738024,True,29
pd_d192_k3_eval:returned:consensus,round_verification,pd_d192_k3_eval,all_rank_consensus,returned_means,True,False,15,test,1018266,8252,97,12.313582097270427,True,29
pd_d192_k3_eval:returned:consensus,round_verification,pd_d192_k3_eval,all_rank_consensus,returned_means,True,False,16,dev,1030584,8327,40,2.5105060537798076,True,29
pd_d192_k3_eval:returned:consensus,round_verification,pd_d192_k3_eval,all_rank_consensus,returned_means,True,False,17,test,1040084,8384,49,160.6964192083715,False,29
pd_d192_k3_eval:returned:consensus,round_verification,pd_d192_k3_eval,all_rank_consensus,returned_means,True,False,18,dev,1045185,8421,7,81.32233624803169,False,29
pd_d192_k3_eval:returned:consensus,round_verification,pd_d192_k3_eval,all_rank_consensus,returned_means,True,False,19,test,1055880,8502,55,137.38366261363245,False,29
pd_d192_k3_eval:returned:consensus,round_verification,pd_d192_k3_eval,all_rank_consensus,returned_means,True,False,20,dev,1056082,8504,47,10.683030140824949,True,29
pd_d192_k3_eval:returned:consensus,round_verification,pd_d192_k3_eval,all_rank_consensus,returned_means,True,False,21,test,1180892,9642,28,17.687361735661348,True,29
pd_d192_k3_eval:returned:consensus,round_verification,pd_d192_k3_eval,all_rank_consensus,returned_means,True,False,22,dev,1212032,9909,97,5.546765325731793,True,29
pd_d192_k3_eval:returned:consensus,round_verification,pd_d192_k3_eval,all_rank_consensus,returned_means,True,False,23,test,1242570,10146,97,14.321262790949856,True,29
pd_d192_k3_eval:returned:consensus,round_verification,pd_d192_k3_eval,all_rank_consensus,returned_means,True,False,24,dev,1283018,10404,128,14.421888016055432,True,29
pd_d192_k3_eval:returned:consensus,round_verification,pd_d192_k3_eval,all_rank_consensus,returned_means,True,False,25,test,1301452,10501,132,15.832401768108058,True,29
pd_d192_k3_eval:returned:consensus,round_verification,pd_d192_k3_eval,all_rank_consensus,returned_means,True,False,26,dev,1474720,11770,36,11.378838140726822,True,29
pd_d192_k3_eval:returned:consensus,round_verification,pd_d192_k3_eval,all_rank_consensus,returned_means,True,False,27,test,1505301,12050,1,582.5177656836264,False,29
pd_d192_k3_eval:returned:consensus,round_verification,pd_d192_k3_eval,all_rank_consensus,returned_means,True,False,28,dev,1529062,12219,83,21.273405390247834,True,29
pd_d192_k3_eval:returned:consensus,round_verification,pd_d192_k3_eval,all_rank_consensus,returned_means,True,False,29,test,1580839,12585,6,77.62316833224872,False,29
pd_d192_k3_eval:returned:consensus,round_verification,pd_d192_k3_eval,all_rank_consensus,returned_means,True,False,30,dev,1626162,12946,66,19.97278596162415,True,29
pd_d192_k3_eval:returned:consensus,round_verification,pd_d192_k3_eval,all_rank_consensus,returned_means,True,False,31,test,1634000,13016,64,213.80408617023744,False,29
pd_d192_k3_eval:returned:consensus,round_verification,pd_d192_k3_eval,all_rank_consensus,returned_means,True,False,32,dev,1671846,13289,108,215.86092909783574,False,29
pd_d192_k3_eval:returned:consensus,round_verification,pd_d192_k3_eval,all_rank_consensus,returned_means,True,False,33,test,1711529,13555,30,27.55306923054851,False,29
pd_d192_k3_eval:returned:consensus,round_verification,pd_d192_k3_eval,all_rank_consensus,returned_means,True,False,34,dev,1765609,14019,13,14.549269791753671,True,29
pd_d192_k3_eval:returned:consensus,round_verification,pd_d192_k3_eval,all_rank_consensus,returned_means,True,False,35,test,1772758,14077,32,184.21034288055063,False,29
pd_d192_k3_eval:returned:consensus,round_verification,pd_d192_k3_eval,all_rank_consensus,returned_means,True,False,36,dev,1801558,14288,40,15.233154306935742,True,29
pd_d192_k3_eval:returned:consensus,round_verification,pd_d192_k3_eval,all_rank_consensus,returned_means,True,False,37,test,1813392,14407,16,17.97865626057562,True,29
pd_d192_k3_eval:returned:consensus,round_verification,pd_d192_k3_eval,all_rank_consensus,returned_means,True,False,38,dev,1820592,14461,52,160.51140500702536,False,29
pd_d192_k3_eval:returned:consensus,round_verification,pd_d192_k3_eval,all_rank_consensus,returned_means,True,False,39,test,1829692,14510,38,21.90781928201768,True,29
pd_d192_k3_eval:returned:consensus,round_verification,pd_d192_k3_eval,all_rank_consensus,returned_means,True,False,40,dev,1917705,15252,22,200.67569141433876,False,29
pd_d192_k3_eval:returned:consensus,round_verification,pd_d192_k3_eval,all_rank_consensus,returned_means,True,False,41,test,1932213,15421,0,644.7249103931453,False,29
pd_d192_k3_eval:returned:consensus,round_verification,pd_d192_k3_eval,all_rank_consensus,returned_means,True,False,42,dev,1962695,15702,23,216.63624952676344,False,29
pd_d192_k3_eval:returned:consensus,round_verification,pd_d192_k3_eval,all_rank_consensus,returned_means,True,False,43,test,2004621,16013,81,845.9619943658217,False,29
pd_d192_k3_eval:returned:consensus,round_verification,pd_d192_k3_eval,all_rank_consensus,returned_means,True,False,44,dev,2005201,16016,127,20.429174548169215,False,29
pd_d192_k3_eval:returned:consensus,round_verification,pd_d192_k3_eval,all_rank_consensus,returned_means,True,False,45,test,2065261,16353,31,27.260907909501377,False,29
pd_d192_k3_eval:returned:consensus,round_verification,pd_d192_k3_eval,all_rank_consensus,returned_means,True,False,46,dev,2079106,16491,32,21.839555904121855,True,29
pd_d192_k3_eval:returned:consensus,round_verification,pd_d192_k3_eval,all_rank_consensus,returned_means,True,False,47,test,2163075,17254,80,7.158139158494066,True,29
pd_d192_k3_eval:returned:consensus,round_verification,pd_d192_k3_eval,all_rank_consensus,returned_means,True,False,48,dev,2259080,17908,39,24.191352573216875,False,29
pd_d192_k3_eval:returned:consensus,round_verification,pd_d192_k3_eval,all_rank_consensus,returned_means,True,False,49,test,2270553,18000,34,17.484822733090823,True,29
pd_d192_k3_eval:returned:nonself_consensus,round_verification,pd_d192_k3_eval,nonself_rank_consensus,returned_means,True,False,0,dev,151146,1243,59,58.00828580061943,False,29
pd_d192_k3_eval:returned:nonself_consensus,round_verification,pd_d192_k3_eval,nonself_rank_consensus,returned_means,True,False,1,test,160867,1323,0,77.6868749388156,False,29
pd_d192_k3_eval:returned:nonself_consensus,round_verification,pd_d192_k3_eval,nonself_rank_consensus,returned_means,True,False,2,dev,202352,1644,51,7.248368862671502,True,29
pd_d192_k3_eval:returned:nonself_consensus,round_verification,pd_d192_k3_eval,nonself_rank_consensus,returned_means,True,False,3,test,209765,1698,66,15.278250573498385,True,29
pd_d192_k3_eval:returned:nonself_consensus,round_verification,pd_d192_k3_eval,nonself_rank_consensus,returned_means,True,False,4,dev,217353,1773,11,17.239502352608124,True,29
pd_d192_k3_eval:returned:nonself_consensus,round_verification,pd_d192_k3_eval,nonself_rank_consensus,returned_means,True,False,5,test,223315,1841,14,12.842634487854424,True,29
pd_d192_k3_eval:returned:nonself_consensus,round_verification,pd_d192_k3_eval,nonself_rank_consensus,returned_means,True,False,6,dev,310451,2671,96,14.079151122124209,True,29
pd_d192_k3_eval:returned:nonself_consensus,round_verification,pd_d192_k3_eval,nonself_rank_consensus,returned_means,True,False,7,test,390562,3199,35,16.382189537393437,True,29
pd_d192_k3_eval:returned:nonself_consensus,round_verification,pd_d192_k3_eval,nonself_rank_consensus,returned_means,True,False,8,dev,431727,3540,24,9.499867198885449,True,29
pd_d192_k3_eval:returned:nonself_consensus,round_verification,pd_d192_k3_eval,nonself_rank_consensus,returned_means,True,False,9,test,474074,3847,75,37.288076767512415,False,29
pd_d192_k3_eval:returned:nonself_consensus,round_verification,pd_d192_k3_eval,nonself_rank_consensus,returned_means,True,False,10,dev,533874,4318,18,21.20061133848492,True,29
pd_d192_k3_eval:returned:nonself_consensus,round_verification,pd_d192_k3_eval,nonself_rank_consensus,returned_means,True,False,11,test,644580,5118,142,185.78198110292118,False,29
pd_d192_k3_eval:returned:nonself_consensus,round_verification,pd_d192_k3_eval,nonself_rank_consensus,returned_means,True,False,12,dev,829738,6657,59,22.699519401195342,True,29
pd_d192_k3_eval:returned:nonself_consensus,round_verification,pd_d192_k3_eval,nonself_rank_consensus,returned_means,True,False,13,test,869151,6996,39,14.288729190617381,True,29
pd_d192_k3_eval:returned:nonself_consensus,round_verification,pd_d192_k3_eval,nonself_rank_consensus,returned_means,True,False,14,dev,942841,7582,51,11.227443854738024,True,29
pd_d192_k3_eval:returned:nonself_consensus,round_verification,pd_d192_k3_eval,nonself_rank_consensus,returned_means,True,False,15,test,1018266,8252,97,12.313582097270427,True,29
pd_d192_k3_eval:returned:nonself_consensus,round_verification,pd_d192_k3_eval,nonself_rank_consensus,returned_means,True,False,16,dev,1030584,8327,40,2.5105060537798076,True,29
pd_d192_k3_eval:returned:nonself_consensus,round_verification,pd_d192_k3_eval,nonself_rank_consensus,returned_means,True,False,17,test,1040084,8384,49,160.6964192083715,False,29
pd_d192_k3_eval:returned:nonself_consensus,round_verification,pd_d192_k3_eval,nonself_rank_consensus,returned_means,True,False,18,dev,1045185,8421,7,81.32233624803169,False,29
pd_d192_k3_eval:returned:nonself_consensus,round_verification,pd_d192_k3_eval,nonself_rank_consensus,returned_means,True,False,19,test,1055880,8502,55,137.38366261363245,False,29
pd_d192_k3_eval:returned:nonself_consensus,round_verification,pd_d192_k3_eval,nonself_rank_consensus,returned_means,True,False,20,dev,1056082,8504,47,10.683030140824949,True,29
pd_d192_k3_eval:returned:nonself_consensus,round_verification,pd_d192_k3_eval,nonself_rank_consensus,returned_means,True,False,21,test,1180892,9642,28,17.687361735661348,True,29
pd_d192_k3_eval:returned:nonself_consensus,round_verification,pd_d192_k3_eval,nonself_rank_consensus,returned_means,True,False,22,dev,1212032,9909,97,5.546765325731793,True,29
pd_d192_k3_eval:returned:nonself_consensus,round_verification,pd_d192_k3_eval,nonself_rank_consensus,returned_means,True,False,23,test,1242570,10146,97,14.321262790949856,True,29
pd_d192_k3_eval:returned:nonself_consensus,round_verification,pd_d192_k3_eval,nonself_rank_consensus,returned_means,True,False,24,dev,1283018,10404,128,14.421888016055432,True,29
pd_d192_k3_eval:returned:nonself_consensus,round_verification,pd_d192_k3_eval,nonself_rank_consensus,returned_means,True,False,25,test,1301452,10501,132,15.832401768108058,True,29
pd_d192_k3_eval:returned:nonself_consensus,round_verification,pd_d192_k3_eval,nonself_rank_consensus,returned_means,True,False,26,dev,1474720,11770,36,11.378838140726822,True,29
pd_d192_k3_eval:returned:nonself_consensus,round_verification,pd_d192_k3_eval,nonself_rank_consensus,returned_means,True,False,27,test,1505301,12050,1,582.5177656836264,False,29
pd_d192_k3_eval:returned:nonself_consensus,round_verification,pd_d192_k3_eval,nonself_rank_consensus,returned_means,True,False,28,dev,1529062,12219,83,21.273405390247834,True,29
pd_d192_k3_eval:returned:nonself_consensus,round_verification,pd_d192_k3_eval,nonself_rank_consensus,returned_means,True,False,29,test,1580839,12585,6,77.62316833224872,False,29
pd_d192_k3_eval:returned:nonself_consensus,round_verification,pd_d192_k3_eval,nonself_rank_consensus,returned_means,True,False,30,dev,1626162,12946,66,19.97278596162415,True,29
pd_d192_k3_eval:returned:nonself_consensus,round_verification,pd_d192_k3_eval,nonself_rank_consensus,returned_means,True,False,31,test,1634000,13016,64,213.80408617023744,False,29
pd_d192_k3_eval:returned:nonself_consensus,round_verification,pd_d192_k3_eval,nonself_rank_consensus,returned_means,True,False,32,dev,1671846,13289,108,215.86092909783574,False,29
pd_d192_k3_eval:returned:nonself_consensus,round_verification,pd_d192_k3_eval,nonself_rank_consensus,returned_means,True,False,33,test,1711529,13555,30,27.55306923054851,False,29
pd_d192_k3_eval:returned:nonself_consensus,round_verification,pd_d192_k3_eval,nonself_rank_consensus,returned_means,True,False,34,dev,1765609,14019,13,14.549269791753671,True,29
pd_d192_k3_eval:returned:nonself_consensus,round_verification,pd_d192_k3_eval,nonself_rank_consensus,returned_means,True,False,35,test,1772758,14077,32,184.21034288055063,False,29
pd_d192_k3_eval:returned:nonself_consensus,round_verification,pd_d192_k3_eval,nonself_rank_consensus,returned_means,True,False,36,dev,1801558,14288,40,15.233154306935742,True,29
pd_d192_k3_eval:returned:nonself_consensus,round_verification,pd_d192_k3_eval,nonself_rank_consensus,returned_means,True,False,37,test,1813392,14407,16,17.97865626057562,True,29
pd_d192_k3_eval:returned:nonself_consensus,round_verification,pd_d192_k3_eval,nonself_rank_consensus,returned_means,True,False,38,dev,1820592,14461,52,160.51140500702536,False,29
pd_d192_k3_eval:returned:nonself_consensus,round_verification,pd_d192_k3_eval,nonself_rank_consensus,returned_means,True,False,39,test,1829692,14510,38,21.90781928201768,True,29
pd_d192_k3_eval:returned:nonself_consensus,round_verification,pd_d192_k3_eval,nonself_rank_consensus,returned_means,True,False,40,dev,1917705,15252,22,200.67569141433876,False,29
pd_d192_k3_eval:returned:nonself_consensus,round_verification,pd_d192_k3_eval,nonself_rank_consensus,returned_means,True,False,41,test,1932213,15421,0,644.7249103931453,False,29
pd_d192_k3_eval:returned:nonself_consensus,round_verification,pd_d192_k3_eval,nonself_rank_consensus,returned_means,True,False,42,dev,1962695,15702,23,216.63624952676344,False,29
pd_d192_k3_eval:returned:nonself_consensus,round_verification,pd_d192_k3_eval,nonself_rank_consensus,returned_means,True,False,43,test,2004621,16013,81,845.9619943658217,False,29
pd_d192_k3_eval:returned:nonself_consensus,round_verification,pd_d192_k3_eval,nonself_rank_consensus,returned_means,True,False,44,dev,2005201,16016,127,20.429174548169215,False,29
pd_d192_k3_eval:returned:nonself_consensus,round_verification,pd_d192_k3_eval,nonself_rank_consensus,returned_means,True,False,45,test,2065261,16353,31,27.260907909501377,False,29
pd_d192_k3_eval:returned:nonself_consensus,round_verification,pd_d192_k3_eval,nonself_rank_consensus,returned_means,True,False,46,dev,2079106,16491,32,21.839555904121855,True,29
pd_d192_k3_eval:returned:nonself_consensus,round_verification,pd_d192_k3_eval,nonself_rank_consensus,returned_means,True,False,47,test,2163075,17254,80,7.158139158494066,True,29
pd_d192_k3_eval:returned:nonself_consensus,round_verification,pd_d192_k3_eval,nonself_rank_consensus,returned_means,True,False,48,dev,2259080,17908,39,24.191352573216875,False,29
pd_d192_k3_eval:returned:nonself_consensus,round_verification,pd_d192_k3_eval,nonself_rank_consensus,returned_means,True,False,49,test,2270553,18000,34,17.484822733090823,True,29
pd_d192_k3_eval:returned:oracle_round,oracle_ceiling,pd_d192_k3_eval,true_simulator_cost,returned_means,False,False,0,dev,151146,1243,59,58.00828580061943,False,29
pd_d192_k3_eval:returned:oracle_round,oracle_ceiling,pd_d192_k3_eval,true_simulator_cost,returned_means,False,False,1,test,160867,1323,0,77.6868749388156,False,29
pd_d192_k3_eval:returned:oracle_round,oracle_ceiling,pd_d192_k3_eval,true_simulator_cost,returned_means,False,False,2,dev,202352,1644,51,7.248368862671502,True,29
pd_d192_k3_eval:returned:oracle_round,oracle_ceiling,pd_d192_k3_eval,true_simulator_cost,returned_means,False,False,3,test,209765,1698,66,15.278250573498385,True,29
pd_d192_k3_eval:returned:oracle_round,oracle_ceiling,pd_d192_k3_eval,true_simulator_cost,returned_means,False,False,4,dev,217353,1773,11,17.239502352608124,True,29
pd_d192_k3_eval:returned:oracle_round,oracle_ceiling,pd_d192_k3_eval,true_simulator_cost,returned_means,False,False,5,test,223315,1841,14,12.842634487854424,True,29
pd_d192_k3_eval:returned:oracle_round,oracle_ceiling,pd_d192_k3_eval,true_simulator_cost,returned_means,False,False,6,dev,310451,2671,96,14.079151122124209,True,29
pd_d192_k3_eval:returned:oracle_round,oracle_ceiling,pd_d192_k3_eval,true_simulator_cost,returned_means,False,False,7,test,390562,3199,35,16.382189537393437,True,29
pd_d192_k3_eval:returned:oracle_round,oracle_ceiling,pd_d192_k3_eval,true_simulator_cost,returned_means,False,False,8,dev,431727,3540,24,9.499867198885449,True,29
pd_d192_k3_eval:returned:oracle_round,oracle_ceiling,pd_d192_k3_eval,true_simulator_cost,returned_means,False,False,9,test,474074,3847,75,37.288076767512415,False,29
pd_d192_k3_eval:returned:oracle_round,oracle_ceiling,pd_d192_k3_eval,true_simulator_cost,returned_means,False,False,10,dev,533874,4318,18,21.20061133848492,True,29
pd_d192_k3_eval:returned:oracle_round,oracle_ceiling,pd_d192_k3_eval,true_simulator_cost,returned_means,False,False,11,test,644580,5118,142,185.78198110292118,False,29
pd_d192_k3_eval:returned:oracle_round,oracle_ceiling,pd_d192_k3_eval,true_simulator_cost,returned_means,False,False,12,dev,829738,6657,59,22.699519401195342,True,29
pd_d192_k3_eval:returned:oracle_round,oracle_ceiling,pd_d192_k3_eval,true_simulator_cost,returned_means,False,False,13,test,869151,6996,39,14.288729190617381,True,29
pd_d192_k3_eval:returned:oracle_round,oracle_ceiling,pd_d192_k3_eval,true_simulator_cost,returned_means,False,False,14,dev,942841,7582,51,11.227443854738024,True,29
pd_d192_k3_eval:returned:oracle_round,oracle_ceiling,pd_d192_k3_eval,true_simulator_cost,returned_means,False,False,15,test,1018266,8252,97,12.313582097270427,True,29
pd_d192_k3_eval:returned:oracle_round,oracle_ceiling,pd_d192_k3_eval,true_simulator_cost,returned_means,False,False,16,dev,1030584,8327,40,2.5105060537798076,True,29
pd_d192_k3_eval:returned:oracle_round,oracle_ceiling,pd_d192_k3_eval,true_simulator_cost,returned_means,False,False,17,test,1040084,8384,49,160.6964192083715,False,29
pd_d192_k3_eval:returned:oracle_round,oracle_ceiling,pd_d192_k3_eval,true_simulator_cost,returned_means,False,False,18,dev,1045185,8421,7,81.32233624803169,False,29
pd_d192_k3_eval:returned:oracle_round,oracle_ceiling,pd_d192_k3_eval,true_simulator_cost,returned_means,False,False,19,test,1055880,8502,55,137.38366261363245,False,29
pd_d192_k3_eval:returned:oracle_round,oracle_ceiling,pd_d192_k3_eval,true_simulator_cost,returned_means,False,False,20,dev,1056082,8504,47,10.683030140824949,True,29
pd_d192_k3_eval:returned:oracle_round,oracle_ceiling,pd_d192_k3_eval,true_simulator_cost,returned_means,False,False,21,test,1180892,9642,28,17.687361735661348,True,29
pd_d192_k3_eval:returned:oracle_round,oracle_ceiling,pd_d192_k3_eval,true_simulator_cost,returned_means,False,False,22,dev,1212032,9909,97,5.546765325731793,True,29
pd_d192_k3_eval:returned:oracle_round,oracle_ceiling,pd_d192_k3_eval,true_simulator_cost,returned_means,False,False,23,test,1242570,10146,97,14.321262790949856,True,29
pd_d192_k3_eval:returned:oracle_round,oracle_ceiling,pd_d192_k3_eval,true_simulator_cost,returned_means,False,False,24,dev,1283018,10404,128,14.421888016055432,True,29
pd_d192_k3_eval:returned:oracle_round,oracle_ceiling,pd_d192_k3_eval,true_simulator_cost,returned_means,False,False,25,test,1301452,10501,132,15.832401768108058,True,29
pd_d192_k3_eval:returned:oracle_round,oracle_ceiling,pd_d192_k3_eval,true_simulator_cost,returned_means,False,False,26,dev,1474720,11770,36,11.378838140726822,True,29
pd_d192_k3_eval:returned:oracle_round,oracle_ceiling,pd_d192_k3_eval,true_simulator_cost,returned_means,False,False,27,test,1505301,12050,1,582.5177656836264,False,29
pd_d192_k3_eval:returned:oracle_round,oracle_ceiling,pd_d192_k3_eval,true_simulator_cost,returned_means,False,False,28,dev,1529062,12219,83,21.273405390247834,True,29
pd_d192_k3_eval:returned:oracle_round,oracle_ceiling,pd_d192_k3_eval,true_simulator_cost,returned_means,False,False,29,test,1580839,12585,6,77.62316833224872,False,29
pd_d192_k3_eval:returned:oracle_round,oracle_ceiling,pd_d192_k3_eval,true_simulator_cost,returned_means,False,False,30,dev,1626162,12946,66,19.97278596162415,True,29
pd_d192_k3_eval:returned:oracle_round,oracle_ceiling,pd_d192_k3_eval,true_simulator_cost,returned_means,False,False,31,test,1634000,13016,64,213.80408617023744,False,29
pd_d192_k3_eval:returned:oracle_round,oracle_ceiling,pd_d192_k3_eval,true_simulator_cost,returned_means,False,False,32,dev,1671846,13289,108,215.86092909783574,False,29
pd_d192_k3_eval:returned:oracle_round,oracle_ceiling,pd_d192_k3_eval,true_simulator_cost,returned_means,False,False,33,test,1711529,13555,30,27.55306923054851,False,29
pd_d192_k3_eval:returned:oracle_round,oracle_ceiling,pd_d192_k3_eval,true_simulator_cost,returned_means,False,False,34,dev,1765609,14019,13,14.549269791753671,True,29
pd_d192_k3_eval:returned:oracle_round,oracle_ceiling,pd_d192_k3_eval,true_simulator_cost,returned_means,False,False,35,test,1772758,14077,32,184.21034288055063,False,29
pd_d192_k3_eval:returned:oracle_round,oracle_ceiling,pd_d192_k3_eval,true_simulator_cost,returned_means,False,False,36,dev,1801558,14288,40,15.233154306935742,True,29
pd_d192_k3_eval:returned:oracle_round,oracle_ceiling,pd_d192_k3_eval,true_simulator_cost,returned_means,False,False,37,test,1813392,14407,16,17.97865626057562,True,29
pd_d192_k3_eval:returned:oracle_round,oracle_ceiling,pd_d192_k3_eval,true_simulator_cost,returned_means,False,False,38,dev,1820592,14461,52,160.51140500702536,False,29
pd_d192_k3_eval:returned:oracle_round,oracle_ceiling,pd_d192_k3_eval,true_simulator_cost,returned_means,False,False,39,test,1829692,14510,38,21.90781928201768,True,29
pd_d192_k3_eval:returned:oracle_round,oracle_ceiling,pd_d192_k3_eval,true_simulator_cost,returned_means,False,False,40,dev,1917705,15252,22,200.67569141433876,False,29
pd_d192_k3_eval:returned:oracle_round,oracle_ceiling,pd_d192_k3_eval,true_simulator_cost,returned_means,False,False,41,test,1932213,15421,0,644.7249103931453,False,29
pd_d192_k3_eval:returned:oracle_round,oracle_ceiling,pd_d192_k3_eval,true_simulator_cost,returned_means,False,False,42,dev,1962695,15702,23,216.63624952676344,False,29
pd_d192_k3_eval:returned:oracle_round,oracle_ceiling,pd_d192_k3_eval,true_simulator_cost,returned_means,False,False,43,test,2004621,16013,81,845.9619943658217,False,29
pd_d192_k3_eval:returned:oracle_round,oracle_ceiling,pd_d192_k3_eval,true_simulator_cost,returned_means,False,False,44,dev,2005201,16016,127,20.429174548169215,False,29
pd_d192_k3_eval:returned:oracle_round,oracle_ceiling,pd_d192_k3_eval,true_simulator_cost,returned_means,False,False,45,test,2065261,16353,31,27.260907909501377,False,29
pd_d192_k3_eval:returned:oracle_round,oracle_ceiling,pd_d192_k3_eval,true_simulator_cost,returned_means,False,False,46,dev,2079106,16491,32,21.839555904121855,True,29
pd_d192_k3_eval:returned:oracle_round,oracle_ceiling,pd_d192_k3_eval,true_simulator_cost,returned_means,False,False,47,test,2163075,17254,80,7.158139158494066,True,29
pd_d192_k3_eval:returned:oracle_round,oracle_ceiling,pd_d192_k3_eval,true_simulator_cost,returned_means,False,False,48,dev,2259080,17908,39,24.191352573216875,False,29
pd_d192_k3_eval:returned:oracle_round,oracle_ceiling,pd_d192_k3_eval,true_simulator_cost,returned_means,False,False,49,test,2270553,18000,34,17.484822733090823,True,29
pd_d192_k3_eval:population_all:score_by_pd_d192_k3_eval,population_verification,pd_d192_k3_eval,pd_d192_k3_eval,all_recorded_populations,True,False,0,dev,151146,1243,59,69.86056489338178,False,29
pd_d192_k3_eval:population_all:score_by_pd_d192_k3_eval,population_verification,pd_d192_k3_eval,pd_d192_k3_eval,all_recorded_populations,True,False,1,test,160867,1323,0,78.26714007789538,False,29
pd_d192_k3_eval:population_all:score_by_pd_d192_k3_eval,population_verification,pd_d192_k3_eval,pd_d192_k3_eval,all_recorded_populations,True,False,2,dev,202352,1644,51,19.582878444974806,True,29
pd_d192_k3_eval:population_all:score_by_pd_d192_k3_eval,population_verification,pd_d192_k3_eval,pd_d192_k3_eval,all_recorded_populations,True,False,3,test,209765,1698,66,14.203125769242224,True,29
pd_d192_k3_eval:population_all:score_by_pd_d192_k3_eval,population_verification,pd_d192_k3_eval,pd_d192_k3_eval,all_recorded_populations,True,False,4,dev,217353,1773,11,19.27149054422489,True,29
pd_d192_k3_eval:population_all:score_by_pd_d192_k3_eval,population_verification,pd_d192_k3_eval,pd_d192_k3_eval,all_recorded_populations,True,False,5,test,223315,1841,14,12.7961884199512,True,29
pd_d192_k3_eval:population_all:score_by_pd_d192_k3_eval,population_verification,pd_d192_k3_eval,pd_d192_k3_eval,all_recorded_populations,True,False,6,dev,310451,2671,96,14.329355320561104,True,29
pd_d192_k3_eval:population_all:score_by_pd_d192_k3_eval,population_verification,pd_d192_k3_eval,pd_d192_k3_eval,all_recorded_populations,True,False,7,test,390562,3199,35,16.17207787823568,True,29
pd_d192_k3_eval:population_all:score_by_pd_d192_k3_eval,population_verification,pd_d192_k3_eval,pd_d192_k3_eval,all_recorded_populations,True,False,8,dev,431727,3540,24,10.702928621379831,True,29
pd_d192_k3_eval:population_all:score_by_pd_d192_k3_eval,population_verification,pd_d192_k3_eval,pd_d192_k3_eval,all_recorded_populations,True,False,9,test,474074,3847,75,47.63457493377321,False,29
pd_d192_k3_eval:population_all:score_by_pd_d192_k3_eval,population_verification,pd_d192_k3_eval,pd_d192_k3_eval,all_recorded_populations,True,False,10,dev,533874,4318,18,17.465508659220536,True,29
pd_d192_k3_eval:population_all:score_by_pd_d192_k3_eval,population_verification,pd_d192_k3_eval,pd_d192_k3_eval,all_recorded_populations,True,False,11,test,644580,5118,142,192.04126005454665,False,29
pd_d192_k3_eval:population_all:score_by_pd_d192_k3_eval,population_verification,pd_d192_k3_eval,pd_d192_k3_eval,all_recorded_populations,True,False,12,dev,829738,6657,59,23.264983611315902,True,29
pd_d192_k3_eval:population_all:score_by_pd_d192_k3_eval,population_verification,pd_d192_k3_eval,pd_d192_k3_eval,all_recorded_populations,True,False,13,test,869151,6996,39,19.14146641457825,True,29
pd_d192_k3_eval:population_all:score_by_pd_d192_k3_eval,population_verification,pd_d192_k3_eval,pd_d192_k3_eval,all_recorded_populations,True,False,14,dev,942841,7582,51,12.943503185719113,True,29
pd_d192_k3_eval:population_all:score_by_pd_d192_k3_eval,population_verification,pd_d192_k3_eval,pd_d192_k3_eval,all_recorded_populations,True,False,15,test,1018266,8252,97,13.28863866833456,True,29
pd_d192_k3_eval:population_all:score_by_pd_d192_k3_eval,population_verification,pd_d192_k3_eval,pd_d192_k3_eval,all_recorded_populations,True,False,16,dev,1030584,8327,40,2.937560643553406,True,29
pd_d192_k3_eval:population_all:score_by_pd_d192_k3_eval,population_verification,pd_d192_k3_eval,pd_d192_k3_eval,all_recorded_populations,True,False,17,test,1040084,8384,49,160.95883517063095,False,29
pd_d192_k3_eval:population_all:score_by_pd_d192_k3_eval,population_verification,pd_d192_k3_eval,pd_d192_k3_eval,all_recorded_populations,True,False,18,dev,1045185,8421,7,84.43821238926078,False,29
pd_d192_k3_eval:population_all:score_by_pd_d192_k3_eval,population_verification,pd_d192_k3_eval,pd_d192_k3_eval,all_recorded_populations,True,False,19,test,1055880,8502,55,133.93039353165125,False,29
pd_d192_k3_eval:population_all:score_by_pd_d192_k3_eval,population_verification,pd_d192_k3_eval,pd_d192_k3_eval,all_recorded_populations,True,False,20,dev,1056082,8504,47,19.265375052273427,True,29
pd_d192_k3_eval:population_all:score_by_pd_d192_k3_eval,population_verification,pd_d192_k3_eval,pd_d192_k3_eval,all_recorded_populations,True,False,21,test,1180892,9642,28,17.934736439288432,True,29
pd_d192_k3_eval:population_all:score_by_pd_d192_k3_eval,population_verification,pd_d192_k3_eval,pd_d192_k3_eval,all_recorded_populations,True,False,22,dev,1212032,9909,97,7.402264850009972,True,29
pd_d192_k3_eval:population_all:score_by_pd_d192_k3_eval,population_verification,pd_d192_k3_eval,pd_d192_k3_eval,all_recorded_populations,True,False,23,test,1242570,10146,97,14.332676862788475,True,29
pd_d192_k3_eval:population_all:score_by_pd_d192_k3_eval,population_verification,pd_d192_k3_eval,pd_d192_k3_eval,all_recorded_populations,True,False,24,dev,1283018,10404,128,13.24214220034276,True,29
pd_d192_k3_eval:population_all:score_by_pd_d192_k3_eval,population_verification,pd_d192_k3_eval,pd_d192_k3_eval,all_recorded_populations,True,False,25,test,1301452,10501,132,16.238857849506296,True,29
pd_d192_k3_eval:population_all:score_by_pd_d192_k3_eval,population_verification,pd_d192_k3_eval,pd_d192_k3_eval,all_recorded_populations,True,False,26,dev,1474720,11770,36,11.92615396295893,True,29
pd_d192_k3_eval:population_all:score_by_pd_d192_k3_eval,population_verification,pd_d192_k3_eval,pd_d192_k3_eval,all_recorded_populations,True,False,27,test,1505301,12050,1,580.5379363979162,False,29
pd_d192_k3_eval:population_all:score_by_pd_d192_k3_eval,population_verification,pd_d192_k3_eval,pd_d192_k3_eval,all_recorded_populations,True,False,28,dev,1529062,12219,83,18.90368286175647,True,29
pd_d192_k3_eval:population_all:score_by_pd_d192_k3_eval,population_verification,pd_d192_k3_eval,pd_d192_k3_eval,all_recorded_populations,True,False,29,test,1580839,12585,6,78.05980428155983,False,29
pd_d192_k3_eval:population_all:score_by_pd_d192_k3_eval,population_verification,pd_d192_k3_eval,pd_d192_k3_eval,all_recorded_populations,True,False,30,dev,1626162,12946,66,8.728155772359965,True,29
pd_d192_k3_eval:population_all:score_by_pd_d192_k3_eval,population_verification,pd_d192_k3_eval,pd_d192_k3_eval,all_recorded_populations,True,False,31,test,1634000,13016,64,214.14423828861018,False,29
pd_d192_k3_eval:population_all:score_by_pd_d192_k3_eval,population_verification,pd_d192_k3_eval,pd_d192_k3_eval,all_recorded_populations,True,False,32,dev,1671846,13289,108,222.4464069004687,False,29
pd_d192_k3_eval:population_all:score_by_pd_d192_k3_eval,population_verification,pd_d192_k3_eval,pd_d192_k3_eval,all_recorded_populations,True,False,33,test,1711529,13555,30,31.643800831675968,False,29
pd_d192_k3_eval:population_all:score_by_pd_d192_k3_eval,population_verification,pd_d192_k3_eval,pd_d192_k3_eval,all_recorded_populations,True,False,34,dev,1765609,14019,13,13.541333372580517,True,29
pd_d192_k3_eval:population_all:score_by_pd_d192_k3_eval,population_verification,pd_d192_k3_eval,pd_d192_k3_eval,all_recorded_populations,True,False,35,test,1772758,14077,32,184.33438079378232,False,29
pd_d192_k3_eval:population_all:score_by_pd_d192_k3_eval,population_verification,pd_d192_k3_eval,pd_d192_k3_eval,all_recorded_populations,True,False,36,dev,1801558,14288,40,15.320951986034657,True,29
pd_d192_k3_eval:population_all:score_by_pd_d192_k3_eval,population_verification,pd_d192_k3_eval,pd_d192_k3_eval,all_recorded_populations,True,False,37,test,1813392,14407,16,15.15812854430734,True,29
pd_d192_k3_eval:population_all:score_by_pd_d192_k3_eval,population_verification,pd_d192_k3_eval,pd_d192_k3_eval,all_recorded_populations,True,False,38,dev,1820592,14461,52,161.13112944305482,False,29
pd_d192_k3_eval:population_all:score_by_pd_d192_k3_eval,population_verification,pd_d192_k3_eval,pd_d192_k3_eval,all_recorded_populations,True,False,39,test,1829692,14510,38,22.083938450535523,False,29
pd_d192_k3_eval:population_all:score_by_pd_d192_k3_eval,population_verification,pd_d192_k3_eval,pd_d192_k3_eval,all_recorded_populations,True,False,40,dev,1917705,15252,22,201.0411045333165,False,29
pd_d192_k3_eval:population_all:score_by_pd_d192_k3_eval,population_verification,pd_d192_k3_eval,pd_d192_k3_eval,all_recorded_populations,True,False,41,test,1932213,15421,0,663.0844661300762,False,29
pd_d192_k3_eval:population_all:score_by_pd_d192_k3_eval,population_verification,pd_d192_k3_eval,pd_d192_k3_eval,all_recorded_populations,True,False,42,dev,1962695,15702,23,214.1792433992941,False,29
pd_d192_k3_eval:population_all:score_by_pd_d192_k3_eval,population_verification,pd_d192_k3_eval,pd_d192_k3_eval,all_recorded_populations,True,False,43,test,2004621,16013,81,861.120187272309,False,29
pd_d192_k3_eval:population_all:score_by_pd_d192_k3_eval,population_verification,pd_d192_k3_eval,pd_d192_k3_eval,all_recorded_populations,True,False,44,dev,2005201,16016,127,19.377692515187128,True,29
pd_d192_k3_eval:population_all:score_by_pd_d192_k3_eval,population_verification,pd_d192_k3_eval,pd_d192_k3_eval,all_recorded_populations,True,False,45,test,2065261,16353,31,26.121223185063737,True,29
pd_d192_k3_eval:population_all:score_by_pd_d192_k3_eval,population_verification,pd_d192_k3_eval,pd_d192_k3_eval,all_recorded_populations,True,False,46,dev,2079106,16491,32,14.792305028239397,True,29
pd_d192_k3_eval:population_all:score_by_pd_d192_k3_eval,population_verification,pd_d192_k3_eval,pd_d192_k3_eval,all_recorded_populations,True,False,47,test,2163075,17254,80,7.055408099476112,True,29
pd_d192_k3_eval:population_all:score_by_pd_d192_k3_eval,population_verification,pd_d192_k3_eval,pd_d192_k3_eval,all_recorded_populations,True,False,48,dev,2259080,17908,39,25.674637916317078,False,29
pd_d192_k3_eval:population_all:score_by_pd_d192_k3_eval,population_verification,pd_d192_k3_eval,pd_d192_k3_eval,all_recorded_populations,True,False,49,test,2270553,18000,34,20.74679242861728,True,29
pd_d192_k3_eval:population_elite:score_by_pd_d192_k3_eval,elite_verification,pd_d192_k3_eval,pd_d192_k3_eval,recorded_generator_elites,True,False,0,dev,151146,1243,59,69.86056489338178,False,29
pd_d192_k3_eval:population_elite:score_by_pd_d192_k3_eval,elite_verification,pd_d192_k3_eval,pd_d192_k3_eval,recorded_generator_elites,True,False,1,test,160867,1323,0,78.26714007789538,False,29
pd_d192_k3_eval:population_elite:score_by_pd_d192_k3_eval,elite_verification,pd_d192_k3_eval,pd_d192_k3_eval,recorded_generator_elites,True,False,2,dev,202352,1644,51,19.582878444974806,True,29
pd_d192_k3_eval:population_elite:score_by_pd_d192_k3_eval,elite_verification,pd_d192_k3_eval,pd_d192_k3_eval,recorded_generator_elites,True,False,3,test,209765,1698,66,14.203125769242224,True,29
pd_d192_k3_eval:population_elite:score_by_pd_d192_k3_eval,elite_verification,pd_d192_k3_eval,pd_d192_k3_eval,recorded_generator_elites,True,False,4,dev,217353,1773,11,19.27149054422489,True,29
pd_d192_k3_eval:population_elite:score_by_pd_d192_k3_eval,elite_verification,pd_d192_k3_eval,pd_d192_k3_eval,recorded_generator_elites,True,False,5,test,223315,1841,14,12.7961884199512,True,29
pd_d192_k3_eval:population_elite:score_by_pd_d192_k3_eval,elite_verification,pd_d192_k3_eval,pd_d192_k3_eval,recorded_generator_elites,True,False,6,dev,310451,2671,96,14.329355320561104,True,29
pd_d192_k3_eval:population_elite:score_by_pd_d192_k3_eval,elite_verification,pd_d192_k3_eval,pd_d192_k3_eval,recorded_generator_elites,True,False,7,test,390562,3199,35,16.17207787823568,True,29
pd_d192_k3_eval:population_elite:score_by_pd_d192_k3_eval,elite_verification,pd_d192_k3_eval,pd_d192_k3_eval,recorded_generator_elites,True,False,8,dev,431727,3540,24,10.702928621379831,True,29
pd_d192_k3_eval:population_elite:score_by_pd_d192_k3_eval,elite_verification,pd_d192_k3_eval,pd_d192_k3_eval,recorded_generator_elites,True,False,9,test,474074,3847,75,47.63457493377321,False,29
pd_d192_k3_eval:population_elite:score_by_pd_d192_k3_eval,elite_verification,pd_d192_k3_eval,pd_d192_k3_eval,recorded_generator_elites,True,False,10,dev,533874,4318,18,17.465508659220536,True,29
pd_d192_k3_eval:population_elite:score_by_pd_d192_k3_eval,elite_verification,pd_d192_k3_eval,pd_d192_k3_eval,recorded_generator_elites,True,False,11,test,644580,5118,142,192.04126005454665,False,29
pd_d192_k3_eval:population_elite:score_by_pd_d192_k3_eval,elite_verification,pd_d192_k3_eval,pd_d192_k3_eval,recorded_generator_elites,True,False,12,dev,829738,6657,59,23.264983611315902,True,29
pd_d192_k3_eval:population_elite:score_by_pd_d192_k3_eval,elite_verification,pd_d192_k3_eval,pd_d192_k3_eval,recorded_generator_elites,True,False,13,test,869151,6996,39,19.14146641457825,True,29
pd_d192_k3_eval:population_elite:score_by_pd_d192_k3_eval,elite_verification,pd_d192_k3_eval,pd_d192_k3_eval,recorded_generator_elites,True,False,14,dev,942841,7582,51,12.943503185719113,True,29
pd_d192_k3_eval:population_elite:score_by_pd_d192_k3_eval,elite_verification,pd_d192_k3_eval,pd_d192_k3_eval,recorded_generator_elites,True,False,15,test,1018266,8252,97,13.28863866833456,True,29
pd_d192_k3_eval:population_elite:score_by_pd_d192_k3_eval,elite_verification,pd_d192_k3_eval,pd_d192_k3_eval,recorded_generator_elites,True,False,16,dev,1030584,8327,40,2.937560643553406,True,29
pd_d192_k3_eval:population_elite:score_by_pd_d192_k3_eval,elite_verification,pd_d192_k3_eval,pd_d192_k3_eval,recorded_generator_elites,True,False,17,test,1040084,8384,49,160.95883517063095,False,29
pd_d192_k3_eval:population_elite:score_by_pd_d192_k3_eval,elite_verification,pd_d192_k3_eval,pd_d192_k3_eval,recorded_generator_elites,True,False,18,dev,1045185,8421,7,84.43821238926078,False,29
pd_d192_k3_eval:population_elite:score_by_pd_d192_k3_eval,elite_verification,pd_d192_k3_eval,pd_d192_k3_eval,recorded_generator_elites,True,False,19,test,1055880,8502,55,133.93039353165125,False,29
pd_d192_k3_eval:population_elite:score_by_pd_d192_k3_eval,elite_verification,pd_d192_k3_eval,pd_d192_k3_eval,recorded_generator_elites,True,False,20,dev,1056082,8504,47,19.265375052273427,True,29
pd_d192_k3_eval:population_elite:score_by_pd_d192_k3_eval,elite_verification,pd_d192_k3_eval,pd_d192_k3_eval,recorded_generator_elites,True,False,21,test,1180892,9642,28,17.934736439288432,True,29
pd_d192_k3_eval:population_elite:score_by_pd_d192_k3_eval,elite_verification,pd_d192_k3_eval,pd_d192_k3_eval,recorded_generator_elites,True,False,22,dev,1212032,9909,97,7.402264850009972,True,29
pd_d192_k3_eval:population_elite:score_by_pd_d192_k3_eval,elite_verification,pd_d192_k3_eval,pd_d192_k3_eval,recorded_generator_elites,True,False,23,test,1242570,10146,97,14.332676862788475,True,29
pd_d192_k3_eval:population_elite:score_by_pd_d192_k3_eval,elite_verification,pd_d192_k3_eval,pd_d192_k3_eval,recorded_generator_elites,True,False,24,dev,1283018,10404,128,13.24214220034276,True,29
pd_d192_k3_eval:population_elite:score_by_pd_d192_k3_eval,elite_verification,pd_d192_k3_eval,pd_d192_k3_eval,recorded_generator_elites,True,False,25,test,1301452,10501,132,16.238857849506296,True,29
pd_d192_k3_eval:population_elite:score_by_pd_d192_k3_eval,elite_verification,pd_d192_k3_eval,pd_d192_k3_eval,recorded_generator_elites,True,False,26,dev,1474720,11770,36,11.92615396295893,True,29
pd_d192_k3_eval:population_elite:score_by_pd_d192_k3_eval,elite_verification,pd_d192_k3_eval,pd_d192_k3_eval,recorded_generator_elites,True,False,27,test,1505301,12050,1,580.5379363979162,False,29
pd_d192_k3_eval:population_elite:score_by_pd_d192_k3_eval,elite_verification,pd_d192_k3_eval,pd_d192_k3_eval,recorded_generator_elites,True,False,28,dev,1529062,12219,83,18.90368286175647,True,29
pd_d192_k3_eval:population_elite:score_by_pd_d192_k3_eval,elite_verification,pd_d192_k3_eval,pd_d192_k3_eval,recorded_generator_elites,True,False,29,test,1580839,12585,6,78.05980428155983,False,29
pd_d192_k3_eval:population_elite:score_by_pd_d192_k3_eval,elite_verification,pd_d192_k3_eval,pd_d192_k3_eval,recorded_generator_elites,True,False,30,dev,1626162,12946,66,8.728155772359965,True,29
pd_d192_k3_eval:population_elite:score_by_pd_d192_k3_eval,elite_verification,pd_d192_k3_eval,pd_d192_k3_eval,recorded_generator_elites,True,False,31,test,1634000,13016,64,214.14423828861018,False,29
pd_d192_k3_eval:population_elite:score_by_pd_d192_k3_eval,elite_verification,pd_d192_k3_eval,pd_d192_k3_eval,recorded_generator_elites,True,False,32,dev,1671846,13289,108,222.4464069004687,False,29
pd_d192_k3_eval:population_elite:score_by_pd_d192_k3_eval,elite_verification,pd_d192_k3_eval,pd_d192_k3_eval,recorded_generator_elites,True,False,33,test,1711529,13555,30,31.643800831675968,False,29
pd_d192_k3_eval:population_elite:score_by_pd_d192_k3_eval,elite_verification,pd_d192_k3_eval,pd_d192_k3_eval,recorded_generator_elites,True,False,34,dev,1765609,14019,13,13.541333372580517,True,29
pd_d192_k3_eval:population_elite:score_by_pd_d192_k3_eval,elite_verification,pd_d192_k3_eval,pd_d192_k3_eval,recorded_generator_elites,True,False,35,test,1772758,14077,32,184.33438079378232,False,29
pd_d192_k3_eval:population_elite:score_by_pd_d192_k3_eval,elite_verification,pd_d192_k3_eval,pd_d192_k3_eval,recorded_generator_elites,True,False,36,dev,1801558,14288,40,15.320951986034657,True,29
pd_d192_k3_eval:population_elite:score_by_pd_d192_k3_eval,elite_verification,pd_d192_k3_eval,pd_d192_k3_eval,recorded_generator_elites,True,False,37,test,1813392,14407,16,15.15812854430734,True,29
pd_d192_k3_eval:population_elite:score_by_pd_d192_k3_eval,elite_verification,pd_d192_k3_eval,pd_d192_k3_eval,recorded_generator_elites,True,False,38,dev,1820592,14461,52,161.13112944305482,False,29
pd_d192_k3_eval:population_elite:score_by_pd_d192_k3_eval,elite_verification,pd_d192_k3_eval,pd_d192_k3_eval,recorded_generator_elites,True,False,39,test,1829692,14510,38,22.083938450535523,False,29
pd_d192_k3_eval:population_elite:score_by_pd_d192_k3_eval,elite_verification,pd_d192_k3_eval,pd_d192_k3_eval,recorded_generator_elites,True,False,40,dev,1917705,15252,22,201.0411045333165,False,29
pd_d192_k3_eval:population_elite:score_by_pd_d192_k3_eval,elite_verification,pd_d192_k3_eval,pd_d192_k3_eval,recorded_generator_elites,True,False,41,test,1932213,15421,0,663.0844661300762,False,29
pd_d192_k3_eval:population_elite:score_by_pd_d192_k3_eval,elite_verification,pd_d192_k3_eval,pd_d192_k3_eval,recorded_generator_elites,True,False,42,dev,1962695,15702,23,214.1792433992941,False,29
pd_d192_k3_eval:population_elite:score_by_pd_d192_k3_eval,elite_verification,pd_d192_k3_eval,pd_d192_k3_eval,recorded_generator_elites,True,False,43,test,2004621,16013,81,861.120187272309,False,29
pd_d192_k3_eval:population_elite:score_by_pd_d192_k3_eval,elite_verification,pd_d192_k3_eval,pd_d192_k3_eval,recorded_generator_elites,True,False,44,dev,2005201,16016,127,19.377692515187128,True,29
pd_d192_k3_eval:population_elite:score_by_pd_d192_k3_eval,elite_verification,pd_d192_k3_eval,pd_d192_k3_eval,recorded_generator_elites,True,False,45,test,2065261,16353,31,26.121223185063737,True,29
pd_d192_k3_eval:population_elite:score_by_pd_d192_k3_eval,elite_verification,pd_d192_k3_eval,pd_d192_k3_eval,recorded_generator_elites,True,False,46,dev,2079106,16491,32,14.792305028239397,True,29
pd_d192_k3_eval:population_elite:score_by_pd_d192_k3_eval,elite_verification,pd_d192_k3_eval,pd_d192_k3_eval,recorded_generator_elites,True,False,47,test,2163075,17254,80,7.055408099476112,True,29
pd_d192_k3_eval:population_elite:score_by_pd_d192_k3_eval,elite_verification,pd_d192_k3_eval,pd_d192_k3_eval,recorded_generator_elites,True,False,48,dev,2259080,17908,39,25.674637916317078,False,29
pd_d192_k3_eval:population_elite:score_by_pd_d192_k3_eval,elite_verification,pd_d192_k3_eval,pd_d192_k3_eval,recorded_generator_elites,True,False,49,test,2270553,18000,34,20.74679242861728,True,29
pd_d192_k3_eval:population_all:score_by_iter2_multistep_eval,population_verification,pd_d192_k3_eval,iter2_multistep_eval,all_recorded_populations,True,False,0,dev,151146,1243,59,40.5717251516468,False,29
pd_d192_k3_eval:population_all:score_by_iter2_multistep_eval,population_verification,pd_d192_k3_eval,iter2_multistep_eval,all_recorded_populations,True,False,1,test,160867,1323,0,96.42716104181287,False,29
pd_d192_k3_eval:population_all:score_by_iter2_multistep_eval,population_verification,pd_d192_k3_eval,iter2_multistep_eval,all_recorded_populations,True,False,2,dev,202352,1644,51,18.85433886520869,True,29
pd_d192_k3_eval:population_all:score_by_iter2_multistep_eval,population_verification,pd_d192_k3_eval,iter2_multistep_eval,all_recorded_populations,True,False,3,test,209765,1698,66,21.48539056336284,True,29
pd_d192_k3_eval:population_all:score_by_iter2_multistep_eval,population_verification,pd_d192_k3_eval,iter2_multistep_eval,all_recorded_populations,True,False,4,dev,217353,1773,11,11.437697905300084,True,29
pd_d192_k3_eval:population_all:score_by_iter2_multistep_eval,population_verification,pd_d192_k3_eval,iter2_multistep_eval,all_recorded_populations,True,False,5,test,223315,1841,14,13.676654653811578,True,29
pd_d192_k3_eval:population_all:score_by_iter2_multistep_eval,population_verification,pd_d192_k3_eval,iter2_multistep_eval,all_recorded_populations,True,False,6,dev,310451,2671,96,19.396707820133827,True,29
pd_d192_k3_eval:population_all:score_by_iter2_multistep_eval,population_verification,pd_d192_k3_eval,iter2_multistep_eval,all_recorded_populations,True,False,7,test,390562,3199,35,16.423664912122845,True,29
pd_d192_k3_eval:population_all:score_by_iter2_multistep_eval,population_verification,pd_d192_k3_eval,iter2_multistep_eval,all_recorded_populations,True,False,8,dev,431727,3540,24,15.180226992851894,True,29
pd_d192_k3_eval:population_all:score_by_iter2_multistep_eval,population_verification,pd_d192_k3_eval,iter2_multistep_eval,all_recorded_populations,True,False,9,test,474074,3847,75,25.699914509724618,True,29
pd_d192_k3_eval:population_all:score_by_iter2_multistep_eval,population_verification,pd_d192_k3_eval,iter2_multistep_eval,all_recorded_populations,True,False,10,dev,533874,4318,18,19.28056476300456,True,29
pd_d192_k3_eval:population_all:score_by_iter2_multistep_eval,population_verification,pd_d192_k3_eval,iter2_multistep_eval,all_recorded_populations,True,False,11,test,644580,5118,142,181.5074775723132,False,29
pd_d192_k3_eval:population_all:score_by_iter2_multistep_eval,population_verification,pd_d192_k3_eval,iter2_multistep_eval,all_recorded_populations,True,False,12,dev,829738,6657,59,24.5787325304879,False,29
pd_d192_k3_eval:population_all:score_by_iter2_multistep_eval,population_verification,pd_d192_k3_eval,iter2_multistep_eval,all_recorded_populations,True,False,13,test,869151,6996,39,16.908412226311892,True,29
pd_d192_k3_eval:population_all:score_by_iter2_multistep_eval,population_verification,pd_d192_k3_eval,iter2_multistep_eval,all_recorded_populations,True,False,14,dev,942841,7582,51,18.634983149659924,True,29
pd_d192_k3_eval:population_all:score_by_iter2_multistep_eval,population_verification,pd_d192_k3_eval,iter2_multistep_eval,all_recorded_populations,True,False,15,test,1018266,8252,97,19.04162517144259,True,29
pd_d192_k3_eval:population_all:score_by_iter2_multistep_eval,population_verification,pd_d192_k3_eval,iter2_multistep_eval,all_recorded_populations,True,False,16,dev,1030584,8327,40,18.35241230717424,True,29
pd_d192_k3_eval:population_all:score_by_iter2_multistep_eval,population_verification,pd_d192_k3_eval,iter2_multistep_eval,all_recorded_populations,True,False,17,test,1040084,8384,49,159.57922170030577,False,29
pd_d192_k3_eval:population_all:score_by_iter2_multistep_eval,population_verification,pd_d192_k3_eval,iter2_multistep_eval,all_recorded_populations,True,False,18,dev,1045185,8421,7,83.47822049816892,False,29
pd_d192_k3_eval:population_all:score_by_iter2_multistep_eval,population_verification,pd_d192_k3_eval,iter2_multistep_eval,all_recorded_populations,True,False,19,test,1055880,8502,55,123.75373776723468,False,29
pd_d192_k3_eval:population_all:score_by_iter2_multistep_eval,population_verification,pd_d192_k3_eval,iter2_multistep_eval,all_recorded_populations,True,False,20,dev,1056082,8504,47,13.011321652973258,True,29
pd_d192_k3_eval:population_all:score_by_iter2_multistep_eval,population_verification,pd_d192_k3_eval,iter2_multistep_eval,all_recorded_populations,True,False,21,test,1180892,9642,28,12.449836727559402,True,29
pd_d192_k3_eval:population_all:score_by_iter2_multistep_eval,population_verification,pd_d192_k3_eval,iter2_multistep_eval,all_recorded_populations,True,False,22,dev,1212032,9909,97,11.58073603245768,True,29
pd_d192_k3_eval:population_all:score_by_iter2_multistep_eval,population_verification,pd_d192_k3_eval,iter2_multistep_eval,all_recorded_populations,True,False,23,test,1242570,10146,97,17.454244616447056,True,29
pd_d192_k3_eval:population_all:score_by_iter2_multistep_eval,population_verification,pd_d192_k3_eval,iter2_multistep_eval,all_recorded_populations,True,False,24,dev,1283018,10404,128,18.379261591196855,True,29
pd_d192_k3_eval:population_all:score_by_iter2_multistep_eval,population_verification,pd_d192_k3_eval,iter2_multistep_eval,all_recorded_populations,True,False,25,test,1301452,10501,132,9.7365824738079,True,29
pd_d192_k3_eval:population_all:score_by_iter2_multistep_eval,population_verification,pd_d192_k3_eval,iter2_multistep_eval,all_recorded_populations,True,False,26,dev,1474720,11770,36,11.72674458029476,True,29
pd_d192_k3_eval:population_all:score_by_iter2_multistep_eval,population_verification,pd_d192_k3_eval,iter2_multistep_eval,all_recorded_populations,True,False,27,test,1505301,12050,1,593.8056997295182,False,29
pd_d192_k3_eval:population_all:score_by_iter2_multistep_eval,population_verification,pd_d192_k3_eval,iter2_multistep_eval,all_recorded_populations,True,False,28,dev,1529062,12219,83,20.31183022745602,True,29
pd_d192_k3_eval:population_all:score_by_iter2_multistep_eval,population_verification,pd_d192_k3_eval,iter2_multistep_eval,all_recorded_populations,True,False,29,test,1580839,12585,6,75.75137227682215,False,29
pd_d192_k3_eval:population_all:score_by_iter2_multistep_eval,population_verification,pd_d192_k3_eval,iter2_multistep_eval,all_recorded_populations,True,False,30,dev,1626162,12946,66,13.264320934624724,True,29
pd_d192_k3_eval:population_all:score_by_iter2_multistep_eval,population_verification,pd_d192_k3_eval,iter2_multistep_eval,all_recorded_populations,True,False,31,test,1634000,13016,64,221.14092007896627,False,29
pd_d192_k3_eval:population_all:score_by_iter2_multistep_eval,population_verification,pd_d192_k3_eval,iter2_multistep_eval,all_recorded_populations,True,False,32,dev,1671846,13289,108,277.78089648997343,False,29
pd_d192_k3_eval:population_all:score_by_iter2_multistep_eval,population_verification,pd_d192_k3_eval,iter2_multistep_eval,all_recorded_populations,True,False,33,test,1711529,13555,30,15.099903468723237,True,29
pd_d192_k3_eval:population_all:score_by_iter2_multistep_eval,population_verification,pd_d192_k3_eval,iter2_multistep_eval,all_recorded_populations,True,False,34,dev,1765609,14019,13,14.39226149170027,True,29
pd_d192_k3_eval:population_all:score_by_iter2_multistep_eval,population_verification,pd_d192_k3_eval,iter2_multistep_eval,all_recorded_populations,True,False,35,test,1772758,14077,32,197.75662149093932,False,29
pd_d192_k3_eval:population_all:score_by_iter2_multistep_eval,population_verification,pd_d192_k3_eval,iter2_multistep_eval,all_recorded_populations,True,False,36,dev,1801558,14288,40,14.665418105216748,True,29
pd_d192_k3_eval:population_all:score_by_iter2_multistep_eval,population_verification,pd_d192_k3_eval,iter2_multistep_eval,all_recorded_populations,True,False,37,test,1813392,14407,16,20.362518308067617,True,29
pd_d192_k3_eval:population_all:score_by_iter2_multistep_eval,population_verification,pd_d192_k3_eval,iter2_multistep_eval,all_recorded_populations,True,False,38,dev,1820592,14461,52,146.97763997999346,False,29
pd_d192_k3_eval:population_all:score_by_iter2_multistep_eval,population_verification,pd_d192_k3_eval,iter2_multistep_eval,all_recorded_populations,True,False,39,test,1829692,14510,38,15.384580590123146,True,29
pd_d192_k3_eval:population_all:score_by_iter2_multistep_eval,population_verification,pd_d192_k3_eval,iter2_multistep_eval,all_recorded_populations,True,False,40,dev,1917705,15252,22,203.90335482026933,False,29
pd_d192_k3_eval:population_all:score_by_iter2_multistep_eval,population_verification,pd_d192_k3_eval,iter2_multistep_eval,all_recorded_populations,True,False,41,test,1932213,15421,0,687.8877454692558,False,29
pd_d192_k3_eval:population_all:score_by_iter2_multistep_eval,population_verification,pd_d192_k3_eval,iter2_multistep_eval,all_recorded_populations,True,False,42,dev,1962695,15702,23,205.9721916864932,False,29
pd_d192_k3_eval:population_all:score_by_iter2_multistep_eval,population_verification,pd_d192_k3_eval,iter2_multistep_eval,all_recorded_populations,True,False,43,test,2004621,16013,81,835.6006537655311,False,29
pd_d192_k3_eval:population_all:score_by_iter2_multistep_eval,population_verification,pd_d192_k3_eval,iter2_multistep_eval,all_recorded_populations,True,False,44,dev,2005201,16016,127,21.42633438356533,False,29
pd_d192_k3_eval:population_all:score_by_iter2_multistep_eval,population_verification,pd_d192_k3_eval,iter2_multistep_eval,all_recorded_populations,True,False,45,test,2065261,16353,31,27.799088267014756,False,29
pd_d192_k3_eval:population_all:score_by_iter2_multistep_eval,population_verification,pd_d192_k3_eval,iter2_multistep_eval,all_recorded_populations,True,False,46,dev,2079106,16491,32,14.792305028239397,True,29
pd_d192_k3_eval:population_all:score_by_iter2_multistep_eval,population_verification,pd_d192_k3_eval,iter2_multistep_eval,all_recorded_populations,True,False,47,test,2163075,17254,80,13.600552608924435,True,29
pd_d192_k3_eval:population_all:score_by_iter2_multistep_eval,population_verification,pd_d192_k3_eval,iter2_multistep_eval,all_recorded_populations,True,False,48,dev,2259080,17908,39,21.671613857878146,True,29
pd_d192_k3_eval:population_all:score_by_iter2_multistep_eval,population_verification,pd_d192_k3_eval,iter2_multistep_eval,all_recorded_populations,True,False,49,test,2270553,18000,34,20.74679242861728,True,29
pd_d192_k3_eval:population_elite:score_by_iter2_multistep_eval,elite_verification,pd_d192_k3_eval,iter2_multistep_eval,recorded_generator_elites,True,False,0,dev,151146,1243,59,46.02067777681781,False,29
pd_d192_k3_eval:population_elite:score_by_iter2_multistep_eval,elite_verification,pd_d192_k3_eval,iter2_multistep_eval,recorded_generator_elites,True,False,1,test,160867,1323,0,77.59631445044043,False,29
pd_d192_k3_eval:population_elite:score_by_iter2_multistep_eval,elite_verification,pd_d192_k3_eval,iter2_multistep_eval,recorded_generator_elites,True,False,2,dev,202352,1644,51,7.231830853227212,True,29
pd_d192_k3_eval:population_elite:score_by_iter2_multistep_eval,elite_verification,pd_d192_k3_eval,iter2_multistep_eval,recorded_generator_elites,True,False,3,test,209765,1698,66,21.48539056336284,True,29
pd_d192_k3_eval:population_elite:score_by_iter2_multistep_eval,elite_verification,pd_d192_k3_eval,iter2_multistep_eval,recorded_generator_elites,True,False,4,dev,217353,1773,11,17.8421249321464,True,29
pd_d192_k3_eval:population_elite:score_by_iter2_multistep_eval,elite_verification,pd_d192_k3_eval,iter2_multistep_eval,recorded_generator_elites,True,False,5,test,223315,1841,14,13.676654653811578,True,29
pd_d192_k3_eval:population_elite:score_by_iter2_multistep_eval,elite_verification,pd_d192_k3_eval,iter2_multistep_eval,recorded_generator_elites,True,False,6,dev,310451,2671,96,14.31240265783877,True,29
pd_d192_k3_eval:population_elite:score_by_iter2_multistep_eval,elite_verification,pd_d192_k3_eval,iter2_multistep_eval,recorded_generator_elites,True,False,7,test,390562,3199,35,16.48962633963012,True,29
pd_d192_k3_eval:population_elite:score_by_iter2_multistep_eval,elite_verification,pd_d192_k3_eval,iter2_multistep_eval,recorded_generator_elites,True,False,8,dev,431727,3540,24,6.766816522382898,True,29
pd_d192_k3_eval:population_elite:score_by_iter2_multistep_eval,elite_verification,pd_d192_k3_eval,iter2_multistep_eval,recorded_generator_elites,True,False,9,test,474074,3847,75,26.90865861628626,True,29
pd_d192_k3_eval:population_elite:score_by_iter2_multistep_eval,elite_verification,pd_d192_k3_eval,iter2_multistep_eval,recorded_generator_elites,True,False,10,dev,533874,4318,18,14.810486843527402,True,29
pd_d192_k3_eval:population_elite:score_by_iter2_multistep_eval,elite_verification,pd_d192_k3_eval,iter2_multistep_eval,recorded_generator_elites,True,False,11,test,644580,5118,142,181.5074775723132,False,29
pd_d192_k3_eval:population_elite:score_by_iter2_multistep_eval,elite_verification,pd_d192_k3_eval,iter2_multistep_eval,recorded_generator_elites,True,False,12,dev,829738,6657,59,23.338506468652298,True,29
pd_d192_k3_eval:population_elite:score_by_iter2_multistep_eval,elite_verification,pd_d192_k3_eval,iter2_multistep_eval,recorded_generator_elites,True,False,13,test,869151,6996,39,25.86686302197923,False,29
pd_d192_k3_eval:population_elite:score_by_iter2_multistep_eval,elite_verification,pd_d192_k3_eval,iter2_multistep_eval,recorded_generator_elites,True,False,14,dev,942841,7582,51,15.720083186445859,True,29
pd_d192_k3_eval:population_elite:score_by_iter2_multistep_eval,elite_verification,pd_d192_k3_eval,iter2_multistep_eval,recorded_generator_elites,True,False,15,test,1018266,8252,97,11.39965666509856,True,29
pd_d192_k3_eval:population_elite:score_by_iter2_multistep_eval,elite_verification,pd_d192_k3_eval,iter2_multistep_eval,recorded_generator_elites,True,False,16,dev,1030584,8327,40,20.416947368844884,True,29
pd_d192_k3_eval:population_elite:score_by_iter2_multistep_eval,elite_verification,pd_d192_k3_eval,iter2_multistep_eval,recorded_generator_elites,True,False,17,test,1040084,8384,49,159.57922170030577,False,29
pd_d192_k3_eval:population_elite:score_by_iter2_multistep_eval,elite_verification,pd_d192_k3_eval,iter2_multistep_eval,recorded_generator_elites,True,False,18,dev,1045185,8421,7,84.41572615215043,False,29
pd_d192_k3_eval:population_elite:score_by_iter2_multistep_eval,elite_verification,pd_d192_k3_eval,iter2_multistep_eval,recorded_generator_elites,True,False,19,test,1055880,8502,55,142.1335539175203,False,29
pd_d192_k3_eval:population_elite:score_by_iter2_multistep_eval,elite_verification,pd_d192_k3_eval,iter2_multistep_eval,recorded_generator_elites,True,False,20,dev,1056082,8504,47,20.261287047002426,True,29
pd_d192_k3_eval:population_elite:score_by_iter2_multistep_eval,elite_verification,pd_d192_k3_eval,iter2_multistep_eval,recorded_generator_elites,True,False,21,test,1180892,9642,28,15.594230373534039,True,29
pd_d192_k3_eval:population_elite:score_by_iter2_multistep_eval,elite_verification,pd_d192_k3_eval,iter2_multistep_eval,recorded_generator_elites,True,False,22,dev,1212032,9909,97,8.459999167588864,True,29
pd_d192_k3_eval:population_elite:score_by_iter2_multistep_eval,elite_verification,pd_d192_k3_eval,iter2_multistep_eval,recorded_generator_elites,True,False,23,test,1242570,10146,97,20.354392383687593,True,29
pd_d192_k3_eval:population_elite:score_by_iter2_multistep_eval,elite_verification,pd_d192_k3_eval,iter2_multistep_eval,recorded_generator_elites,True,False,24,dev,1283018,10404,128,18.718632906274102,True,29
pd_d192_k3_eval:population_elite:score_by_iter2_multistep_eval,elite_verification,pd_d192_k3_eval,iter2_multistep_eval,recorded_generator_elites,True,False,25,test,1301452,10501,132,19.494856996909192,True,29
pd_d192_k3_eval:population_elite:score_by_iter2_multistep_eval,elite_verification,pd_d192_k3_eval,iter2_multistep_eval,recorded_generator_elites,True,False,26,dev,1474720,11770,36,10.047859624339628,True,29
pd_d192_k3_eval:population_elite:score_by_iter2_multistep_eval,elite_verification,pd_d192_k3_eval,iter2_multistep_eval,recorded_generator_elites,True,False,27,test,1505301,12050,1,595.8611888887635,False,29
pd_d192_k3_eval:population_elite:score_by_iter2_multistep_eval,elite_verification,pd_d192_k3_eval,iter2_multistep_eval,recorded_generator_elites,True,False,28,dev,1529062,12219,83,22.094645925949305,True,29
pd_d192_k3_eval:population_elite:score_by_iter2_multistep_eval,elite_verification,pd_d192_k3_eval,iter2_multistep_eval,recorded_generator_elites,True,False,29,test,1580839,12585,6,76.50843722463726,False,29
pd_d192_k3_eval:population_elite:score_by_iter2_multistep_eval,elite_verification,pd_d192_k3_eval,iter2_multistep_eval,recorded_generator_elites,True,False,30,dev,1626162,12946,66,6.583330044290202,True,29
pd_d192_k3_eval:population_elite:score_by_iter2_multistep_eval,elite_verification,pd_d192_k3_eval,iter2_multistep_eval,recorded_generator_elites,True,False,31,test,1634000,13016,64,215.6137649680936,False,29
pd_d192_k3_eval:population_elite:score_by_iter2_multistep_eval,elite_verification,pd_d192_k3_eval,iter2_multistep_eval,recorded_generator_elites,True,False,32,dev,1671846,13289,108,214.24930267683158,False,29
pd_d192_k3_eval:population_elite:score_by_iter2_multistep_eval,elite_verification,pd_d192_k3_eval,iter2_multistep_eval,recorded_generator_elites,True,False,33,test,1711529,13555,30,14.960707020639006,True,29
pd_d192_k3_eval:population_elite:score_by_iter2_multistep_eval,elite_verification,pd_d192_k3_eval,iter2_multistep_eval,recorded_generator_elites,True,False,34,dev,1765609,14019,13,12.910446579768509,True,29
pd_d192_k3_eval:population_elite:score_by_iter2_multistep_eval,elite_verification,pd_d192_k3_eval,iter2_multistep_eval,recorded_generator_elites,True,False,35,test,1772758,14077,32,183.4218243546556,False,29
pd_d192_k3_eval:population_elite:score_by_iter2_multistep_eval,elite_verification,pd_d192_k3_eval,iter2_multistep_eval,recorded_generator_elites,True,False,36,dev,1801558,14288,40,15.316043889962023,True,29
pd_d192_k3_eval:population_elite:score_by_iter2_multistep_eval,elite_verification,pd_d192_k3_eval,iter2_multistep_eval,recorded_generator_elites,True,False,37,test,1813392,14407,16,19.232111214670734,True,29
pd_d192_k3_eval:population_elite:score_by_iter2_multistep_eval,elite_verification,pd_d192_k3_eval,iter2_multistep_eval,recorded_generator_elites,True,False,38,dev,1820592,14461,52,159.4802713314349,False,29
pd_d192_k3_eval:population_elite:score_by_iter2_multistep_eval,elite_verification,pd_d192_k3_eval,iter2_multistep_eval,recorded_generator_elites,True,False,39,test,1829692,14510,38,15.384580590123146,True,29
pd_d192_k3_eval:population_elite:score_by_iter2_multistep_eval,elite_verification,pd_d192_k3_eval,iter2_multistep_eval,recorded_generator_elites,True,False,40,dev,1917705,15252,22,201.98971215352762,False,29
pd_d192_k3_eval:population_elite:score_by_iter2_multistep_eval,elite_verification,pd_d192_k3_eval,iter2_multistep_eval,recorded_generator_elites,True,False,41,test,1932213,15421,0,659.455275640943,False,29
pd_d192_k3_eval:population_elite:score_by_iter2_multistep_eval,elite_verification,pd_d192_k3_eval,iter2_multistep_eval,recorded_generator_elites,True,False,42,dev,1962695,15702,23,210.52579550320053,False,29
pd_d192_k3_eval:population_elite:score_by_iter2_multistep_eval,elite_verification,pd_d192_k3_eval,iter2_multistep_eval,recorded_generator_elites,True,False,43,test,2004621,16013,81,861.3316498843187,False,29
pd_d192_k3_eval:population_elite:score_by_iter2_multistep_eval,elite_verification,pd_d192_k3_eval,iter2_multistep_eval,recorded_generator_elites,True,False,44,dev,2005201,16016,127,23.305094679744414,False,29
pd_d192_k3_eval:population_elite:score_by_iter2_multistep_eval,elite_verification,pd_d192_k3_eval,iter2_multistep_eval,recorded_generator_elites,True,False,45,test,2065261,16353,31,29.837606059565005,False,29
pd_d192_k3_eval:population_elite:score_by_iter2_multistep_eval,elite_verification,pd_d192_k3_eval,iter2_multistep_eval,recorded_generator_elites,True,False,46,dev,2079106,16491,32,14.792305028239397,True,29
pd_d192_k3_eval:population_elite:score_by_iter2_multistep_eval,elite_verification,pd_d192_k3_eval,iter2_multistep_eval,recorded_generator_elites,True,False,47,test,2163075,17254,80,7.560933144425369,True,29
pd_d192_k3_eval:population_elite:score_by_iter2_multistep_eval,elite_verification,pd_d192_k3_eval,iter2_multistep_eval,recorded_generator_elites,True,False,48,dev,2259080,17908,39,21.671613857878146,True,29
pd_d192_k3_eval:population_elite:score_by_iter2_multistep_eval,elite_verification,pd_d192_k3_eval,iter2_multistep_eval,recorded_generator_elites,True,False,49,test,2270553,18000,34,20.74679242861728,True,29
pd_d192_k3_eval:population_all:score_by_pd_d192_k10_eval,population_verification,pd_d192_k3_eval,pd_d192_k10_eval,all_recorded_populations,True,False,0,dev,151146,1243,59,59.0153730575328,False,29
pd_d192_k3_eval:population_all:score_by_pd_d192_k10_eval,population_verification,pd_d192_k3_eval,pd_d192_k10_eval,all_recorded_populations,True,False,1,test,160867,1323,0,93.491917803462,False,29
pd_d192_k3_eval:population_all:score_by_pd_d192_k10_eval,population_verification,pd_d192_k3_eval,pd_d192_k10_eval,all_recorded_populations,True,False,2,dev,202352,1644,51,13.69056059991091,True,29
pd_d192_k3_eval:population_all:score_by_pd_d192_k10_eval,population_verification,pd_d192_k3_eval,pd_d192_k10_eval,all_recorded_populations,True,False,3,test,209765,1698,66,17.041774898365244,True,29
pd_d192_k3_eval:population_all:score_by_pd_d192_k10_eval,population_verification,pd_d192_k3_eval,pd_d192_k10_eval,all_recorded_populations,True,False,4,dev,217353,1773,11,9.967320893880835,True,29
pd_d192_k3_eval:population_all:score_by_pd_d192_k10_eval,population_verification,pd_d192_k3_eval,pd_d192_k10_eval,all_recorded_populations,True,False,5,test,223315,1841,14,25.798851834326225,False,29
pd_d192_k3_eval:population_all:score_by_pd_d192_k10_eval,population_verification,pd_d192_k3_eval,pd_d192_k10_eval,all_recorded_populations,True,False,6,dev,310451,2671,96,16.33163909566128,True,29
pd_d192_k3_eval:population_all:score_by_pd_d192_k10_eval,population_verification,pd_d192_k3_eval,pd_d192_k10_eval,all_recorded_populations,True,False,7,test,390562,3199,35,13.528168205980375,True,29
pd_d192_k3_eval:population_all:score_by_pd_d192_k10_eval,population_verification,pd_d192_k3_eval,pd_d192_k10_eval,all_recorded_populations,True,False,8,dev,431727,3540,24,10.631928021871587,True,29
pd_d192_k3_eval:population_all:score_by_pd_d192_k10_eval,population_verification,pd_d192_k3_eval,pd_d192_k10_eval,all_recorded_populations,True,False,9,test,474074,3847,75,22.98942954598878,True,29
pd_d192_k3_eval:population_all:score_by_pd_d192_k10_eval,population_verification,pd_d192_k3_eval,pd_d192_k10_eval,all_recorded_populations,True,False,10,dev,533874,4318,18,21.930020163157273,True,29
pd_d192_k3_eval:population_all:score_by_pd_d192_k10_eval,population_verification,pd_d192_k3_eval,pd_d192_k10_eval,all_recorded_populations,True,False,11,test,644580,5118,142,175.98571721666838,False,29
pd_d192_k3_eval:population_all:score_by_pd_d192_k10_eval,population_verification,pd_d192_k3_eval,pd_d192_k10_eval,all_recorded_populations,True,False,12,dev,829738,6657,59,21.03333568802443,True,29
pd_d192_k3_eval:population_all:score_by_pd_d192_k10_eval,population_verification,pd_d192_k3_eval,pd_d192_k10_eval,all_recorded_populations,True,False,13,test,869151,6996,39,17.38231814253555,True,29
pd_d192_k3_eval:population_all:score_by_pd_d192_k10_eval,population_verification,pd_d192_k3_eval,pd_d192_k10_eval,all_recorded_populations,True,False,14,dev,942841,7582,51,18.32379645694223,True,29
pd_d192_k3_eval:population_all:score_by_pd_d192_k10_eval,population_verification,pd_d192_k3_eval,pd_d192_k10_eval,all_recorded_populations,True,False,15,test,1018266,8252,97,19.012467726870895,True,29
pd_d192_k3_eval:population_all:score_by_pd_d192_k10_eval,population_verification,pd_d192_k3_eval,pd_d192_k10_eval,all_recorded_populations,True,False,16,dev,1030584,8327,40,9.681020576201663,True,29
pd_d192_k3_eval:population_all:score_by_pd_d192_k10_eval,population_verification,pd_d192_k3_eval,pd_d192_k10_eval,all_recorded_populations,True,False,17,test,1040084,8384,49,158.24535677799076,False,29
pd_d192_k3_eval:population_all:score_by_pd_d192_k10_eval,population_verification,pd_d192_k3_eval,pd_d192_k10_eval,all_recorded_populations,True,False,18,dev,1045185,8421,7,96.23195046248466,False,29
pd_d192_k3_eval:population_all:score_by_pd_d192_k10_eval,population_verification,pd_d192_k3_eval,pd_d192_k10_eval,all_recorded_populations,True,False,19,test,1055880,8502,55,171.16532624182145,False,29
pd_d192_k3_eval:population_all:score_by_pd_d192_k10_eval,population_verification,pd_d192_k3_eval,pd_d192_k10_eval,all_recorded_populations,True,False,20,dev,1056082,8504,47,9.441050513234497,True,29
pd_d192_k3_eval:population_all:score_by_pd_d192_k10_eval,population_verification,pd_d192_k3_eval,pd_d192_k10_eval,all_recorded_populations,True,False,21,test,1180892,9642,28,14.074714786724929,True,29
pd_d192_k3_eval:population_all:score_by_pd_d192_k10_eval,population_verification,pd_d192_k3_eval,pd_d192_k10_eval,all_recorded_populations,True,False,22,dev,1212032,9909,97,3.6654018199055054,True,29
pd_d192_k3_eval:population_all:score_by_pd_d192_k10_eval,population_verification,pd_d192_k3_eval,pd_d192_k10_eval,all_recorded_populations,True,False,23,test,1242570,10146,97,18.36335979543366,True,29
pd_d192_k3_eval:population_all:score_by_pd_d192_k10_eval,population_verification,pd_d192_k3_eval,pd_d192_k10_eval,all_recorded_populations,True,False,24,dev,1283018,10404,128,19.461361907683976,True,29
pd_d192_k3_eval:population_all:score_by_pd_d192_k10_eval,population_verification,pd_d192_k3_eval,pd_d192_k10_eval,all_recorded_populations,True,False,25,test,1301452,10501,132,17.378188926851873,True,29
pd_d192_k3_eval:population_all:score_by_pd_d192_k10_eval,population_verification,pd_d192_k3_eval,pd_d192_k10_eval,all_recorded_populations,True,False,26,dev,1474720,11770,36,11.72674458029476,True,29
pd_d192_k3_eval:population_all:score_by_pd_d192_k10_eval,population_verification,pd_d192_k3_eval,pd_d192_k10_eval,all_recorded_populations,True,False,27,test,1505301,12050,1,581.6610951967241,False,29
pd_d192_k3_eval:population_all:score_by_pd_d192_k10_eval,population_verification,pd_d192_k3_eval,pd_d192_k10_eval,all_recorded_populations,True,False,28,dev,1529062,12219,83,20.327761777189732,True,29
pd_d192_k3_eval:population_all:score_by_pd_d192_k10_eval,population_verification,pd_d192_k3_eval,pd_d192_k10_eval,all_recorded_populations,True,False,29,test,1580839,12585,6,76.5242052338009,False,29
pd_d192_k3_eval:population_all:score_by_pd_d192_k10_eval,population_verification,pd_d192_k3_eval,pd_d192_k10_eval,all_recorded_populations,True,False,30,dev,1626162,12946,66,20.270138255224904,True,29
pd_d192_k3_eval:population_all:score_by_pd_d192_k10_eval,population_verification,pd_d192_k3_eval,pd_d192_k10_eval,all_recorded_populations,True,False,31,test,1634000,13016,64,213.57470447566467,False,29
pd_d192_k3_eval:population_all:score_by_pd_d192_k10_eval,population_verification,pd_d192_k3_eval,pd_d192_k10_eval,all_recorded_populations,True,False,32,dev,1671846,13289,108,277.78089648997343,False,29
pd_d192_k3_eval:population_all:score_by_pd_d192_k10_eval,population_verification,pd_d192_k3_eval,pd_d192_k10_eval,all_recorded_populations,True,False,33,test,1711529,13555,30,26.05514841512105,False,29
pd_d192_k3_eval:population_all:score_by_pd_d192_k10_eval,population_verification,pd_d192_k3_eval,pd_d192_k10_eval,all_recorded_populations,True,False,34,dev,1765609,14019,13,23.583654797104483,False,29
pd_d192_k3_eval:population_all:score_by_pd_d192_k10_eval,population_verification,pd_d192_k3_eval,pd_d192_k10_eval,all_recorded_populations,True,False,35,test,1772758,14077,32,178.6397662237298,False,29
pd_d192_k3_eval:population_all:score_by_pd_d192_k10_eval,population_verification,pd_d192_k3_eval,pd_d192_k10_eval,all_recorded_populations,True,False,36,dev,1801558,14288,40,14.063610161543373,True,29
pd_d192_k3_eval:population_all:score_by_pd_d192_k10_eval,population_verification,pd_d192_k3_eval,pd_d192_k10_eval,all_recorded_populations,True,False,37,test,1813392,14407,16,15.074682133387963,True,29
pd_d192_k3_eval:population_all:score_by_pd_d192_k10_eval,population_verification,pd_d192_k3_eval,pd_d192_k10_eval,all_recorded_populations,True,False,38,dev,1820592,14461,52,127.9986428067042,False,29
pd_d192_k3_eval:population_all:score_by_pd_d192_k10_eval,population_verification,pd_d192_k3_eval,pd_d192_k10_eval,all_recorded_populations,True,False,39,test,1829692,14510,38,13.74511040336914,True,29
pd_d192_k3_eval:population_all:score_by_pd_d192_k10_eval,population_verification,pd_d192_k3_eval,pd_d192_k10_eval,all_recorded_populations,True,False,40,dev,1917705,15252,22,204.11385940340327,False,29
pd_d192_k3_eval:population_all:score_by_pd_d192_k10_eval,population_verification,pd_d192_k3_eval,pd_d192_k10_eval,all_recorded_populations,True,False,41,test,1932213,15421,0,652.6118366101447,False,29
pd_d192_k3_eval:population_all:score_by_pd_d192_k10_eval,population_verification,pd_d192_k3_eval,pd_d192_k10_eval,all_recorded_populations,True,False,42,dev,1962695,15702,23,205.9721916864932,False,29
pd_d192_k3_eval:population_all:score_by_pd_d192_k10_eval,population_verification,pd_d192_k3_eval,pd_d192_k10_eval,all_recorded_populations,True,False,43,test,2004621,16013,81,843.8860433712371,False,29
pd_d192_k3_eval:population_all:score_by_pd_d192_k10_eval,population_verification,pd_d192_k3_eval,pd_d192_k10_eval,all_recorded_populations,True,False,44,dev,2005201,16016,127,19.01389803037413,True,29
pd_d192_k3_eval:population_all:score_by_pd_d192_k10_eval,population_verification,pd_d192_k3_eval,pd_d192_k10_eval,all_recorded_populations,True,False,45,test,2065261,16353,31,30.240721507865967,False,29
pd_d192_k3_eval:population_all:score_by_pd_d192_k10_eval,population_verification,pd_d192_k3_eval,pd_d192_k10_eval,all_recorded_populations,True,False,46,dev,2079106,16491,32,22.063111212893503,True,29
pd_d192_k3_eval:population_all:score_by_pd_d192_k10_eval,population_verification,pd_d192_k3_eval,pd_d192_k10_eval,all_recorded_populations,True,False,47,test,2163075,17254,80,16.51710625863526,True,29
pd_d192_k3_eval:population_all:score_by_pd_d192_k10_eval,population_verification,pd_d192_k3_eval,pd_d192_k10_eval,all_recorded_populations,True,False,48,dev,2259080,17908,39,27.22581200370673,False,29
pd_d192_k3_eval:population_all:score_by_pd_d192_k10_eval,population_verification,pd_d192_k3_eval,pd_d192_k10_eval,all_recorded_populations,True,False,49,test,2270553,18000,34,19.56825962489672,True,29
pd_d192_k3_eval:population_elite:score_by_pd_d192_k10_eval,elite_verification,pd_d192_k3_eval,pd_d192_k10_eval,recorded_generator_elites,True,False,0,dev,151146,1243,59,74.68402870494545,False,29
pd_d192_k3_eval:population_elite:score_by_pd_d192_k10_eval,elite_verification,pd_d192_k3_eval,pd_d192_k10_eval,recorded_generator_elites,True,False,1,test,160867,1323,0,79.51368972401828,False,29
pd_d192_k3_eval:population_elite:score_by_pd_d192_k10_eval,elite_verification,pd_d192_k3_eval,pd_d192_k10_eval,recorded_generator_elites,True,False,2,dev,202352,1644,51,17.209136679328658,True,29
pd_d192_k3_eval:population_elite:score_by_pd_d192_k10_eval,elite_verification,pd_d192_k3_eval,pd_d192_k10_eval,recorded_generator_elites,True,False,3,test,209765,1698,66,17.041774898365244,True,29
pd_d192_k3_eval:population_elite:score_by_pd_d192_k10_eval,elite_verification,pd_d192_k3_eval,pd_d192_k10_eval,recorded_generator_elites,True,False,4,dev,217353,1773,11,22.647893041953235,True,29
pd_d192_k3_eval:population_elite:score_by_pd_d192_k10_eval,elite_verification,pd_d192_k3_eval,pd_d192_k10_eval,recorded_generator_elites,True,False,5,test,223315,1841,14,19.13268406671395,True,29
pd_d192_k3_eval:population_elite:score_by_pd_d192_k10_eval,elite_verification,pd_d192_k3_eval,pd_d192_k10_eval,recorded_generator_elites,True,False,6,dev,310451,2671,96,16.33163909566128,True,29
pd_d192_k3_eval:population_elite:score_by_pd_d192_k10_eval,elite_verification,pd_d192_k3_eval,pd_d192_k10_eval,recorded_generator_elites,True,False,7,test,390562,3199,35,12.441402210702037,True,29
pd_d192_k3_eval:population_elite:score_by_pd_d192_k10_eval,elite_verification,pd_d192_k3_eval,pd_d192_k10_eval,recorded_generator_elites,True,False,8,dev,431727,3540,24,6.766816522382898,True,29
pd_d192_k3_eval:population_elite:score_by_pd_d192_k10_eval,elite_verification,pd_d192_k3_eval,pd_d192_k10_eval,recorded_generator_elites,True,False,9,test,474074,3847,75,36.77489129433854,False,29
pd_d192_k3_eval:population_elite:score_by_pd_d192_k10_eval,elite_verification,pd_d192_k3_eval,pd_d192_k10_eval,recorded_generator_elites,True,False,10,dev,533874,4318,18,18.37140550187751,True,29
pd_d192_k3_eval:population_elite:score_by_pd_d192_k10_eval,elite_verification,pd_d192_k3_eval,pd_d192_k10_eval,recorded_generator_elites,True,False,11,test,644580,5118,142,181.5074775723132,False,29
pd_d192_k3_eval:population_elite:score_by_pd_d192_k10_eval,elite_verification,pd_d192_k3_eval,pd_d192_k10_eval,recorded_generator_elites,True,False,12,dev,829738,6657,59,22.80007243178528,True,29
pd_d192_k3_eval:population_elite:score_by_pd_d192_k10_eval,elite_verification,pd_d192_k3_eval,pd_d192_k10_eval,recorded_generator_elites,True,False,13,test,869151,6996,39,25.86686302197923,False,29
pd_d192_k3_eval:population_elite:score_by_pd_d192_k10_eval,elite_verification,pd_d192_k3_eval,pd_d192_k10_eval,recorded_generator_elites,True,False,14,dev,942841,7582,51,15.720083186445859,True,29
pd_d192_k3_eval:population_elite:score_by_pd_d192_k10_eval,elite_verification,pd_d192_k3_eval,pd_d192_k10_eval,recorded_generator_elites,True,False,15,test,1018266,8252,97,11.067293066048531,True,29
pd_d192_k3_eval:population_elite:score_by_pd_d192_k10_eval,elite_verification,pd_d192_k3_eval,pd_d192_k10_eval,recorded_generator_elites,True,False,16,dev,1030584,8327,40,4.012487524849981,True,29
pd_d192_k3_eval:population_elite:score_by_pd_d192_k10_eval,elite_verification,pd_d192_k3_eval,pd_d192_k10_eval,recorded_generator_elites,True,False,17,test,1040084,8384,49,155.86797071942087,False,29
pd_d192_k3_eval:population_elite:score_by_pd_d192_k10_eval,elite_verification,pd_d192_k3_eval,pd_d192_k10_eval,recorded_generator_elites,True,False,18,dev,1045185,8421,7,84.43821238926078,False,29
pd_d192_k3_eval:population_elite:score_by_pd_d192_k10_eval,elite_verification,pd_d192_k3_eval,pd_d192_k10_eval,recorded_generator_elites,True,False,19,test,1055880,8502,55,131.88324795137518,False,29
pd_d192_k3_eval:population_elite:score_by_pd_d192_k10_eval,elite_verification,pd_d192_k3_eval,pd_d192_k10_eval,recorded_generator_elites,True,False,20,dev,1056082,8504,47,9.150609951353562,True,29
pd_d192_k3_eval:population_elite:score_by_pd_d192_k10_eval,elite_verification,pd_d192_k3_eval,pd_d192_k10_eval,recorded_generator_elites,True,False,21,test,1180892,9642,28,20.676750506910953,True,29
pd_d192_k3_eval:population_elite:score_by_pd_d192_k10_eval,elite_verification,pd_d192_k3_eval,pd_d192_k10_eval,recorded_generator_elites,True,False,22,dev,1212032,9909,97,3.6654018199055054,True,29
pd_d192_k3_eval:population_elite:score_by_pd_d192_k10_eval,elite_verification,pd_d192_k3_eval,pd_d192_k10_eval,recorded_generator_elites,True,False,23,test,1242570,10146,97,18.36335979543366,True,29
pd_d192_k3_eval:population_elite:score_by_pd_d192_k10_eval,elite_verification,pd_d192_k3_eval,pd_d192_k10_eval,recorded_generator_elites,True,False,24,dev,1283018,10404,128,19.461361907683976,True,29
pd_d192_k3_eval:population_elite:score_by_pd_d192_k10_eval,elite_verification,pd_d192_k3_eval,pd_d192_k10_eval,recorded_generator_elites,True,False,25,test,1301452,10501,132,18.47530464502534,True,29
pd_d192_k3_eval:population_elite:score_by_pd_d192_k10_eval,elite_verification,pd_d192_k3_eval,pd_d192_k10_eval,recorded_generator_elites,True,False,26,dev,1474720,11770,36,19.37819022679729,True,29
pd_d192_k3_eval:population_elite:score_by_pd_d192_k10_eval,elite_verification,pd_d192_k3_eval,pd_d192_k10_eval,recorded_generator_elites,True,False,27,test,1505301,12050,1,576.7921382305215,False,29
pd_d192_k3_eval:population_elite:score_by_pd_d192_k10_eval,elite_verification,pd_d192_k3_eval,pd_d192_k10_eval,recorded_generator_elites,True,False,28,dev,1529062,12219,83,20.070173440285476,True,29
pd_d192_k3_eval:population_elite:score_by_pd_d192_k10_eval,elite_verification,pd_d192_k3_eval,pd_d192_k10_eval,recorded_generator_elites,True,False,29,test,1580839,12585,6,77.1466068547958,False,29
pd_d192_k3_eval:population_elite:score_by_pd_d192_k10_eval,elite_verification,pd_d192_k3_eval,pd_d192_k10_eval,recorded_generator_elites,True,False,30,dev,1626162,12946,66,20.270138255224904,True,29
pd_d192_k3_eval:population_elite:score_by_pd_d192_k10_eval,elite_verification,pd_d192_k3_eval,pd_d192_k10_eval,recorded_generator_elites,True,False,31,test,1634000,13016,64,212.46312448171716,False,29
pd_d192_k3_eval:population_elite:score_by_pd_d192_k10_eval,elite_verification,pd_d192_k3_eval,pd_d192_k10_eval,recorded_generator_elites,True,False,32,dev,1671846,13289,108,214.24930267683158,False,29
pd_d192_k3_eval:population_elite:score_by_pd_d192_k10_eval,elite_verification,pd_d192_k3_eval,pd_d192_k10_eval,recorded_generator_elites,True,False,33,test,1711529,13555,30,30.06193265082668,False,29
pd_d192_k3_eval:population_elite:score_by_pd_d192_k10_eval,elite_verification,pd_d192_k3_eval,pd_d192_k10_eval,recorded_generator_elites,True,False,34,dev,1765609,14019,13,10.439567687778855,True,29
pd_d192_k3_eval:population_elite:score_by_pd_d192_k10_eval,elite_verification,pd_d192_k3_eval,pd_d192_k10_eval,recorded_generator_elites,True,False,35,test,1772758,14077,32,181.7972398947199,False,29
pd_d192_k3_eval:population_elite:score_by_pd_d192_k10_eval,elite_verification,pd_d192_k3_eval,pd_d192_k10_eval,recorded_generator_elites,True,False,36,dev,1801558,14288,40,18.327495521709032,True,29
pd_d192_k3_eval:population_elite:score_by_pd_d192_k10_eval,elite_verification,pd_d192_k3_eval,pd_d192_k10_eval,recorded_generator_elites,True,False,37,test,1813392,14407,16,15.15812854430734,True,29
pd_d192_k3_eval:population_elite:score_by_pd_d192_k10_eval,elite_verification,pd_d192_k3_eval,pd_d192_k10_eval,recorded_generator_elites,True,False,38,dev,1820592,14461,52,148.1920018646539,False,29
pd_d192_k3_eval:population_elite:score_by_pd_d192_k10_eval,elite_verification,pd_d192_k3_eval,pd_d192_k10_eval,recorded_generator_elites,True,False,39,test,1829692,14510,38,15.384580590123146,True,29
pd_d192_k3_eval:population_elite:score_by_pd_d192_k10_eval,elite_verification,pd_d192_k3_eval,pd_d192_k10_eval,recorded_generator_elites,True,False,40,dev,1917705,15252,22,201.94173897988327,False,29
pd_d192_k3_eval:population_elite:score_by_pd_d192_k10_eval,elite_verification,pd_d192_k3_eval,pd_d192_k10_eval,recorded_generator_elites,True,False,41,test,1932213,15421,0,655.671178289296,False,29
pd_d192_k3_eval:population_elite:score_by_pd_d192_k10_eval,elite_verification,pd_d192_k3_eval,pd_d192_k10_eval,recorded_generator_elites,True,False,42,dev,1962695,15702,23,210.52579550320053,False,29
pd_d192_k3_eval:population_elite:score_by_pd_d192_k10_eval,elite_verification,pd_d192_k3_eval,pd_d192_k10_eval,recorded_generator_elites,True,False,43,test,2004621,16013,81,845.1307560419052,False,29
pd_d192_k3_eval:population_elite:score_by_pd_d192_k10_eval,elite_verification,pd_d192_k3_eval,pd_d192_k10_eval,recorded_generator_elites,True,False,44,dev,2005201,16016,127,19.01389803037413,True,29
pd_d192_k3_eval:population_elite:score_by_pd_d192_k10_eval,elite_verification,pd_d192_k3_eval,pd_d192_k10_eval,recorded_generator_elites,True,False,45,test,2065261,16353,31,29.837606059565005,False,29
pd_d192_k3_eval:population_elite:score_by_pd_d192_k10_eval,elite_verification,pd_d192_k3_eval,pd_d192_k10_eval,recorded_generator_elites,True,False,46,dev,2079106,16491,32,22.063111212893503,True,29
pd_d192_k3_eval:population_elite:score_by_pd_d192_k10_eval,elite_verification,pd_d192_k3_eval,pd_d192_k10_eval,recorded_generator_elites,True,False,47,test,2163075,17254,80,15.362823330401213,True,29
pd_d192_k3_eval:population_elite:score_by_pd_d192_k10_eval,elite_verification,pd_d192_k3_eval,pd_d192_k10_eval,recorded_generator_elites,True,False,48,dev,2259080,17908,39,24.529409214051697,False,29
pd_d192_k3_eval:population_elite:score_by_pd_d192_k10_eval,elite_verification,pd_d192_k3_eval,pd_d192_k10_eval,recorded_generator_elites,True,False,49,test,2270553,18000,34,19.56825962489672,True,29
pd_d192_k3_eval:population_all:all_rank_consensus,population_verification,pd_d192_k3_eval,all_rank_consensus,all_recorded_populations,True,False,0,dev,151146,1243,59,46.02067777681781,False,29
pd_d192_k3_eval:population_all:all_rank_consensus,population_verification,pd_d192_k3_eval,all_rank_consensus,all_recorded_populations,True,False,1,test,160867,1323,0,84.15059446949641,False,29
pd_d192_k3_eval:population_all:all_rank_consensus,population_verification,pd_d192_k3_eval,all_rank_consensus,all_recorded_populations,True,False,2,dev,202352,1644,51,17.98151735360154,True,29
pd_d192_k3_eval:population_all:all_rank_consensus,population_verification,pd_d192_k3_eval,all_rank_consensus,all_recorded_populations,True,False,3,test,209765,1698,66,22.531190993891784,True,29
pd_d192_k3_eval:population_all:all_rank_consensus,population_verification,pd_d192_k3_eval,all_rank_consensus,all_recorded_populations,True,False,4,dev,217353,1773,11,22.647893041953235,True,29
pd_d192_k3_eval:population_all:all_rank_consensus,population_verification,pd_d192_k3_eval,all_rank_consensus,all_recorded_populations,True,False,5,test,223315,1841,14,13.676654653811578,True,29
pd_d192_k3_eval:population_all:all_rank_consensus,population_verification,pd_d192_k3_eval,all_rank_consensus,all_recorded_populations,True,False,6,dev,310451,2671,96,14.890186502724506,True,29
pd_d192_k3_eval:population_all:all_rank_consensus,population_verification,pd_d192_k3_eval,all_rank_consensus,all_recorded_populations,True,False,7,test,390562,3199,35,16.48962633963012,True,29
pd_d192_k3_eval:population_all:all_rank_consensus,population_verification,pd_d192_k3_eval,all_rank_consensus,all_recorded_populations,True,False,8,dev,431727,3540,24,6.766816522382898,True,29
pd_d192_k3_eval:population_all:all_rank_consensus,population_verification,pd_d192_k3_eval,all_rank_consensus,all_recorded_populations,True,False,9,test,474074,3847,75,36.77489129433854,False,29
pd_d192_k3_eval:population_all:all_rank_consensus,population_verification,pd_d192_k3_eval,all_rank_consensus,all_recorded_populations,True,False,10,dev,533874,4318,18,18.526725910656168,True,29
pd_d192_k3_eval:population_all:all_rank_consensus,population_verification,pd_d192_k3_eval,all_rank_consensus,all_recorded_populations,True,False,11,test,644580,5118,142,181.5074775723132,False,29
pd_d192_k3_eval:population_all:all_rank_consensus,population_verification,pd_d192_k3_eval,all_rank_consensus,all_recorded_populations,True,False,12,dev,829738,6657,59,19.86178476557077,True,29
pd_d192_k3_eval:population_all:all_rank_consensus,population_verification,pd_d192_k3_eval,all_rank_consensus,all_recorded_populations,True,False,13,test,869151,6996,39,25.86686302197923,False,29
pd_d192_k3_eval:population_all:all_rank_consensus,population_verification,pd_d192_k3_eval,all_rank_consensus,all_recorded_populations,True,False,14,dev,942841,7582,51,15.720083186445859,True,29
pd_d192_k3_eval:population_all:all_rank_consensus,population_verification,pd_d192_k3_eval,all_rank_consensus,all_recorded_populations,True,False,15,test,1018266,8252,97,11.675359881890813,True,29
pd_d192_k3_eval:population_all:all_rank_consensus,population_verification,pd_d192_k3_eval,all_rank_consensus,all_recorded_populations,True,False,16,dev,1030584,8327,40,4.012487524849981,True,29
pd_d192_k3_eval:population_all:all_rank_consensus,population_verification,pd_d192_k3_eval,all_rank_consensus,all_recorded_populations,True,False,17,test,1040084,8384,49,155.86797071942087,False,29
pd_d192_k3_eval:population_all:all_rank_consensus,population_verification,pd_d192_k3_eval,all_rank_consensus,all_recorded_populations,True,False,18,dev,1045185,8421,7,83.47822049816892,False,29
pd_d192_k3_eval:population_all:all_rank_consensus,population_verification,pd_d192_k3_eval,all_rank_consensus,all_recorded_populations,True,False,19,test,1055880,8502,55,146.24171078873562,False,29
pd_d192_k3_eval:population_all:all_rank_consensus,population_verification,pd_d192_k3_eval,all_rank_consensus,all_recorded_populations,True,False,20,dev,1056082,8504,47,9.150609951353562,True,29
pd_d192_k3_eval:population_all:all_rank_consensus,population_verification,pd_d192_k3_eval,all_rank_consensus,all_recorded_populations,True,False,21,test,1180892,9642,28,15.594230373534039,True,29
pd_d192_k3_eval:population_all:all_rank_consensus,population_verification,pd_d192_k3_eval,all_rank_consensus,all_recorded_populations,True,False,22,dev,1212032,9909,97,4.461505819629381,True,29
pd_d192_k3_eval:population_all:all_rank_consensus,population_verification,pd_d192_k3_eval,all_rank_consensus,all_recorded_populations,True,False,23,test,1242570,10146,97,14.338757024310159,True,29
pd_d192_k3_eval:population_all:all_rank_consensus,population_verification,pd_d192_k3_eval,all_rank_consensus,all_recorded_populations,True,False,24,dev,1283018,10404,128,15.396720503800477,True,29
pd_d192_k3_eval:population_all:all_rank_consensus,population_verification,pd_d192_k3_eval,all_rank_consensus,all_recorded_populations,True,False,25,test,1301452,10501,132,19.959848712304417,True,29
pd_d192_k3_eval:population_all:all_rank_consensus,population_verification,pd_d192_k3_eval,all_rank_consensus,all_recorded_populations,True,False,26,dev,1474720,11770,36,10.702421417984464,True,29
pd_d192_k3_eval:population_all:all_rank_consensus,population_verification,pd_d192_k3_eval,all_rank_consensus,all_recorded_populations,True,False,27,test,1505301,12050,1,576.0197222583378,False,29
pd_d192_k3_eval:population_all:all_rank_consensus,population_verification,pd_d192_k3_eval,all_rank_consensus,all_recorded_populations,True,False,28,dev,1529062,12219,83,21.783477835658964,True,29
pd_d192_k3_eval:population_all:all_rank_consensus,population_verification,pd_d192_k3_eval,all_rank_consensus,all_recorded_populations,True,False,29,test,1580839,12585,6,76.50843722463726,False,29
pd_d192_k3_eval:population_all:all_rank_consensus,population_verification,pd_d192_k3_eval,all_rank_consensus,all_recorded_populations,True,False,30,dev,1626162,12946,66,6.514507749381243,True,29
pd_d192_k3_eval:population_all:all_rank_consensus,population_verification,pd_d192_k3_eval,all_rank_consensus,all_recorded_populations,True,False,31,test,1634000,13016,64,212.86764491480739,False,29
pd_d192_k3_eval:population_all:all_rank_consensus,population_verification,pd_d192_k3_eval,all_rank_consensus,all_recorded_populations,True,False,32,dev,1671846,13289,108,211.32369398345688,False,29
pd_d192_k3_eval:population_all:all_rank_consensus,population_verification,pd_d192_k3_eval,all_rank_consensus,all_recorded_populations,True,False,33,test,1711529,13555,30,14.960707020639006,True,29
pd_d192_k3_eval:population_all:all_rank_consensus,population_verification,pd_d192_k3_eval,all_rank_consensus,all_recorded_populations,True,False,34,dev,1765609,14019,13,9.256177119532357,True,29
pd_d192_k3_eval:population_all:all_rank_consensus,population_verification,pd_d192_k3_eval,all_rank_consensus,all_recorded_populations,True,False,35,test,1772758,14077,32,184.33438079378232,False,29
pd_d192_k3_eval:population_all:all_rank_consensus,population_verification,pd_d192_k3_eval,all_rank_consensus,all_recorded_populations,True,False,36,dev,1801558,14288,40,14.52731291929622,True,29
pd_d192_k3_eval:population_all:all_rank_consensus,population_verification,pd_d192_k3_eval,all_rank_consensus,all_recorded_populations,True,False,37,test,1813392,14407,16,15.15812854430734,True,29
pd_d192_k3_eval:population_all:all_rank_consensus,population_verification,pd_d192_k3_eval,all_rank_consensus,all_recorded_populations,True,False,38,dev,1820592,14461,52,150.57397156541217,False,29
pd_d192_k3_eval:population_all:all_rank_consensus,population_verification,pd_d192_k3_eval,all_rank_consensus,all_recorded_populations,True,False,39,test,1829692,14510,38,15.384580590123146,True,29
pd_d192_k3_eval:population_all:all_rank_consensus,population_verification,pd_d192_k3_eval,all_rank_consensus,all_recorded_populations,True,False,40,dev,1917705,15252,22,201.94173897988327,False,29
pd_d192_k3_eval:population_all:all_rank_consensus,population_verification,pd_d192_k3_eval,all_rank_consensus,all_recorded_populations,True,False,41,test,1932213,15421,0,678.2463925488202,False,29
pd_d192_k3_eval:population_all:all_rank_consensus,population_verification,pd_d192_k3_eval,all_rank_consensus,all_recorded_populations,True,False,42,dev,1962695,15702,23,210.52579550320053,False,29
pd_d192_k3_eval:population_all:all_rank_consensus,population_verification,pd_d192_k3_eval,all_rank_consensus,all_recorded_populations,True,False,43,test,2004621,16013,81,861.3316498843187,False,29
pd_d192_k3_eval:population_all:all_rank_consensus,population_verification,pd_d192_k3_eval,all_rank_consensus,all_recorded_populations,True,False,44,dev,2005201,16016,127,19.377692515187128,True,29
pd_d192_k3_eval:population_all:all_rank_consensus,population_verification,pd_d192_k3_eval,all_rank_consensus,all_recorded_populations,True,False,45,test,2065261,16353,31,29.837606059565005,False,29
pd_d192_k3_eval:population_all:all_rank_consensus,population_verification,pd_d192_k3_eval,all_rank_consensus,all_recorded_populations,True,False,46,dev,2079106,16491,32,23.283717019945826,True,29
pd_d192_k3_eval:population_all:all_rank_consensus,population_verification,pd_d192_k3_eval,all_rank_consensus,all_recorded_populations,True,False,47,test,2163075,17254,80,7.560933144425369,True,29
pd_d192_k3_eval:population_all:all_rank_consensus,population_verification,pd_d192_k3_eval,all_rank_consensus,all_recorded_populations,True,False,48,dev,2259080,17908,39,24.529409214051697,False,29
pd_d192_k3_eval:population_all:all_rank_consensus,population_verification,pd_d192_k3_eval,all_rank_consensus,all_recorded_populations,True,False,49,test,2270553,18000,34,20.74679242861728,True,29
pd_d192_k3_eval:population_elite:all_rank_consensus,elite_verification,pd_d192_k3_eval,all_rank_consensus,recorded_generator_elites,True,False,0,dev,151146,1243,59,46.02067777681781,False,29
pd_d192_k3_eval:population_elite:all_rank_consensus,elite_verification,pd_d192_k3_eval,all_rank_consensus,recorded_generator_elites,True,False,1,test,160867,1323,0,79.51368972401828,False,29
pd_d192_k3_eval:population_elite:all_rank_consensus,elite_verification,pd_d192_k3_eval,all_rank_consensus,recorded_generator_elites,True,False,2,dev,202352,1644,51,7.231830853227212,True,29
pd_d192_k3_eval:population_elite:all_rank_consensus,elite_verification,pd_d192_k3_eval,all_rank_consensus,recorded_generator_elites,True,False,3,test,209765,1698,66,22.531190993891784,True,29
pd_d192_k3_eval:population_elite:all_rank_consensus,elite_verification,pd_d192_k3_eval,all_rank_consensus,recorded_generator_elites,True,False,4,dev,217353,1773,11,22.647893041953235,True,29
pd_d192_k3_eval:population_elite:all_rank_consensus,elite_verification,pd_d192_k3_eval,all_rank_consensus,recorded_generator_elites,True,False,5,test,223315,1841,14,13.676654653811578,True,29
pd_d192_k3_eval:population_elite:all_rank_consensus,elite_verification,pd_d192_k3_eval,all_rank_consensus,recorded_generator_elites,True,False,6,dev,310451,2671,96,14.890186502724506,True,29
pd_d192_k3_eval:population_elite:all_rank_consensus,elite_verification,pd_d192_k3_eval,all_rank_consensus,recorded_generator_elites,True,False,7,test,390562,3199,35,16.48962633963012,True,29
pd_d192_k3_eval:population_elite:all_rank_consensus,elite_verification,pd_d192_k3_eval,all_rank_consensus,recorded_generator_elites,True,False,8,dev,431727,3540,24,6.766816522382898,True,29
pd_d192_k3_eval:population_elite:all_rank_consensus,elite_verification,pd_d192_k3_eval,all_rank_consensus,recorded_generator_elites,True,False,9,test,474074,3847,75,36.77489129433854,False,29
pd_d192_k3_eval:population_elite:all_rank_consensus,elite_verification,pd_d192_k3_eval,all_rank_consensus,recorded_generator_elites,True,False,10,dev,533874,4318,18,18.526725910656168,True,29
pd_d192_k3_eval:population_elite:all_rank_consensus,elite_verification,pd_d192_k3_eval,all_rank_consensus,recorded_generator_elites,True,False,11,test,644580,5118,142,181.5074775723132,False,29
pd_d192_k3_eval:population_elite:all_rank_consensus,elite_verification,pd_d192_k3_eval,all_rank_consensus,recorded_generator_elites,True,False,12,dev,829738,6657,59,19.86178476557077,True,29
pd_d192_k3_eval:population_elite:all_rank_consensus,elite_verification,pd_d192_k3_eval,all_rank_consensus,recorded_generator_elites,True,False,13,test,869151,6996,39,25.86686302197923,False,29
pd_d192_k3_eval:population_elite:all_rank_consensus,elite_verification,pd_d192_k3_eval,all_rank_consensus,recorded_generator_elites,True,False,14,dev,942841,7582,51,15.720083186445859,True,29
pd_d192_k3_eval:population_elite:all_rank_consensus,elite_verification,pd_d192_k3_eval,all_rank_consensus,recorded_generator_elites,True,False,15,test,1018266,8252,97,11.39965666509856,True,29
pd_d192_k3_eval:population_elite:all_rank_consensus,elite_verification,pd_d192_k3_eval,all_rank_consensus,recorded_generator_elites,True,False,16,dev,1030584,8327,40,4.012487524849981,True,29
pd_d192_k3_eval:population_elite:all_rank_consensus,elite_verification,pd_d192_k3_eval,all_rank_consensus,recorded_generator_elites,True,False,17,test,1040084,8384,49,155.86797071942087,False,29
pd_d192_k3_eval:population_elite:all_rank_consensus,elite_verification,pd_d192_k3_eval,all_rank_consensus,recorded_generator_elites,True,False,18,dev,1045185,8421,7,84.41572615215043,False,29
pd_d192_k3_eval:population_elite:all_rank_consensus,elite_verification,pd_d192_k3_eval,all_rank_consensus,recorded_generator_elites,True,False,19,test,1055880,8502,55,146.24171078873562,False,29
pd_d192_k3_eval:population_elite:all_rank_consensus,elite_verification,pd_d192_k3_eval,all_rank_consensus,recorded_generator_elites,True,False,20,dev,1056082,8504,47,9.150609951353562,True,29
pd_d192_k3_eval:population_elite:all_rank_consensus,elite_verification,pd_d192_k3_eval,all_rank_consensus,recorded_generator_elites,True,False,21,test,1180892,9642,28,15.594230373534039,True,29
pd_d192_k3_eval:population_elite:all_rank_consensus,elite_verification,pd_d192_k3_eval,all_rank_consensus,recorded_generator_elites,True,False,22,dev,1212032,9909,97,4.461505819629381,True,29
pd_d192_k3_eval:population_elite:all_rank_consensus,elite_verification,pd_d192_k3_eval,all_rank_consensus,recorded_generator_elites,True,False,23,test,1242570,10146,97,14.338757024310159,True,29
pd_d192_k3_eval:population_elite:all_rank_consensus,elite_verification,pd_d192_k3_eval,all_rank_consensus,recorded_generator_elites,True,False,24,dev,1283018,10404,128,15.396720503800477,True,29
pd_d192_k3_eval:population_elite:all_rank_consensus,elite_verification,pd_d192_k3_eval,all_rank_consensus,recorded_generator_elites,True,False,25,test,1301452,10501,132,19.494856996909192,True,29
pd_d192_k3_eval:population_elite:all_rank_consensus,elite_verification,pd_d192_k3_eval,all_rank_consensus,recorded_generator_elites,True,False,26,dev,1474720,11770,36,19.37819022679729,True,29
pd_d192_k3_eval:population_elite:all_rank_consensus,elite_verification,pd_d192_k3_eval,all_rank_consensus,recorded_generator_elites,True,False,27,test,1505301,12050,1,576.0197222583378,False,29
pd_d192_k3_eval:population_elite:all_rank_consensus,elite_verification,pd_d192_k3_eval,all_rank_consensus,recorded_generator_elites,True,False,28,dev,1529062,12219,83,21.783477835658964,True,29
pd_d192_k3_eval:population_elite:all_rank_consensus,elite_verification,pd_d192_k3_eval,all_rank_consensus,recorded_generator_elites,True,False,29,test,1580839,12585,6,76.50843722463726,False,29
pd_d192_k3_eval:population_elite:all_rank_consensus,elite_verification,pd_d192_k3_eval,all_rank_consensus,recorded_generator_elites,True,False,30,dev,1626162,12946,66,6.514507749381243,True,29
pd_d192_k3_eval:population_elite:all_rank_consensus,elite_verification,pd_d192_k3_eval,all_rank_consensus,recorded_generator_elites,True,False,31,test,1634000,13016,64,224.7768490953232,False,29
pd_d192_k3_eval:population_elite:all_rank_consensus,elite_verification,pd_d192_k3_eval,all_rank_consensus,recorded_generator_elites,True,False,32,dev,1671846,13289,108,214.24930267683158,False,29
pd_d192_k3_eval:population_elite:all_rank_consensus,elite_verification,pd_d192_k3_eval,all_rank_consensus,recorded_generator_elites,True,False,33,test,1711529,13555,30,14.960707020639006,True,29
pd_d192_k3_eval:population_elite:all_rank_consensus,elite_verification,pd_d192_k3_eval,all_rank_consensus,recorded_generator_elites,True,False,34,dev,1765609,14019,13,9.256177119532357,True,29
pd_d192_k3_eval:population_elite:all_rank_consensus,elite_verification,pd_d192_k3_eval,all_rank_consensus,recorded_generator_elites,True,False,35,test,1772758,14077,32,184.33438079378232,False,29
pd_d192_k3_eval:population_elite:all_rank_consensus,elite_verification,pd_d192_k3_eval,all_rank_consensus,recorded_generator_elites,True,False,36,dev,1801558,14288,40,18.082137541346068,True,29
pd_d192_k3_eval:population_elite:all_rank_consensus,elite_verification,pd_d192_k3_eval,all_rank_consensus,recorded_generator_elites,True,False,37,test,1813392,14407,16,15.15812854430734,True,29
pd_d192_k3_eval:population_elite:all_rank_consensus,elite_verification,pd_d192_k3_eval,all_rank_consensus,recorded_generator_elites,True,False,38,dev,1820592,14461,52,148.1920018646539,False,29
pd_d192_k3_eval:population_elite:all_rank_consensus,elite_verification,pd_d192_k3_eval,all_rank_consensus,recorded_generator_elites,True,False,39,test,1829692,14510,38,15.384580590123146,True,29
pd_d192_k3_eval:population_elite:all_rank_consensus,elite_verification,pd_d192_k3_eval,all_rank_consensus,recorded_generator_elites,True,False,40,dev,1917705,15252,22,201.94173897988327,False,29
pd_d192_k3_eval:population_elite:all_rank_consensus,elite_verification,pd_d192_k3_eval,all_rank_consensus,recorded_generator_elites,True,False,41,test,1932213,15421,0,678.2463925488202,False,29
pd_d192_k3_eval:population_elite:all_rank_consensus,elite_verification,pd_d192_k3_eval,all_rank_consensus,recorded_generator_elites,True,False,42,dev,1962695,15702,23,210.52579550320053,False,29
pd_d192_k3_eval:population_elite:all_rank_consensus,elite_verification,pd_d192_k3_eval,all_rank_consensus,recorded_generator_elites,True,False,43,test,2004621,16013,81,861.3316498843187,False,29
pd_d192_k3_eval:population_elite:all_rank_consensus,elite_verification,pd_d192_k3_eval,all_rank_consensus,recorded_generator_elites,True,False,44,dev,2005201,16016,127,19.377692515187128,True,29
pd_d192_k3_eval:population_elite:all_rank_consensus,elite_verification,pd_d192_k3_eval,all_rank_consensus,recorded_generator_elites,True,False,45,test,2065261,16353,31,29.837606059565005,False,29
pd_d192_k3_eval:population_elite:all_rank_consensus,elite_verification,pd_d192_k3_eval,all_rank_consensus,recorded_generator_elites,True,False,46,dev,2079106,16491,32,23.283717019945826,True,29
pd_d192_k3_eval:population_elite:all_rank_consensus,elite_verification,pd_d192_k3_eval,all_rank_consensus,recorded_generator_elites,True,False,47,test,2163075,17254,80,7.560933144425369,True,29
pd_d192_k3_eval:population_elite:all_rank_consensus,elite_verification,pd_d192_k3_eval,all_rank_consensus,recorded_generator_elites,True,False,48,dev,2259080,17908,39,24.529409214051697,False,29
pd_d192_k3_eval:population_elite:all_rank_consensus,elite_verification,pd_d192_k3_eval,all_rank_consensus,recorded_generator_elites,True,False,49,test,2270553,18000,34,20.74679242861728,True,29
pd_d192_k3_eval:population_all:nonself_rank_consensus,population_verification,pd_d192_k3_eval,nonself_rank_consensus,all_recorded_populations,True,False,0,dev,151146,1243,59,59.0153730575328,False,29
pd_d192_k3_eval:population_all:nonself_rank_consensus,population_verification,pd_d192_k3_eval,nonself_rank_consensus,all_recorded_populations,True,False,1,test,160867,1323,0,96.42716104181287,False,29
pd_d192_k3_eval:population_all:nonself_rank_consensus,population_verification,pd_d192_k3_eval,nonself_rank_consensus,all_recorded_populations,True,False,2,dev,202352,1644,51,17.374622150524367,True,29
pd_d192_k3_eval:population_all:nonself_rank_consensus,population_verification,pd_d192_k3_eval,nonself_rank_consensus,all_recorded_populations,True,False,3,test,209765,1698,66,21.51704038247773,True,29
pd_d192_k3_eval:population_all:nonself_rank_consensus,population_verification,pd_d192_k3_eval,nonself_rank_consensus,all_recorded_populations,True,False,4,dev,217353,1773,11,9.967320893880835,True,29
pd_d192_k3_eval:population_all:nonself_rank_consensus,population_verification,pd_d192_k3_eval,nonself_rank_consensus,all_recorded_populations,True,False,5,test,223315,1841,14,25.798851834326225,False,29
pd_d192_k3_eval:population_all:nonself_rank_consensus,population_verification,pd_d192_k3_eval,nonself_rank_consensus,all_recorded_populations,True,False,6,dev,310451,2671,96,18.305271387738145,True,29
pd_d192_k3_eval:population_all:nonself_rank_consensus,population_verification,pd_d192_k3_eval,nonself_rank_consensus,all_recorded_populations,True,False,7,test,390562,3199,35,16.616686979945584,True,29
pd_d192_k3_eval:population_all:nonself_rank_consensus,population_verification,pd_d192_k3_eval,nonself_rank_consensus,all_recorded_populations,True,False,8,dev,431727,3540,24,19.629424384103032,True,29
pd_d192_k3_eval:population_all:nonself_rank_consensus,population_verification,pd_d192_k3_eval,nonself_rank_consensus,all_recorded_populations,True,False,9,test,474074,3847,75,36.787345304933915,False,29
pd_d192_k3_eval:population_all:nonself_rank_consensus,population_verification,pd_d192_k3_eval,nonself_rank_consensus,all_recorded_populations,True,False,10,dev,533874,4318,18,14.810486843527402,True,29
pd_d192_k3_eval:population_all:nonself_rank_consensus,population_verification,pd_d192_k3_eval,nonself_rank_consensus,all_recorded_populations,True,False,11,test,644580,5118,142,185.66687379350157,False,29
pd_d192_k3_eval:population_all:nonself_rank_consensus,population_verification,pd_d192_k3_eval,nonself_rank_consensus,all_recorded_populations,True,False,12,dev,829738,6657,59,18.702978552801746,True,29
pd_d192_k3_eval:population_all:nonself_rank_consensus,population_verification,pd_d192_k3_eval,nonself_rank_consensus,all_recorded_populations,True,False,13,test,869151,6996,39,17.38231814253555,True,29
pd_d192_k3_eval:population_all:nonself_rank_consensus,population_verification,pd_d192_k3_eval,nonself_rank_consensus,all_recorded_populations,True,False,14,dev,942841,7582,51,21.46072263654344,True,29
pd_d192_k3_eval:population_all:nonself_rank_consensus,population_verification,pd_d192_k3_eval,nonself_rank_consensus,all_recorded_populations,True,False,15,test,1018266,8252,97,18.967442184708524,True,29
pd_d192_k3_eval:population_all:nonself_rank_consensus,population_verification,pd_d192_k3_eval,nonself_rank_consensus,all_recorded_populations,True,False,16,dev,1030584,8327,40,9.681020576201663,True,29
pd_d192_k3_eval:population_all:nonself_rank_consensus,population_verification,pd_d192_k3_eval,nonself_rank_consensus,all_recorded_populations,True,False,17,test,1040084,8384,49,158.24535677799076,False,29
pd_d192_k3_eval:population_all:nonself_rank_consensus,population_verification,pd_d192_k3_eval,nonself_rank_consensus,all_recorded_populations,True,False,18,dev,1045185,8421,7,83.47822049816892,False,29
pd_d192_k3_eval:population_all:nonself_rank_consensus,population_verification,pd_d192_k3_eval,nonself_rank_consensus,all_recorded_populations,True,False,19,test,1055880,8502,55,157.90850014039492,False,29
pd_d192_k3_eval:population_all:nonself_rank_consensus,population_verification,pd_d192_k3_eval,nonself_rank_consensus,all_recorded_populations,True,False,20,dev,1056082,8504,47,9.372100444878527,True,29
pd_d192_k3_eval:population_all:nonself_rank_consensus,population_verification,pd_d192_k3_eval,nonself_rank_consensus,all_recorded_populations,True,False,21,test,1180892,9642,28,11.427531290928812,True,29
pd_d192_k3_eval:population_all:nonself_rank_consensus,population_verification,pd_d192_k3_eval,nonself_rank_consensus,all_recorded_populations,True,False,22,dev,1212032,9909,97,4.461505819629381,True,29
pd_d192_k3_eval:population_all:nonself_rank_consensus,population_verification,pd_d192_k3_eval,nonself_rank_consensus,all_recorded_populations,True,False,23,test,1242570,10146,97,16.81237255279987,True,29
pd_d192_k3_eval:population_all:nonself_rank_consensus,population_verification,pd_d192_k3_eval,nonself_rank_consensus,all_recorded_populations,True,False,24,dev,1283018,10404,128,18.379261591196855,True,29
pd_d192_k3_eval:population_all:nonself_rank_consensus,population_verification,pd_d192_k3_eval,nonself_rank_consensus,all_recorded_populations,True,False,25,test,1301452,10501,132,19.815224215479294,True,29
pd_d192_k3_eval:population_all:nonself_rank_consensus,population_verification,pd_d192_k3_eval,nonself_rank_consensus,all_recorded_populations,True,False,26,dev,1474720,11770,36,11.72674458029476,True,29
pd_d192_k3_eval:population_all:nonself_rank_consensus,population_verification,pd_d192_k3_eval,nonself_rank_consensus,all_recorded_populations,True,False,27,test,1505301,12050,1,583.1979533200354,False,29
pd_d192_k3_eval:population_all:nonself_rank_consensus,population_verification,pd_d192_k3_eval,nonself_rank_consensus,all_recorded_populations,True,False,28,dev,1529062,12219,83,20.31183022745602,True,29
pd_d192_k3_eval:population_all:nonself_rank_consensus,population_verification,pd_d192_k3_eval,nonself_rank_consensus,all_recorded_populations,True,False,29,test,1580839,12585,6,76.45190252070496,False,29
pd_d192_k3_eval:population_all:nonself_rank_consensus,population_verification,pd_d192_k3_eval,nonself_rank_consensus,all_recorded_populations,True,False,30,dev,1626162,12946,66,5.929485277884676,True,29
pd_d192_k3_eval:population_all:nonself_rank_consensus,population_verification,pd_d192_k3_eval,nonself_rank_consensus,all_recorded_populations,True,False,31,test,1634000,13016,64,212.72233824868366,False,29
pd_d192_k3_eval:population_all:nonself_rank_consensus,population_verification,pd_d192_k3_eval,nonself_rank_consensus,all_recorded_populations,True,False,32,dev,1671846,13289,108,277.78089648997343,False,29
pd_d192_k3_eval:population_all:nonself_rank_consensus,population_verification,pd_d192_k3_eval,nonself_rank_consensus,all_recorded_populations,True,False,33,test,1711529,13555,30,15.099903468723237,True,29
pd_d192_k3_eval:population_all:nonself_rank_consensus,population_verification,pd_d192_k3_eval,nonself_rank_consensus,all_recorded_populations,True,False,34,dev,1765609,14019,13,14.182829237134676,True,29
pd_d192_k3_eval:population_all:nonself_rank_consensus,population_verification,pd_d192_k3_eval,nonself_rank_consensus,all_recorded_populations,True,False,35,test,1772758,14077,32,177.25079831619524,False,29
pd_d192_k3_eval:population_all:nonself_rank_consensus,population_verification,pd_d192_k3_eval,nonself_rank_consensus,all_recorded_populations,True,False,36,dev,1801558,14288,40,14.063610161543373,True,29
pd_d192_k3_eval:population_all:nonself_rank_consensus,population_verification,pd_d192_k3_eval,nonself_rank_consensus,all_recorded_populations,True,False,37,test,1813392,14407,16,20.362518308067617,True,29
pd_d192_k3_eval:population_all:nonself_rank_consensus,population_verification,pd_d192_k3_eval,nonself_rank_consensus,all_recorded_populations,True,False,38,dev,1820592,14461,52,140.0616665445629,False,29
pd_d192_k3_eval:population_all:nonself_rank_consensus,population_verification,pd_d192_k3_eval,nonself_rank_consensus,all_recorded_populations,True,False,39,test,1829692,14510,38,13.74511040336914,True,29
pd_d192_k3_eval:population_all:nonself_rank_consensus,population_verification,pd_d192_k3_eval,nonself_rank_consensus,all_recorded_populations,True,False,40,dev,1917705,15252,22,203.90335482026933,False,29
pd_d192_k3_eval:population_all:nonself_rank_consensus,population_verification,pd_d192_k3_eval,nonself_rank_consensus,all_recorded_populations,True,False,41,test,1932213,15421,0,682.688535188965,False,29
pd_d192_k3_eval:population_all:nonself_rank_consensus,population_verification,pd_d192_k3_eval,nonself_rank_consensus,all_recorded_populations,True,False,42,dev,1962695,15702,23,205.9721916864932,False,29
pd_d192_k3_eval:population_all:nonself_rank_consensus,population_verification,pd_d192_k3_eval,nonself_rank_consensus,all_recorded_populations,True,False,43,test,2004621,16013,81,872.3682006906411,False,29
pd_d192_k3_eval:population_all:nonself_rank_consensus,population_verification,pd_d192_k3_eval,nonself_rank_consensus,all_recorded_populations,True,False,44,dev,2005201,16016,127,18.56208317732507,True,29
pd_d192_k3_eval:population_all:nonself_rank_consensus,population_verification,pd_d192_k3_eval,nonself_rank_consensus,all_recorded_populations,True,False,45,test,2065261,16353,31,26.996490464761447,False,29
pd_d192_k3_eval:population_all:nonself_rank_consensus,population_verification,pd_d192_k3_eval,nonself_rank_consensus,all_recorded_populations,True,False,46,dev,2079106,16491,32,14.378005975123045,True,29
pd_d192_k3_eval:population_all:nonself_rank_consensus,population_verification,pd_d192_k3_eval,nonself_rank_consensus,all_recorded_populations,True,False,47,test,2163075,17254,80,16.51710625863526,True,29
pd_d192_k3_eval:population_all:nonself_rank_consensus,population_verification,pd_d192_k3_eval,nonself_rank_consensus,all_recorded_populations,True,False,48,dev,2259080,17908,39,23.783392410364314,True,29
pd_d192_k3_eval:population_all:nonself_rank_consensus,population_verification,pd_d192_k3_eval,nonself_rank_consensus,all_recorded_populations,True,False,49,test,2270553,18000,34,20.74679242861728,True,29
pd_d192_k3_eval:population_elite:nonself_rank_consensus,elite_verification,pd_d192_k3_eval,nonself_rank_consensus,recorded_generator_elites,True,False,0,dev,151146,1243,59,46.02067777681781,False,29
pd_d192_k3_eval:population_elite:nonself_rank_consensus,elite_verification,pd_d192_k3_eval,nonself_rank_consensus,recorded_generator_elites,True,False,1,test,160867,1323,0,79.51368972401828,False,29
pd_d192_k3_eval:population_elite:nonself_rank_consensus,elite_verification,pd_d192_k3_eval,nonself_rank_consensus,recorded_generator_elites,True,False,2,dev,202352,1644,51,7.231830853227212,True,29
pd_d192_k3_eval:population_elite:nonself_rank_consensus,elite_verification,pd_d192_k3_eval,nonself_rank_consensus,recorded_generator_elites,True,False,3,test,209765,1698,66,22.531190993891784,True,29
pd_d192_k3_eval:population_elite:nonself_rank_consensus,elite_verification,pd_d192_k3_eval,nonself_rank_consensus,recorded_generator_elites,True,False,4,dev,217353,1773,11,22.647893041953235,True,29
pd_d192_k3_eval:population_elite:nonself_rank_consensus,elite_verification,pd_d192_k3_eval,nonself_rank_consensus,recorded_generator_elites,True,False,5,test,223315,1841,14,13.676654653811578,True,29
pd_d192_k3_eval:population_elite:nonself_rank_consensus,elite_verification,pd_d192_k3_eval,nonself_rank_consensus,recorded_generator_elites,True,False,6,dev,310451,2671,96,14.890186502724506,True,29
pd_d192_k3_eval:population_elite:nonself_rank_consensus,elite_verification,pd_d192_k3_eval,nonself_rank_consensus,recorded_generator_elites,True,False,7,test,390562,3199,35,16.48962633963012,True,29
pd_d192_k3_eval:population_elite:nonself_rank_consensus,elite_verification,pd_d192_k3_eval,nonself_rank_consensus,recorded_generator_elites,True,False,8,dev,431727,3540,24,6.766816522382898,True,29
pd_d192_k3_eval:population_elite:nonself_rank_consensus,elite_verification,pd_d192_k3_eval,nonself_rank_consensus,recorded_generator_elites,True,False,9,test,474074,3847,75,26.90865861628626,True,29
pd_d192_k3_eval:population_elite:nonself_rank_consensus,elite_verification,pd_d192_k3_eval,nonself_rank_consensus,recorded_generator_elites,True,False,10,dev,533874,4318,18,14.810486843527402,True,29
pd_d192_k3_eval:population_elite:nonself_rank_consensus,elite_verification,pd_d192_k3_eval,nonself_rank_consensus,recorded_generator_elites,True,False,11,test,644580,5118,142,181.5074775723132,False,29
pd_d192_k3_eval:population_elite:nonself_rank_consensus,elite_verification,pd_d192_k3_eval,nonself_rank_consensus,recorded_generator_elites,True,False,12,dev,829738,6657,59,18.702978552801746,True,29
pd_d192_k3_eval:population_elite:nonself_rank_consensus,elite_verification,pd_d192_k3_eval,nonself_rank_consensus,recorded_generator_elites,True,False,13,test,869151,6996,39,25.86686302197923,False,29
pd_d192_k3_eval:population_elite:nonself_rank_consensus,elite_verification,pd_d192_k3_eval,nonself_rank_consensus,recorded_generator_elites,True,False,14,dev,942841,7582,51,15.720083186445859,True,29
pd_d192_k3_eval:population_elite:nonself_rank_consensus,elite_verification,pd_d192_k3_eval,nonself_rank_consensus,recorded_generator_elites,True,False,15,test,1018266,8252,97,11.39965666509856,True,29
pd_d192_k3_eval:population_elite:nonself_rank_consensus,elite_verification,pd_d192_k3_eval,nonself_rank_consensus,recorded_generator_elites,True,False,16,dev,1030584,8327,40,19.978114155689337,True,29
pd_d192_k3_eval:population_elite:nonself_rank_consensus,elite_verification,pd_d192_k3_eval,nonself_rank_consensus,recorded_generator_elites,True,False,17,test,1040084,8384,49,155.86797071942087,False,29
pd_d192_k3_eval:population_elite:nonself_rank_consensus,elite_verification,pd_d192_k3_eval,nonself_rank_consensus,recorded_generator_elites,True,False,18,dev,1045185,8421,7,84.41572615215043,False,29
pd_d192_k3_eval:population_elite:nonself_rank_consensus,elite_verification,pd_d192_k3_eval,nonself_rank_consensus,recorded_generator_elites,True,False,19,test,1055880,8502,55,146.24171078873562,False,29
pd_d192_k3_eval:population_elite:nonself_rank_consensus,elite_verification,pd_d192_k3_eval,nonself_rank_consensus,recorded_generator_elites,True,False,20,dev,1056082,8504,47,9.150609951353562,True,29
pd_d192_k3_eval:population_elite:nonself_rank_consensus,elite_verification,pd_d192_k3_eval,nonself_rank_consensus,recorded_generator_elites,True,False,21,test,1180892,9642,28,15.594230373534039,True,29
pd_d192_k3_eval:population_elite:nonself_rank_consensus,elite_verification,pd_d192_k3_eval,nonself_rank_consensus,recorded_generator_elites,True,False,22,dev,1212032,9909,97,4.461505819629381,True,29
pd_d192_k3_eval:population_elite:nonself_rank_consensus,elite_verification,pd_d192_k3_eval,nonself_rank_consensus,recorded_generator_elites,True,False,23,test,1242570,10146,97,19.61720166509369,True,29
pd_d192_k3_eval:population_elite:nonself_rank_consensus,elite_verification,pd_d192_k3_eval,nonself_rank_consensus,recorded_generator_elites,True,False,24,dev,1283018,10404,128,15.396720503800477,True,29
pd_d192_k3_eval:population_elite:nonself_rank_consensus,elite_verification,pd_d192_k3_eval,nonself_rank_consensus,recorded_generator_elites,True,False,25,test,1301452,10501,132,19.494856996909192,True,29
pd_d192_k3_eval:population_elite:nonself_rank_consensus,elite_verification,pd_d192_k3_eval,nonself_rank_consensus,recorded_generator_elites,True,False,26,dev,1474720,11770,36,19.37819022679729,True,29
pd_d192_k3_eval:population_elite:nonself_rank_consensus,elite_verification,pd_d192_k3_eval,nonself_rank_consensus,recorded_generator_elites,True,False,27,test,1505301,12050,1,576.0197222583378,False,29
pd_d192_k3_eval:population_elite:nonself_rank_consensus,elite_verification,pd_d192_k3_eval,nonself_rank_consensus,recorded_generator_elites,True,False,28,dev,1529062,12219,83,22.367932891250938,True,29
pd_d192_k3_eval:population_elite:nonself_rank_consensus,elite_verification,pd_d192_k3_eval,nonself_rank_consensus,recorded_generator_elites,True,False,29,test,1580839,12585,6,76.50843722463726,False,29
pd_d192_k3_eval:population_elite:nonself_rank_consensus,elite_verification,pd_d192_k3_eval,nonself_rank_consensus,recorded_generator_elites,True,False,30,dev,1626162,12946,66,6.514507749381243,True,29
pd_d192_k3_eval:population_elite:nonself_rank_consensus,elite_verification,pd_d192_k3_eval,nonself_rank_consensus,recorded_generator_elites,True,False,31,test,1634000,13016,64,224.7768490953232,False,29
pd_d192_k3_eval:population_elite:nonself_rank_consensus,elite_verification,pd_d192_k3_eval,nonself_rank_consensus,recorded_generator_elites,True,False,32,dev,1671846,13289,108,214.24930267683158,False,29
pd_d192_k3_eval:population_elite:nonself_rank_consensus,elite_verification,pd_d192_k3_eval,nonself_rank_consensus,recorded_generator_elites,True,False,33,test,1711529,13555,30,14.960707020639006,True,29
pd_d192_k3_eval:population_elite:nonself_rank_consensus,elite_verification,pd_d192_k3_eval,nonself_rank_consensus,recorded_generator_elites,True,False,34,dev,1765609,14019,13,9.256177119532357,True,29
pd_d192_k3_eval:population_elite:nonself_rank_consensus,elite_verification,pd_d192_k3_eval,nonself_rank_consensus,recorded_generator_elites,True,False,35,test,1772758,14077,32,184.33438079378232,False,29
pd_d192_k3_eval:population_elite:nonself_rank_consensus,elite_verification,pd_d192_k3_eval,nonself_rank_consensus,recorded_generator_elites,True,False,36,dev,1801558,14288,40,15.316043889962023,True,29
pd_d192_k3_eval:population_elite:nonself_rank_consensus,elite_verification,pd_d192_k3_eval,nonself_rank_consensus,recorded_generator_elites,True,False,37,test,1813392,14407,16,15.15812854430734,True,29
pd_d192_k3_eval:population_elite:nonself_rank_consensus,elite_verification,pd_d192_k3_eval,nonself_rank_consensus,recorded_generator_elites,True,False,38,dev,1820592,14461,52,148.1920018646539,False,29
pd_d192_k3_eval:population_elite:nonself_rank_consensus,elite_verification,pd_d192_k3_eval,nonself_rank_consensus,recorded_generator_elites,True,False,39,test,1829692,14510,38,15.384580590123146,True,29
pd_d192_k3_eval:population_elite:nonself_rank_consensus,elite_verification,pd_d192_k3_eval,nonself_rank_consensus,recorded_generator_elites,True,False,40,dev,1917705,15252,22,201.94173897988327,False,29
pd_d192_k3_eval:population_elite:nonself_rank_consensus,elite_verification,pd_d192_k3_eval,nonself_rank_consensus,recorded_generator_elites,True,False,41,test,1932213,15421,0,671.1365156740461,False,29
pd_d192_k3_eval:population_elite:nonself_rank_consensus,elite_verification,pd_d192_k3_eval,nonself_rank_consensus,recorded_generator_elites,True,False,42,dev,1962695,15702,23,210.52579550320053,False,29
pd_d192_k3_eval:population_elite:nonself_rank_consensus,elite_verification,pd_d192_k3_eval,nonself_rank_consensus,recorded_generator_elites,True,False,43,test,2004621,16013,81,861.3316498843187,False,29
pd_d192_k3_eval:population_elite:nonself_rank_consensus,elite_verification,pd_d192_k3_eval,nonself_rank_consensus,recorded_generator_elites,True,False,44,dev,2005201,16016,127,18.950702426648114,True,29
pd_d192_k3_eval:population_elite:nonself_rank_consensus,elite_verification,pd_d192_k3_eval,nonself_rank_consensus,recorded_generator_elites,True,False,45,test,2065261,16353,31,29.837606059565005,False,29
pd_d192_k3_eval:population_elite:nonself_rank_consensus,elite_verification,pd_d192_k3_eval,nonself_rank_consensus,recorded_generator_elites,True,False,46,dev,2079106,16491,32,22.063111212893503,True,29
pd_d192_k3_eval:population_elite:nonself_rank_consensus,elite_verification,pd_d192_k3_eval,nonself_rank_consensus,recorded_generator_elites,True,False,47,test,2163075,17254,80,15.362823330401213,True,29
pd_d192_k3_eval:population_elite:nonself_rank_consensus,elite_verification,pd_d192_k3_eval,nonself_rank_consensus,recorded_generator_elites,True,False,48,dev,2259080,17908,39,20.862859093478683,True,29
pd_d192_k3_eval:population_elite:nonself_rank_consensus,elite_verification,pd_d192_k3_eval,nonself_rank_consensus,recorded_generator_elites,True,False,49,test,2270553,18000,34,20.74679242861728,True,29
portfolio:returned:score_by_pd_d192_k3_eval,multi_proposer_portfolio,all,pd_d192_k3_eval,all_returned_means,True,False,0,dev,151146,1243,59,58.00828580061943,False,29
portfolio:returned:score_by_pd_d192_k3_eval,multi_proposer_portfolio,all,pd_d192_k3_eval,all_returned_means,True,False,1,test,160867,1323,0,77.6868749388156,False,29
portfolio:returned:score_by_pd_d192_k3_eval,multi_proposer_portfolio,all,pd_d192_k3_eval,all_returned_means,True,False,2,dev,202352,1644,51,7.248368862671502,True,29
portfolio:returned:score_by_pd_d192_k3_eval,multi_proposer_portfolio,all,pd_d192_k3_eval,all_returned_means,True,False,3,test,209765,1698,66,15.278250573498385,True,29
portfolio:returned:score_by_pd_d192_k3_eval,multi_proposer_portfolio,all,pd_d192_k3_eval,all_returned_means,True,False,4,dev,217353,1773,11,17.239502352608124,True,29
portfolio:returned:score_by_pd_d192_k3_eval,multi_proposer_portfolio,all,pd_d192_k3_eval,all_returned_means,True,False,5,test,223315,1841,14,12.842634487854424,True,29
portfolio:returned:score_by_pd_d192_k3_eval,multi_proposer_portfolio,all,pd_d192_k3_eval,all_returned_means,True,False,6,dev,310451,2671,96,14.079151122124209,True,29
portfolio:returned:score_by_pd_d192_k3_eval,multi_proposer_portfolio,all,pd_d192_k3_eval,all_returned_means,True,False,7,test,390562,3199,35,16.382189537393437,True,29
portfolio:returned:score_by_pd_d192_k3_eval,multi_proposer_portfolio,all,pd_d192_k3_eval,all_returned_means,True,False,8,dev,431727,3540,24,9.499867198885449,True,29
portfolio:returned:score_by_pd_d192_k3_eval,multi_proposer_portfolio,all,pd_d192_k3_eval,all_returned_means,True,False,9,test,474074,3847,75,37.288076767512415,False,29
portfolio:returned:score_by_pd_d192_k3_eval,multi_proposer_portfolio,all,pd_d192_k3_eval,all_returned_means,True,False,10,dev,533874,4318,18,21.20061133848492,True,29
portfolio:returned:score_by_pd_d192_k3_eval,multi_proposer_portfolio,all,pd_d192_k3_eval,all_returned_means,True,False,11,test,644580,5118,142,185.78198110292118,False,29
portfolio:returned:score_by_pd_d192_k3_eval,multi_proposer_portfolio,all,pd_d192_k3_eval,all_returned_means,True,False,12,dev,829738,6657,59,22.699519401195342,True,29
portfolio:returned:score_by_pd_d192_k3_eval,multi_proposer_portfolio,all,pd_d192_k3_eval,all_returned_means,True,False,13,test,869151,6996,39,14.288729190617381,True,29
portfolio:returned:score_by_pd_d192_k3_eval,multi_proposer_portfolio,all,pd_d192_k3_eval,all_returned_means,True,False,14,dev,942841,7582,51,11.227443854738024,True,29
portfolio:returned:score_by_pd_d192_k3_eval,multi_proposer_portfolio,all,pd_d192_k3_eval,all_returned_means,True,False,15,test,1018266,8252,97,12.313582097270427,True,29
portfolio:returned:score_by_pd_d192_k3_eval,multi_proposer_portfolio,all,pd_d192_k3_eval,all_returned_means,True,False,16,dev,1030584,8327,40,2.5105060537798076,True,29
portfolio:returned:score_by_pd_d192_k3_eval,multi_proposer_portfolio,all,pd_d192_k3_eval,all_returned_means,True,False,17,test,1040084,8384,49,160.6964192083715,False,29
portfolio:returned:score_by_pd_d192_k3_eval,multi_proposer_portfolio,all,pd_d192_k3_eval,all_returned_means,True,False,18,dev,1045185,8421,7,81.32233624803169,False,29
portfolio:returned:score_by_pd_d192_k3_eval,multi_proposer_portfolio,all,pd_d192_k3_eval,all_returned_means,True,False,19,test,1055880,8502,55,137.38366261363245,False,29
portfolio:returned:score_by_pd_d192_k3_eval,multi_proposer_portfolio,all,pd_d192_k3_eval,all_returned_means,True,False,20,dev,1056082,8504,47,10.683030140824949,True,29
portfolio:returned:score_by_pd_d192_k3_eval,multi_proposer_portfolio,all,pd_d192_k3_eval,all_returned_means,True,False,21,test,1180892,9642,28,17.687361735661348,True,29
portfolio:returned:score_by_pd_d192_k3_eval,multi_proposer_portfolio,all,pd_d192_k3_eval,all_returned_means,True,False,22,dev,1212032,9909,97,5.546765325731793,True,29
portfolio:returned:score_by_pd_d192_k3_eval,multi_proposer_portfolio,all,pd_d192_k3_eval,all_returned_means,True,False,23,test,1242570,10146,97,14.321262790949856,True,29
portfolio:returned:score_by_pd_d192_k3_eval,multi_proposer_portfolio,all,pd_d192_k3_eval,all_returned_means,True,False,24,dev,1283018,10404,128,14.421888016055432,True,29
portfolio:returned:score_by_pd_d192_k3_eval,multi_proposer_portfolio,all,pd_d192_k3_eval,all_returned_means,True,False,25,test,1301452,10501,132,15.832401768108058,True,29
portfolio:returned:score_by_pd_d192_k3_eval,multi_proposer_portfolio,all,pd_d192_k3_eval,all_returned_means,True,False,26,dev,1474720,11770,36,11.378838140726822,True,29
portfolio:returned:score_by_pd_d192_k3_eval,multi_proposer_portfolio,all,pd_d192_k3_eval,all_returned_means,True,False,27,test,1505301,12050,1,582.5177656836264,False,29
portfolio:returned:score_by_pd_d192_k3_eval,multi_proposer_portfolio,all,pd_d192_k3_eval,all_returned_means,True,False,28,dev,1529062,12219,83,21.273405390247834,True,29
portfolio:returned:score_by_pd_d192_k3_eval,multi_proposer_portfolio,all,pd_d192_k3_eval,all_returned_means,True,False,29,test,1580839,12585,6,77.62316833224872,False,29
portfolio:returned:score_by_pd_d192_k3_eval,multi_proposer_portfolio,all,pd_d192_k3_eval,all_returned_means,True,False,30,dev,1626162,12946,66,19.97278596162415,True,29
portfolio:returned:score_by_pd_d192_k3_eval,multi_proposer_portfolio,all,pd_d192_k3_eval,all_returned_means,True,False,31,test,1634000,13016,64,213.80408617023744,False,29
portfolio:returned:score_by_pd_d192_k3_eval,multi_proposer_portfolio,all,pd_d192_k3_eval,all_returned_means,True,False,32,dev,1671846,13289,108,215.86092909783574,False,29
portfolio:returned:score_by_pd_d192_k3_eval,multi_proposer_portfolio,all,pd_d192_k3_eval,all_returned_means,True,False,33,test,1711529,13555,30,27.55306923054851,False,29
portfolio:returned:score_by_pd_d192_k3_eval,multi_proposer_portfolio,all,pd_d192_k3_eval,all_returned_means,True,False,34,dev,1765609,14019,13,14.549269791753671,True,29
portfolio:returned:score_by_pd_d192_k3_eval,multi_proposer_portfolio,all,pd_d192_k3_eval,all_returned_means,True,False,35,test,1772758,14077,32,184.21034288055063,False,29
portfolio:returned:score_by_pd_d192_k3_eval,multi_proposer_portfolio,all,pd_d192_k3_eval,all_returned_means,True,False,36,dev,1801558,14288,40,15.233154306935742,True,29
portfolio:returned:score_by_pd_d192_k3_eval,multi_proposer_portfolio,all,pd_d192_k3_eval,all_returned_means,True,False,37,test,1813392,14407,16,17.97865626057562,True,29
portfolio:returned:score_by_pd_d192_k3_eval,multi_proposer_portfolio,all,pd_d192_k3_eval,all_returned_means,True,False,38,dev,1820592,14461,52,160.51140500702536,False,29
portfolio:returned:score_by_pd_d192_k3_eval,multi_proposer_portfolio,all,pd_d192_k3_eval,all_returned_means,True,False,39,test,1829692,14510,38,21.90781928201768,True,29
portfolio:returned:score_by_pd_d192_k3_eval,multi_proposer_portfolio,all,pd_d192_k3_eval,all_returned_means,True,False,40,dev,1917705,15252,22,200.67569141433876,False,29
portfolio:returned:score_by_pd_d192_k3_eval,multi_proposer_portfolio,all,pd_d192_k3_eval,all_returned_means,True,False,41,test,1932213,15421,0,644.7249103931453,False,29
portfolio:returned:score_by_pd_d192_k3_eval,multi_proposer_portfolio,all,pd_d192_k3_eval,all_returned_means,True,False,42,dev,1962695,15702,23,216.63624952676344,False,29
portfolio:returned:score_by_pd_d192_k3_eval,multi_proposer_portfolio,all,pd_d192_k3_eval,all_returned_means,True,False,43,test,2004621,16013,81,845.9619943658217,False,29
portfolio:returned:score_by_pd_d192_k3_eval,multi_proposer_portfolio,all,pd_d192_k3_eval,all_returned_means,True,False,44,dev,2005201,16016,127,20.429174548169215,False,29
portfolio:returned:score_by_pd_d192_k3_eval,multi_proposer_portfolio,all,pd_d192_k3_eval,all_returned_means,True,False,45,test,2065261,16353,31,27.260907909501377,False,29
portfolio:returned:score_by_pd_d192_k3_eval,multi_proposer_portfolio,all,pd_d192_k3_eval,all_returned_means,True,False,46,dev,2079106,16491,32,21.839555904121855,True,29
portfolio:returned:score_by_pd_d192_k3_eval,multi_proposer_portfolio,all,pd_d192_k3_eval,all_returned_means,True,False,47,test,2163075,17254,80,7.158139158494066,True,29
portfolio:returned:score_by_pd_d192_k3_eval,multi_proposer_portfolio,all,pd_d192_k3_eval,all_returned_means,True,False,48,dev,2259080,17908,39,24.191352573216875,False,29
portfolio:returned:score_by_pd_d192_k3_eval,multi_proposer_portfolio,all,pd_d192_k3_eval,all_returned_means,True,False,49,test,2270553,18000,34,17.484822733090823,True,29
portfolio:returned:score_by_iter2_multistep_eval,multi_proposer_portfolio,all,iter2_multistep_eval,all_returned_means,True,False,0,dev,151146,1243,59,58.00828580061943,False,29
portfolio:returned:score_by_iter2_multistep_eval,multi_proposer_portfolio,all,iter2_multistep_eval,all_returned_means,True,False,1,test,160867,1323,0,77.6868749388156,False,29
portfolio:returned:score_by_iter2_multistep_eval,multi_proposer_portfolio,all,iter2_multistep_eval,all_returned_means,True,False,2,dev,202352,1644,51,7.248368862671502,True,29
portfolio:returned:score_by_iter2_multistep_eval,multi_proposer_portfolio,all,iter2_multistep_eval,all_returned_means,True,False,3,test,209765,1698,66,15.278250573498385,True,29
portfolio:returned:score_by_iter2_multistep_eval,multi_proposer_portfolio,all,iter2_multistep_eval,all_returned_means,True,False,4,dev,217353,1773,11,17.239502352608124,True,29
portfolio:returned:score_by_iter2_multistep_eval,multi_proposer_portfolio,all,iter2_multistep_eval,all_returned_means,True,False,5,test,223315,1841,14,12.842634487854424,True,29
portfolio:returned:score_by_iter2_multistep_eval,multi_proposer_portfolio,all,iter2_multistep_eval,all_returned_means,True,False,6,dev,310451,2671,96,14.079151122124209,True,29
portfolio:returned:score_by_iter2_multistep_eval,multi_proposer_portfolio,all,iter2_multistep_eval,all_returned_means,True,False,7,test,390562,3199,35,16.382189537393437,True,29
portfolio:returned:score_by_iter2_multistep_eval,multi_proposer_portfolio,all,iter2_multistep_eval,all_returned_means,True,False,8,dev,431727,3540,24,9.499867198885449,True,29
portfolio:returned:score_by_iter2_multistep_eval,multi_proposer_portfolio,all,iter2_multistep_eval,all_returned_means,True,False,9,test,474074,3847,75,37.288076767512415,False,29
portfolio:returned:score_by_iter2_multistep_eval,multi_proposer_portfolio,all,iter2_multistep_eval,all_returned_means,True,False,10,dev,533874,4318,18,21.20061133848492,True,29
portfolio:returned:score_by_iter2_multistep_eval,multi_proposer_portfolio,all,iter2_multistep_eval,all_returned_means,True,False,11,test,644580,5118,142,185.78198110292118,False,29
portfolio:returned:score_by_iter2_multistep_eval,multi_proposer_portfolio,all,iter2_multistep_eval,all_returned_means,True,False,12,dev,829738,6657,59,22.699519401195342,True,29
portfolio:returned:score_by_iter2_multistep_eval,multi_proposer_portfolio,all,iter2_multistep_eval,all_returned_means,True,False,13,test,869151,6996,39,14.288729190617381,True,29
portfolio:returned:score_by_iter2_multistep_eval,multi_proposer_portfolio,all,iter2_multistep_eval,all_returned_means,True,False,14,dev,942841,7582,51,11.227443854738024,True,29
portfolio:returned:score_by_iter2_multistep_eval,multi_proposer_portfolio,all,iter2_multistep_eval,all_returned_means,True,False,15,test,1018266,8252,97,12.313582097270427,True,29
portfolio:returned:score_by_iter2_multistep_eval,multi_proposer_portfolio,all,iter2_multistep_eval,all_returned_means,True,False,16,dev,1030584,8327,40,2.5105060537798076,True,29
portfolio:returned:score_by_iter2_multistep_eval,multi_proposer_portfolio,all,iter2_multistep_eval,all_returned_means,True,False,17,test,1040084,8384,49,160.6964192083715,False,29
portfolio:returned:score_by_iter2_multistep_eval,multi_proposer_portfolio,all,iter2_multistep_eval,all_returned_means,True,False,18,dev,1045185,8421,7,81.32233624803169,False,29
portfolio:returned:score_by_iter2_multistep_eval,multi_proposer_portfolio,all,iter2_multistep_eval,all_returned_means,True,False,19,test,1055880,8502,55,137.38366261363245,False,29
portfolio:returned:score_by_iter2_multistep_eval,multi_proposer_portfolio,all,iter2_multistep_eval,all_returned_means,True,False,20,dev,1056082,8504,47,10.683030140824949,True,29
portfolio:returned:score_by_iter2_multistep_eval,multi_proposer_portfolio,all,iter2_multistep_eval,all_returned_means,True,False,21,test,1180892,9642,28,17.687361735661348,True,29
portfolio:returned:score_by_iter2_multistep_eval,multi_proposer_portfolio,all,iter2_multistep_eval,all_returned_means,True,False,22,dev,1212032,9909,97,5.546765325731793,True,29
portfolio:returned:score_by_iter2_multistep_eval,multi_proposer_portfolio,all,iter2_multistep_eval,all_returned_means,True,False,23,test,1242570,10146,97,14.321262790949856,True,29
portfolio:returned:score_by_iter2_multistep_eval,multi_proposer_portfolio,all,iter2_multistep_eval,all_returned_means,True,False,24,dev,1283018,10404,128,14.421888016055432,True,29
portfolio:returned:score_by_iter2_multistep_eval,multi_proposer_portfolio,all,iter2_multistep_eval,all_returned_means,True,False,25,test,1301452,10501,132,15.832401768108058,True,29
portfolio:returned:score_by_iter2_multistep_eval,multi_proposer_portfolio,all,iter2_multistep_eval,all_returned_means,True,False,26,dev,1474720,11770,36,11.378838140726822,True,29
portfolio:returned:score_by_iter2_multistep_eval,multi_proposer_portfolio,all,iter2_multistep_eval,all_returned_means,True,False,27,test,1505301,12050,1,582.5177656836264,False,29
portfolio:returned:score_by_iter2_multistep_eval,multi_proposer_portfolio,all,iter2_multistep_eval,all_returned_means,True,False,28,dev,1529062,12219,83,21.273405390247834,True,29
portfolio:returned:score_by_iter2_multistep_eval,multi_proposer_portfolio,all,iter2_multistep_eval,all_returned_means,True,False,29,test,1580839,12585,6,77.62316833224872,False,29
portfolio:returned:score_by_iter2_multistep_eval,multi_proposer_portfolio,all,iter2_multistep_eval,all_returned_means,True,False,30,dev,1626162,12946,66,19.97278596162415,True,29
portfolio:returned:score_by_iter2_multistep_eval,multi_proposer_portfolio,all,iter2_multistep_eval,all_returned_means,True,False,31,test,1634000,13016,64,213.80408617023744,False,29
portfolio:returned:score_by_iter2_multistep_eval,multi_proposer_portfolio,all,iter2_multistep_eval,all_returned_means,True,False,32,dev,1671846,13289,108,215.86092909783574,False,29
portfolio:returned:score_by_iter2_multistep_eval,multi_proposer_portfolio,all,iter2_multistep_eval,all_returned_means,True,False,33,test,1711529,13555,30,27.55306923054851,False,29
portfolio:returned:score_by_iter2_multistep_eval,multi_proposer_portfolio,all,iter2_multistep_eval,all_returned_means,True,False,34,dev,1765609,14019,13,14.549269791753671,True,29
portfolio:returned:score_by_iter2_multistep_eval,multi_proposer_portfolio,all,iter2_multistep_eval,all_returned_means,True,False,35,test,1772758,14077,32,184.21034288055063,False,29
portfolio:returned:score_by_iter2_multistep_eval,multi_proposer_portfolio,all,iter2_multistep_eval,all_returned_means,True,False,36,dev,1801558,14288,40,15.233154306935742,True,29
portfolio:returned:score_by_iter2_multistep_eval,multi_proposer_portfolio,all,iter2_multistep_eval,all_returned_means,True,False,37,test,1813392,14407,16,17.97865626057562,True,29
portfolio:returned:score_by_iter2_multistep_eval,multi_proposer_portfolio,all,iter2_multistep_eval,all_returned_means,True,False,38,dev,1820592,14461,52,160.51140500702536,False,29
portfolio:returned:score_by_iter2_multistep_eval,multi_proposer_portfolio,all,iter2_multistep_eval,all_returned_means,True,False,39,test,1829692,14510,38,21.90781928201768,True,29
portfolio:returned:score_by_iter2_multistep_eval,multi_proposer_portfolio,all,iter2_multistep_eval,all_returned_means,True,False,40,dev,1917705,15252,22,200.67569141433876,False,29
portfolio:returned:score_by_iter2_multistep_eval,multi_proposer_portfolio,all,iter2_multistep_eval,all_returned_means,True,False,41,test,1932213,15421,0,644.7249103931453,False,29
portfolio:returned:score_by_iter2_multistep_eval,multi_proposer_portfolio,all,iter2_multistep_eval,all_returned_means,True,False,42,dev,1962695,15702,23,216.63624952676344,False,29
portfolio:returned:score_by_iter2_multistep_eval,multi_proposer_portfolio,all,iter2_multistep_eval,all_returned_means,True,False,43,test,2004621,16013,81,845.9619943658217,False,29
portfolio:returned:score_by_iter2_multistep_eval,multi_proposer_portfolio,all,iter2_multistep_eval,all_returned_means,True,False,44,dev,2005201,16016,127,20.429174548169215,False,29
portfolio:returned:score_by_iter2_multistep_eval,multi_proposer_portfolio,all,iter2_multistep_eval,all_returned_means,True,False,45,test,2065261,16353,31,27.260907909501377,False,29
portfolio:returned:score_by_iter2_multistep_eval,multi_proposer_portfolio,all,iter2_multistep_eval,all_returned_means,True,False,46,dev,2079106,16491,32,21.839555904121855,True,29
portfolio:returned:score_by_iter2_multistep_eval,multi_proposer_portfolio,all,iter2_multistep_eval,all_returned_means,True,False,47,test,2163075,17254,80,7.158139158494066,True,29
portfolio:returned:score_by_iter2_multistep_eval,multi_proposer_portfolio,all,iter2_multistep_eval,all_returned_means,True,False,48,dev,2259080,17908,39,24.191352573216875,False,29
portfolio:returned:score_by_iter2_multistep_eval,multi_proposer_portfolio,all,iter2_multistep_eval,all_returned_means,True,False,49,test,2270553,18000,34,17.484822733090823,True,29
portfolio:returned:score_by_pd_d192_k10_eval,multi_proposer_portfolio,all,pd_d192_k10_eval,all_returned_means,True,False,0,dev,151146,1243,59,58.00828580061943,False,29
portfolio:returned:score_by_pd_d192_k10_eval,multi_proposer_portfolio,all,pd_d192_k10_eval,all_returned_means,True,False,1,test,160867,1323,0,77.6868749388156,False,29
portfolio:returned:score_by_pd_d192_k10_eval,multi_proposer_portfolio,all,pd_d192_k10_eval,all_returned_means,True,False,2,dev,202352,1644,51,7.248368862671502,True,29
portfolio:returned:score_by_pd_d192_k10_eval,multi_proposer_portfolio,all,pd_d192_k10_eval,all_returned_means,True,False,3,test,209765,1698,66,15.278250573498385,True,29
portfolio:returned:score_by_pd_d192_k10_eval,multi_proposer_portfolio,all,pd_d192_k10_eval,all_returned_means,True,False,4,dev,217353,1773,11,17.239502352608124,True,29
portfolio:returned:score_by_pd_d192_k10_eval,multi_proposer_portfolio,all,pd_d192_k10_eval,all_returned_means,True,False,5,test,223315,1841,14,12.842634487854424,True,29
portfolio:returned:score_by_pd_d192_k10_eval,multi_proposer_portfolio,all,pd_d192_k10_eval,all_returned_means,True,False,6,dev,310451,2671,96,14.079151122124209,True,29
portfolio:returned:score_by_pd_d192_k10_eval,multi_proposer_portfolio,all,pd_d192_k10_eval,all_returned_means,True,False,7,test,390562,3199,35,16.382189537393437,True,29
portfolio:returned:score_by_pd_d192_k10_eval,multi_proposer_portfolio,all,pd_d192_k10_eval,all_returned_means,True,False,8,dev,431727,3540,24,9.499867198885449,True,29
portfolio:returned:score_by_pd_d192_k10_eval,multi_proposer_portfolio,all,pd_d192_k10_eval,all_returned_means,True,False,9,test,474074,3847,75,37.288076767512415,False,29
portfolio:returned:score_by_pd_d192_k10_eval,multi_proposer_portfolio,all,pd_d192_k10_eval,all_returned_means,True,False,10,dev,533874,4318,18,21.20061133848492,True,29
portfolio:returned:score_by_pd_d192_k10_eval,multi_proposer_portfolio,all,pd_d192_k10_eval,all_returned_means,True,False,11,test,644580,5118,142,185.78198110292118,False,29
portfolio:returned:score_by_pd_d192_k10_eval,multi_proposer_portfolio,all,pd_d192_k10_eval,all_returned_means,True,False,12,dev,829738,6657,59,22.699519401195342,True,29
portfolio:returned:score_by_pd_d192_k10_eval,multi_proposer_portfolio,all,pd_d192_k10_eval,all_returned_means,True,False,13,test,869151,6996,39,14.288729190617381,True,29
portfolio:returned:score_by_pd_d192_k10_eval,multi_proposer_portfolio,all,pd_d192_k10_eval,all_returned_means,True,False,14,dev,942841,7582,51,11.227443854738024,True,29
portfolio:returned:score_by_pd_d192_k10_eval,multi_proposer_portfolio,all,pd_d192_k10_eval,all_returned_means,True,False,15,test,1018266,8252,97,12.313582097270427,True,29
portfolio:returned:score_by_pd_d192_k10_eval,multi_proposer_portfolio,all,pd_d192_k10_eval,all_returned_means,True,False,16,dev,1030584,8327,40,2.5105060537798076,True,29
portfolio:returned:score_by_pd_d192_k10_eval,multi_proposer_portfolio,all,pd_d192_k10_eval,all_returned_means,True,False,17,test,1040084,8384,49,160.6964192083715,False,29
portfolio:returned:score_by_pd_d192_k10_eval,multi_proposer_portfolio,all,pd_d192_k10_eval,all_returned_means,True,False,18,dev,1045185,8421,7,81.32233624803169,False,29
portfolio:returned:score_by_pd_d192_k10_eval,multi_proposer_portfolio,all,pd_d192_k10_eval,all_returned_means,True,False,19,test,1055880,8502,55,137.38366261363245,False,29
portfolio:returned:score_by_pd_d192_k10_eval,multi_proposer_portfolio,all,pd_d192_k10_eval,all_returned_means,True,False,20,dev,1056082,8504,47,10.683030140824949,True,29
portfolio:returned:score_by_pd_d192_k10_eval,multi_proposer_portfolio,all,pd_d192_k10_eval,all_returned_means,True,False,21,test,1180892,9642,28,17.687361735661348,True,29
portfolio:returned:score_by_pd_d192_k10_eval,multi_proposer_portfolio,all,pd_d192_k10_eval,all_returned_means,True,False,22,dev,1212032,9909,97,5.546765325731793,True,29
portfolio:returned:score_by_pd_d192_k10_eval,multi_proposer_portfolio,all,pd_d192_k10_eval,all_returned_means,True,False,23,test,1242570,10146,97,14.321262790949856,True,29
portfolio:returned:score_by_pd_d192_k10_eval,multi_proposer_portfolio,all,pd_d192_k10_eval,all_returned_means,True,False,24,dev,1283018,10404,128,14.421888016055432,True,29
portfolio:returned:score_by_pd_d192_k10_eval,multi_proposer_portfolio,all,pd_d192_k10_eval,all_returned_means,True,False,25,test,1301452,10501,132,15.832401768108058,True,29
portfolio:returned:score_by_pd_d192_k10_eval,multi_proposer_portfolio,all,pd_d192_k10_eval,all_returned_means,True,False,26,dev,1474720,11770,36,11.378838140726822,True,29
portfolio:returned:score_by_pd_d192_k10_eval,multi_proposer_portfolio,all,pd_d192_k10_eval,all_returned_means,True,False,27,test,1505301,12050,1,582.5177656836264,False,29
portfolio:returned:score_by_pd_d192_k10_eval,multi_proposer_portfolio,all,pd_d192_k10_eval,all_returned_means,True,False,28,dev,1529062,12219,83,21.273405390247834,True,29
portfolio:returned:score_by_pd_d192_k10_eval,multi_proposer_portfolio,all,pd_d192_k10_eval,all_returned_means,True,False,29,test,1580839,12585,6,77.62316833224872,False,29
portfolio:returned:score_by_pd_d192_k10_eval,multi_proposer_portfolio,all,pd_d192_k10_eval,all_returned_means,True,False,30,dev,1626162,12946,66,19.97278596162415,True,29
portfolio:returned:score_by_pd_d192_k10_eval,multi_proposer_portfolio,all,pd_d192_k10_eval,all_returned_means,True,False,31,test,1634000,13016,64,213.80408617023744,False,29
portfolio:returned:score_by_pd_d192_k10_eval,multi_proposer_portfolio,all,pd_d192_k10_eval,all_returned_means,True,False,32,dev,1671846,13289,108,215.86092909783574,False,29
portfolio:returned:score_by_pd_d192_k10_eval,multi_proposer_portfolio,all,pd_d192_k10_eval,all_returned_means,True,False,33,test,1711529,13555,30,27.55306923054851,False,29
portfolio:returned:score_by_pd_d192_k10_eval,multi_proposer_portfolio,all,pd_d192_k10_eval,all_returned_means,True,False,34,dev,1765609,14019,13,14.549269791753671,True,29
portfolio:returned:score_by_pd_d192_k10_eval,multi_proposer_portfolio,all,pd_d192_k10_eval,all_returned_means,True,False,35,test,1772758,14077,32,184.21034288055063,False,29
portfolio:returned:score_by_pd_d192_k10_eval,multi_proposer_portfolio,all,pd_d192_k10_eval,all_returned_means,True,False,36,dev,1801558,14288,40,15.233154306935742,True,29
portfolio:returned:score_by_pd_d192_k10_eval,multi_proposer_portfolio,all,pd_d192_k10_eval,all_returned_means,True,False,37,test,1813392,14407,16,17.97865626057562,True,29
portfolio:returned:score_by_pd_d192_k10_eval,multi_proposer_portfolio,all,pd_d192_k10_eval,all_returned_means,True,False,38,dev,1820592,14461,52,160.51140500702536,False,29
portfolio:returned:score_by_pd_d192_k10_eval,multi_proposer_portfolio,all,pd_d192_k10_eval,all_returned_means,True,False,39,test,1829692,14510,38,21.90781928201768,True,29
portfolio:returned:score_by_pd_d192_k10_eval,multi_proposer_portfolio,all,pd_d192_k10_eval,all_returned_means,True,False,40,dev,1917705,15252,22,200.67569141433876,False,29
portfolio:returned:score_by_pd_d192_k10_eval,multi_proposer_portfolio,all,pd_d192_k10_eval,all_returned_means,True,False,41,test,1932213,15421,0,644.7249103931453,False,29
portfolio:returned:score_by_pd_d192_k10_eval,multi_proposer_portfolio,all,pd_d192_k10_eval,all_returned_means,True,False,42,dev,1962695,15702,23,216.63624952676344,False,29
portfolio:returned:score_by_pd_d192_k10_eval,multi_proposer_portfolio,all,pd_d192_k10_eval,all_returned_means,True,False,43,test,2004621,16013,81,845.9619943658217,False,29
portfolio:returned:score_by_pd_d192_k10_eval,multi_proposer_portfolio,all,pd_d192_k10_eval,all_returned_means,True,False,44,dev,2005201,16016,127,20.429174548169215,False,29
portfolio:returned:score_by_pd_d192_k10_eval,multi_proposer_portfolio,all,pd_d192_k10_eval,all_returned_means,True,False,45,test,2065261,16353,31,27.260907909501377,False,29
portfolio:returned:score_by_pd_d192_k10_eval,multi_proposer_portfolio,all,pd_d192_k10_eval,all_returned_means,True,False,46,dev,2079106,16491,32,21.839555904121855,True,29
portfolio:returned:score_by_pd_d192_k10_eval,multi_proposer_portfolio,all,pd_d192_k10_eval,all_returned_means,True,False,47,test,2163075,17254,80,7.158139158494066,True,29
portfolio:returned:score_by_pd_d192_k10_eval,multi_proposer_portfolio,all,pd_d192_k10_eval,all_returned_means,True,False,48,dev,2259080,17908,39,24.191352573216875,False,29
portfolio:returned:score_by_pd_d192_k10_eval,multi_proposer_portfolio,all,pd_d192_k10_eval,all_returned_means,True,False,49,test,2270553,18000,34,17.484822733090823,True,29
portfolio:returned:rank_consensus,multi_proposer_portfolio,all,all_rank_consensus,all_returned_means,True,False,0,dev,151146,1243,59,58.00828580061943,False,29
portfolio:returned:rank_consensus,multi_proposer_portfolio,all,all_rank_consensus,all_returned_means,True,False,1,test,160867,1323,0,77.6868749388156,False,29
portfolio:returned:rank_consensus,multi_proposer_portfolio,all,all_rank_consensus,all_returned_means,True,False,2,dev,202352,1644,51,7.248368862671502,True,29
portfolio:returned:rank_consensus,multi_proposer_portfolio,all,all_rank_consensus,all_returned_means,True,False,3,test,209765,1698,66,15.278250573498385,True,29
portfolio:returned:rank_consensus,multi_proposer_portfolio,all,all_rank_consensus,all_returned_means,True,False,4,dev,217353,1773,11,17.239502352608124,True,29
portfolio:returned:rank_consensus,multi_proposer_portfolio,all,all_rank_consensus,all_returned_means,True,False,5,test,223315,1841,14,12.842634487854424,True,29
portfolio:returned:rank_consensus,multi_proposer_portfolio,all,all_rank_consensus,all_returned_means,True,False,6,dev,310451,2671,96,14.079151122124209,True,29
portfolio:returned:rank_consensus,multi_proposer_portfolio,all,all_rank_consensus,all_returned_means,True,False,7,test,390562,3199,35,16.382189537393437,True,29
portfolio:returned:rank_consensus,multi_proposer_portfolio,all,all_rank_consensus,all_returned_means,True,False,8,dev,431727,3540,24,9.499867198885449,True,29
portfolio:returned:rank_consensus,multi_proposer_portfolio,all,all_rank_consensus,all_returned_means,True,False,9,test,474074,3847,75,37.288076767512415,False,29
portfolio:returned:rank_consensus,multi_proposer_portfolio,all,all_rank_consensus,all_returned_means,True,False,10,dev,533874,4318,18,21.20061133848492,True,29
portfolio:returned:rank_consensus,multi_proposer_portfolio,all,all_rank_consensus,all_returned_means,True,False,11,test,644580,5118,142,185.78198110292118,False,29
portfolio:returned:rank_consensus,multi_proposer_portfolio,all,all_rank_consensus,all_returned_means,True,False,12,dev,829738,6657,59,22.699519401195342,True,29
portfolio:returned:rank_consensus,multi_proposer_portfolio,all,all_rank_consensus,all_returned_means,True,False,13,test,869151,6996,39,14.288729190617381,True,29
portfolio:returned:rank_consensus,multi_proposer_portfolio,all,all_rank_consensus,all_returned_means,True,False,14,dev,942841,7582,51,11.227443854738024,True,29
portfolio:returned:rank_consensus,multi_proposer_portfolio,all,all_rank_consensus,all_returned_means,True,False,15,test,1018266,8252,97,12.313582097270427,True,29
portfolio:returned:rank_consensus,multi_proposer_portfolio,all,all_rank_consensus,all_returned_means,True,False,16,dev,1030584,8327,40,2.5105060537798076,True,29
portfolio:returned:rank_consensus,multi_proposer_portfolio,all,all_rank_consensus,all_returned_means,True,False,17,test,1040084,8384,49,160.6964192083715,False,29
portfolio:returned:rank_consensus,multi_proposer_portfolio,all,all_rank_consensus,all_returned_means,True,False,18,dev,1045185,8421,7,81.32233624803169,False,29
portfolio:returned:rank_consensus,multi_proposer_portfolio,all,all_rank_consensus,all_returned_means,True,False,19,test,1055880,8502,55,137.38366261363245,False,29
portfolio:returned:rank_consensus,multi_proposer_portfolio,all,all_rank_consensus,all_returned_means,True,False,20,dev,1056082,8504,47,10.683030140824949,True,29
portfolio:returned:rank_consensus,multi_proposer_portfolio,all,all_rank_consensus,all_returned_means,True,False,21,test,1180892,9642,28,17.687361735661348,True,29
portfolio:returned:rank_consensus,multi_proposer_portfolio,all,all_rank_consensus,all_returned_means,True,False,22,dev,1212032,9909,97,5.546765325731793,True,29
portfolio:returned:rank_consensus,multi_proposer_portfolio,all,all_rank_consensus,all_returned_means,True,False,23,test,1242570,10146,97,14.321262790949856,True,29
portfolio:returned:rank_consensus,multi_proposer_portfolio,all,all_rank_consensus,all_returned_means,True,False,24,dev,1283018,10404,128,14.421888016055432,True,29
portfolio:returned:rank_consensus,multi_proposer_portfolio,all,all_rank_consensus,all_returned_means,True,False,25,test,1301452,10501,132,15.832401768108058,True,29
portfolio:returned:rank_consensus,multi_proposer_portfolio,all,all_rank_consensus,all_returned_means,True,False,26,dev,1474720,11770,36,11.378838140726822,True,29
portfolio:returned:rank_consensus,multi_proposer_portfolio,all,all_rank_consensus,all_returned_means,True,False,27,test,1505301,12050,1,582.5177656836264,False,29
portfolio:returned:rank_consensus,multi_proposer_portfolio,all,all_rank_consensus,all_returned_means,True,False,28,dev,1529062,12219,83,21.273405390247834,True,29
portfolio:returned:rank_consensus,multi_proposer_portfolio,all,all_rank_consensus,all_returned_means,True,False,29,test,1580839,12585,6,77.62316833224872,False,29
portfolio:returned:rank_consensus,multi_proposer_portfolio,all,all_rank_consensus,all_returned_means,True,False,30,dev,1626162,12946,66,19.97278596162415,True,29
portfolio:returned:rank_consensus,multi_proposer_portfolio,all,all_rank_consensus,all_returned_means,True,False,31,test,1634000,13016,64,213.80408617023744,False,29
portfolio:returned:rank_consensus,multi_proposer_portfolio,all,all_rank_consensus,all_returned_means,True,False,32,dev,1671846,13289,108,215.86092909783574,False,29
portfolio:returned:rank_consensus,multi_proposer_portfolio,all,all_rank_consensus,all_returned_means,True,False,33,test,1711529,13555,30,27.55306923054851,False,29
portfolio:returned:rank_consensus,multi_proposer_portfolio,all,all_rank_consensus,all_returned_means,True,False,34,dev,1765609,14019,13,14.549269791753671,True,29
portfolio:returned:rank_consensus,multi_proposer_portfolio,all,all_rank_consensus,all_returned_means,True,False,35,test,1772758,14077,32,184.21034288055063,False,29
portfolio:returned:rank_consensus,multi_proposer_portfolio,all,all_rank_consensus,all_returned_means,True,False,36,dev,1801558,14288,40,15.233154306935742,True,29
portfolio:returned:rank_consensus,multi_proposer_portfolio,all,all_rank_consensus,all_returned_means,True,False,37,test,1813392,14407,16,17.97865626057562,True,29
portfolio:returned:rank_consensus,multi_proposer_portfolio,all,all_rank_consensus,all_returned_means,True,False,38,dev,1820592,14461,52,160.51140500702536,False,29
portfolio:returned:rank_consensus,multi_proposer_portfolio,all,all_rank_consensus,all_returned_means,True,False,39,test,1829692,14510,38,21.90781928201768,True,29
portfolio:returned:rank_consensus,multi_proposer_portfolio,all,all_rank_consensus,all_returned_means,True,False,40,dev,1917705,15252,22,200.67569141433876,False,29
portfolio:returned:rank_consensus,multi_proposer_portfolio,all,all_rank_consensus,all_returned_means,True,False,41,test,1932213,15421,0,644.7249103931453,False,29
portfolio:returned:rank_consensus,multi_proposer_portfolio,all,all_rank_consensus,all_returned_means,True,False,42,dev,1962695,15702,23,216.63624952676344,False,29
portfolio:returned:rank_consensus,multi_proposer_portfolio,all,all_rank_consensus,all_returned_means,True,False,43,test,2004621,16013,81,845.9619943658217,False,29
portfolio:returned:rank_consensus,multi_proposer_portfolio,all,all_rank_consensus,all_returned_means,True,False,44,dev,2005201,16016,127,20.429174548169215,False,29
portfolio:returned:rank_consensus,multi_proposer_portfolio,all,all_rank_consensus,all_returned_means,True,False,45,test,2065261,16353,31,27.260907909501377,False,29
portfolio:returned:rank_consensus,multi_proposer_portfolio,all,all_rank_consensus,all_returned_means,True,False,46,dev,2079106,16491,32,21.839555904121855,True,29
portfolio:returned:rank_consensus,multi_proposer_portfolio,all,all_rank_consensus,all_returned_means,True,False,47,test,2163075,17254,80,7.158139158494066,True,29
portfolio:returned:rank_consensus,multi_proposer_portfolio,all,all_rank_consensus,all_returned_means,True,False,48,dev,2259080,17908,39,24.191352573216875,False,29
portfolio:returned:rank_consensus,multi_proposer_portfolio,all,all_rank_consensus,all_returned_means,True,False,49,test,2270553,18000,34,17.484822733090823,True,29
portfolio:returned:oracle,oracle_ceiling,all,true_simulator_cost,all_returned_means,False,False,0,dev,151146,1243,59,58.00828580061943,False,29
portfolio:returned:oracle,oracle_ceiling,all,true_simulator_cost,all_returned_means,False,False,1,test,160867,1323,0,77.6868749388156,False,29
portfolio:returned:oracle,oracle_ceiling,all,true_simulator_cost,all_returned_means,False,False,2,dev,202352,1644,51,7.248368862671502,True,29
portfolio:returned:oracle,oracle_ceiling,all,true_simulator_cost,all_returned_means,False,False,3,test,209765,1698,66,15.278250573498385,True,29
portfolio:returned:oracle,oracle_ceiling,all,true_simulator_cost,all_returned_means,False,False,4,dev,217353,1773,11,17.239502352608124,True,29
portfolio:returned:oracle,oracle_ceiling,all,true_simulator_cost,all_returned_means,False,False,5,test,223315,1841,14,12.842634487854424,True,29
portfolio:returned:oracle,oracle_ceiling,all,true_simulator_cost,all_returned_means,False,False,6,dev,310451,2671,96,14.079151122124209,True,29
portfolio:returned:oracle,oracle_ceiling,all,true_simulator_cost,all_returned_means,False,False,7,test,390562,3199,35,16.382189537393437,True,29
portfolio:returned:oracle,oracle_ceiling,all,true_simulator_cost,all_returned_means,False,False,8,dev,431727,3540,24,9.499867198885449,True,29
portfolio:returned:oracle,oracle_ceiling,all,true_simulator_cost,all_returned_means,False,False,9,test,474074,3847,75,37.288076767512415,False,29
portfolio:returned:oracle,oracle_ceiling,all,true_simulator_cost,all_returned_means,False,False,10,dev,533874,4318,18,21.20061133848492,True,29
portfolio:returned:oracle,oracle_ceiling,all,true_simulator_cost,all_returned_means,False,False,11,test,644580,5118,142,185.78198110292118,False,29
portfolio:returned:oracle,oracle_ceiling,all,true_simulator_cost,all_returned_means,False,False,12,dev,829738,6657,59,22.699519401195342,True,29
portfolio:returned:oracle,oracle_ceiling,all,true_simulator_cost,all_returned_means,False,False,13,test,869151,6996,39,14.288729190617381,True,29
portfolio:returned:oracle,oracle_ceiling,all,true_simulator_cost,all_returned_means,False,False,14,dev,942841,7582,51,11.227443854738024,True,29
portfolio:returned:oracle,oracle_ceiling,all,true_simulator_cost,all_returned_means,False,False,15,test,1018266,8252,97,12.313582097270427,True,29
portfolio:returned:oracle,oracle_ceiling,all,true_simulator_cost,all_returned_means,False,False,16,dev,1030584,8327,40,2.5105060537798076,True,29
portfolio:returned:oracle,oracle_ceiling,all,true_simulator_cost,all_returned_means,False,False,17,test,1040084,8384,49,160.6964192083715,False,29
portfolio:returned:oracle,oracle_ceiling,all,true_simulator_cost,all_returned_means,False,False,18,dev,1045185,8421,7,81.32233624803169,False,29
portfolio:returned:oracle,oracle_ceiling,all,true_simulator_cost,all_returned_means,False,False,19,test,1055880,8502,55,137.38366261363245,False,29
portfolio:returned:oracle,oracle_ceiling,all,true_simulator_cost,all_returned_means,False,False,20,dev,1056082,8504,47,10.683030140824949,True,29
portfolio:returned:oracle,oracle_ceiling,all,true_simulator_cost,all_returned_means,False,False,21,test,1180892,9642,28,17.687361735661348,True,29
portfolio:returned:oracle,oracle_ceiling,all,true_simulator_cost,all_returned_means,False,False,22,dev,1212032,9909,97,5.546765325731793,True,29
portfolio:returned:oracle,oracle_ceiling,all,true_simulator_cost,all_returned_means,False,False,23,test,1242570,10146,97,14.321262790949856,True,29
portfolio:returned:oracle,oracle_ceiling,all,true_simulator_cost,all_returned_means,False,False,24,dev,1283018,10404,128,14.421888016055432,True,29
portfolio:returned:oracle,oracle_ceiling,all,true_simulator_cost,all_returned_means,False,False,25,test,1301452,10501,132,15.832401768108058,True,29
portfolio:returned:oracle,oracle_ceiling,all,true_simulator_cost,all_returned_means,False,False,26,dev,1474720,11770,36,11.378838140726822,True,29
portfolio:returned:oracle,oracle_ceiling,all,true_simulator_cost,all_returned_means,False,False,27,test,1505301,12050,1,582.5177656836264,False,29
portfolio:returned:oracle,oracle_ceiling,all,true_simulator_cost,all_returned_means,False,False,28,dev,1529062,12219,83,21.273405390247834,True,29
portfolio:returned:oracle,oracle_ceiling,all,true_simulator_cost,all_returned_means,False,False,29,test,1580839,12585,6,77.62316833224872,False,29
portfolio:returned:oracle,oracle_ceiling,all,true_simulator_cost,all_returned_means,False,False,30,dev,1626162,12946,66,19.97278596162415,True,29
portfolio:returned:oracle,oracle_ceiling,all,true_simulator_cost,all_returned_means,False,False,31,test,1634000,13016,64,213.80408617023744,False,29
portfolio:returned:oracle,oracle_ceiling,all,true_simulator_cost,all_returned_means,False,False,32,dev,1671846,13289,108,215.86092909783574,False,29
portfolio:returned:oracle,oracle_ceiling,all,true_simulator_cost,all_returned_means,False,False,33,test,1711529,13555,30,27.55306923054851,False,29
portfolio:returned:oracle,oracle_ceiling,all,true_simulator_cost,all_returned_means,False,False,34,dev,1765609,14019,13,14.549269791753671,True,29
portfolio:returned:oracle,oracle_ceiling,all,true_simulator_cost,all_returned_means,False,False,35,test,1772758,14077,32,184.21034288055063,False,29
portfolio:returned:oracle,oracle_ceiling,all,true_simulator_cost,all_returned_means,False,False,36,dev,1801558,14288,40,15.233154306935742,True,29
portfolio:returned:oracle,oracle_ceiling,all,true_simulator_cost,all_returned_means,False,False,37,test,1813392,14407,16,17.97865626057562,True,29
portfolio:returned:oracle,oracle_ceiling,all,true_simulator_cost,all_returned_means,False,False,38,dev,1820592,14461,52,160.51140500702536,False,29
portfolio:returned:oracle,oracle_ceiling,all,true_simulator_cost,all_returned_means,False,False,39,test,1829692,14510,38,21.90781928201768,True,29
portfolio:returned:oracle,oracle_ceiling,all,true_simulator_cost,all_returned_means,False,False,40,dev,1917705,15252,22,200.67569141433876,False,29
portfolio:returned:oracle,oracle_ceiling,all,true_simulator_cost,all_returned_means,False,False,41,test,1932213,15421,0,644.7249103931453,False,29
portfolio:returned:oracle,oracle_ceiling,all,true_simulator_cost,all_returned_means,False,False,42,dev,1962695,15702,23,216.63624952676344,False,29
portfolio:returned:oracle,oracle_ceiling,all,true_simulator_cost,all_returned_means,False,False,43,test,2004621,16013,81,845.9619943658217,False,29
portfolio:returned:oracle,oracle_ceiling,all,true_simulator_cost,all_returned_means,False,False,44,dev,2005201,16016,127,20.429174548169215,False,29
portfolio:returned:oracle,oracle_ceiling,all,true_simulator_cost,all_returned_means,False,False,45,test,2065261,16353,31,27.260907909501377,False,29
portfolio:returned:oracle,oracle_ceiling,all,true_simulator_cost,all_returned_means,False,False,46,dev,2079106,16491,32,21.839555904121855,True,29
portfolio:returned:oracle,oracle_ceiling,all,true_simulator_cost,all_returned_means,False,False,47,test,2163075,17254,80,7.158139158494066,True,29
portfolio:returned:oracle,oracle_ceiling,all,true_simulator_cost,all_returned_means,False,False,48,dev,2259080,17908,39,24.191352573216875,False,29
portfolio:returned:oracle,oracle_ceiling,all,true_simulator_cost,all_returned_means,False,False,49,test,2270553,18000,34,17.484822733090823,True,29
