{
  "2": {
    "oracle": [
      100.0,
      0.0
    ],
    "continuous": [
      92.13333333333333,
      9.115554472073178
    ],
    "D0": [
      100.0,
      0.0
    ],
    "D2": [
      84.6,
      21.18427089454186
    ]
  },
  "3": {
    "oracle": [
      100.0,
      0.0
    ],
    "continuous": [
      75.6,
      20.731511173948597
    ],
    "D0": [
      100.0,
      0.0
    ],
    "D2": [
      60.93333333333332,
      23.696600787642282
    ]
  },
  "4": {
    "oracle": [
      100.0,
      0.0
    ],
    "continuous": [
      63.666666666666664,
      15.948528319426703
    ],
    "D0": [
      100.0,
      0.0
    ],
    "D2": [
      63.8,
      27.76696678509276
    ]
  },
  "5": {
    "oracle": [
      100.0,
      0.0
    ],
    "continuous": [
      72.4,
      17.773138283500877
    ],
    "D0": [
      86.33333333333334,
      8.951722366859542
    ],
    "D2": [
      44.666666666666664,
      34.77738728925258
    ]
  }
}