{
  "per_N": {
    "2": {
      "oracle": 100.0,
      "continuous": 82.0,
      "D0": 100.0,
      "D2": 95.66666666666667
    },
    "3": {
      "oracle": 100.0,
      "continuous": 100.0,
      "D0": 100.0,
      "D2": 67.33333333333333
    },
    "4": {
      "oracle": 100.0,
      "continuous": 56.333333333333336,
      "D0": 100.0,
      "D2": 19.0
    },
    "5": {
      "oracle": 100.0,
      "continuous": 87.0,
      "D0": 83.66666666666667,
      "D2": 0.0
    }
  },
  "codes": 2
}