{
  "per_N": {
    "2": {
      "oracle": 100.0,
      "continuous": 80.0,
      "D0": 100.0,
      "D2": 42.666666666666664
    },
    "3": {
      "oracle": 100.0,
      "continuous": 50.333333333333336,
      "D0": 100.0,
      "D2": 26.666666666666668
    },
    "4": {
      "oracle": 100.0,
      "continuous": 89.0,
      "D0": 100.0,
      "D2": 46.666666666666664
    },
    "5": {
      "oracle": 100.0,
      "continuous": 43.333333333333336,
      "D0": 77.33333333333333,
      "D2": 67.66666666666667
    }
  },
  "codes": 2
}