{
  "per_N": {
    "2": {
      "oracle": 100.0,
      "continuous": 99.33333333333333,
      "D0": 100.0,
      "D2": 96.0
    },
    "3": {
      "oracle": 100.0,
      "continuous": 96.33333333333333,
      "D0": 100.0,
      "D2": 56.666666666666664
    },
    "4": {
      "oracle": 100.0,
      "continuous": 74.66666666666667,
      "D0": 100.0,
      "D2": 94.0
    },
    "5": {
      "oracle": 100.0,
      "continuous": 80.0,
      "D0": 93.66666666666667,
      "D2": 99.0
    }
  },
  "codes": 2
}