{
  "per_N": {
    "2": {
      "oracle": 100.0,
      "continuous": 100.0,
      "D0": 100.0,
      "D2": 99.0
    },
    "3": {
      "oracle": 100.0,
      "continuous": 53.666666666666664,
      "D0": 100.0,
      "D2": 100.0
    },
    "4": {
      "oracle": 100.0,
      "continuous": 53.333333333333336,
      "D0": 100.0,
      "D2": 71.33333333333333
    },
    "5": {
      "oracle": 100.0,
      "continuous": 90.66666666666667,
      "D0": 99.66666666666667,
      "D2": 32.666666666666664
    }
  },
  "codes": 2
}