{
  "per_N": {
    "2": {
      "oracle": 100.0,
      "continuous": 99.33333333333333,
      "D0": 100.0,
      "D2": 89.66666666666667
    },
    "3": {
      "oracle": 100.0,
      "continuous": 77.66666666666667,
      "D0": 100.0,
      "D2": 54.0
    },
    "4": {
      "oracle": 100.0,
      "continuous": 45.0,
      "D0": 100.0,
      "D2": 88.0
    },
    "5": {
      "oracle": 100.0,
      "continuous": 61.0,
      "D0": 77.33333333333333,
      "D2": 24.0
    }
  },
  "codes": 2
}