{
  "n_configs_used": 50,
  "mean_sep": 2.2010602951049805,
  "cont_between": 0.8771267533302307,
  "mcl_head_between": 0.2765567898750305,
  "mcl_specialization_purity": 0.9866666666666667
}