nohup: ignoring input
topology audit 10/240 states
topology audit 20/240 states
topology audit 30/240 states
topology audit 40/240 states
topology audit 50/240 states
topology audit 60/240 states
topology audit 70/240 states
topology audit 80/240 states
topology audit 90/240 states
topology audit 100/240 states
topology audit 110/240 states
topology audit 120/240 states
topology audit 130/240 states
topology audit 140/240 states
topology audit 150/240 states
topology audit 160/240 states
topology audit 170/240 states
topology audit 180/240 states
topology audit 190/240 states
topology audit 200/240 states
topology audit 210/240 states
topology audit 220/240 states
topology audit 230/240 states
topology audit 240/240 states
{
  "basis_energy": null,
  "codebook_modes": 4,
  "components": {
    "k12_r0.05": {
      "consensus": {
        "component_coverage": {
          "ci95": [
            0.2506302518372831,
            0.2978361813967283
          ],
          "mean": 0.2739975649350649,
          "median_state_mean": 0.26846590909090906,
          "states": 240
        },
        "count_delta_vs_true": {
          "ci95": [
            -3.2239583333333335,
            -2.5677083333333335
          ],
          "mean": -2.89375,
          "median_state_mean": -2.75,
          "states": 240
        },
        "elite_recall": {
          "ci95": [
            0.1409722222222222,
            0.16791840277777761
          ],
          "mean": 0.15451388888888887,
          "median_state_mean": 0.15,
          "states": 240
        },
        "success_precision": {
          "ci95": [
            0.3414565972222222,
            0.4367361111111111
          ],
          "mean": 0.38833333333333336,
          "median_state_mean": 0.31666666666666665,
          "states": 240
        },
        "success_recall": {
          "ci95": [
            0.14355446322013563,
            0.17631959805319386
          ],
          "mean": 0.15954662600803304,
          "median_state_mean": 0.13224554341575617,
          "states": 169
        },
        "successful_component_coverage": {
          "ci95": [
            0.31083520765750794,
            0.374859646366673
          ],
          "mean": 0.3430341532782361,
          "median_state_mean": 0.35,
          "states": 169
        }
      },
      "k10": {
        "component_coverage": {
          "ci95": [
            0.31889961521406834,
            0.3682688107609982
          ],
          "mean": 0.3434929566960817,
          "median_state_mean": 0.3444579725829726,
          "states": 240
        },
        "count_delta_vs_true": {
          "ci95": [
            -1.3979166666666667,
            -0.8291666666666667
          ],
          "mean": -1.1125,
          "median_state_mean": -1.125,
          "states": 240
        },
        "elite_recall": {
          "ci95": [
            0.1979861111111111,
            0.2348611111111111
          ],
          "mean": 0.21604166666666663,
          "median_state_mean": 0.19999999999999998,
          "states": 240
        },
        "success_precision": {
          "ci95": [
            0.3444427083333333,
            0.4371527777777777
          ],
          "mean": 0.39013888888888887,
          "median_state_mean": 0.31666666666666665,
          "states": 240
        },
        "success_recall": {
          "ci95": [
            0.17618043491524932,
            0.22584361509307704
          ],
          "mean": 0.19993625980126883,
          "median_state_mean": 0.16326530612244897,
          "states": 169
        },
        "successful_component_coverage": {
          "ci95": [
            0.3483017053828814,
            0.4152552100129763
          ],
          "mean": 0.3814431199416406,
          "median_state_mean": 0.3714285714285714,
          "states": 169
        }
      },
      "k3": {
        "component_coverage": {
          "ci95": [
            0.21009808348480224,
            0.2583416842127779
          ],
          "mean": 0.2339232064232064,
          "median_state_mean": 0.20595238095238094,
          "states": 240
        },
        "count_delta_vs_true": {
          "ci95": [
            -4.264609375,
            -3.709375
          ],
          "mean": -3.9895833333333335,
          "median_state_mean": -4.0,
          "states": 240
        },
        "elite_recall": {
          "ci95": [
            0.11208333333333333,
            0.13666666666666666
          ],
          "mean": 0.124375,
          "median_state_mean": 0.11666666666666667,
          "states": 240
        },
        "success_precision": {
          "ci95": [
            0.3138871527777778,
            0.4055572916666666
          ],
          "mean": 0.3595833333333333,
          "median_state_mean": 0.23333333333333334,
          "states": 240
        },
        "success_recall": {
          "ci95": [
            0.12348085082475821,
            0.15386179712878148
          ],
          "mean": 0.13823468333342798,
          "median_state_mean": 0.11075679247405121,
          "states": 169
        },
        "successful_component_coverage": {
          "ci95": [
            0.26449001568916514,
            0.32963998639017134
          ],
          "mean": 0.2966208676267848,
          "median_state_mean": 0.28138528138528135,
          "states": 169
        }
      },
      "minrank": {
        "component_coverage": {
          "ci95": [
            0.29780185576865265,
            0.3445644451035076
          ],
          "mean": 0.32111282236282235,
          "median_state_mean": 0.31746031746031744,
          "states": 240
        },
        "count_delta_vs_true": {
          "ci95": [
            -3.511458333333333,
            -2.833307291666669
          ],
          "mean": -3.1708333333333334,
          "median_state_mean": -3.5,
          "states": 240
        },
        "elite_recall": {
          "ci95": [
            0.17034722222222226,
            0.19791666666666666
          ],
          "mean": 0.18395833333333333,
          "median_state_mean": 0.18333333333333332,
          "states": 240
        },
        "success_precision": {
          "ci95": [
            0.33478993055555556,
            0.4275711805555555
          ],
          "mean": 0.38090277777777776,
          "median_state_mean": 0.3,
          "states": 240
        },
        "success_recall": {
          "ci95": [
            0.165321662896961,
            0.20941061559235113
          ],
          "mean": 0.18632889804698216,
          "median_state_mean": 0.1453121902118379,
          "states": 169
        },
        "successful_component_coverage": {
          "ci95": [
            0.3447452244364227,
            0.41183611058703506
          ],
          "mean": 0.37774654531311336,
          "median_state_mean": 0.375,
          "states": 169
        }
      },
      "shuffle": {
        "component_coverage": {
          "ci95": [
            0.14022541810041808,
            0.16863995581964328
          ],
          "mean": 0.1542222245347245,
          "median_state_mean": 0.12247023809523809,
          "states": 240
        },
        "count_delta_vs_true": {
          "ci95": [
            1.8155989583333334,
            2.446875
          ],
          "mean": 2.134375,
          "median_state_mean": 2.25,
          "states": 240
        },
        "elite_recall": {
          "ci95": [
            0.04479166666666667,
            0.05111111111111111
          ],
          "mean": 0.04791666666666667,
          "median_state_mean": 0.05,
          "states": 240
        },
        "success_precision": {
          "ci95": [
            0.18722222222222223,
            0.24388888888888888
          ],
          "mean": 0.2152777777777778,
          "median_state_mean": 0.15000000000000002,
          "states": 240
        },
        "success_recall": {
          "ci95": [
            0.04532084872403114,
            0.05864478732221096
          ],
          "mean": 0.050910957222890185,
          "median_state_mean": 0.047550597951417375,
          "states": 169
        },
        "successful_component_coverage": {
          "ci95": [
            0.15773256199476615,
            0.20809066046954358
          ],
          "mean": 0.1821457498232646,
          "median_state_mean": 0.125,
          "states": 169
        }
      },
      "successful_true_count": {
        "ci95": [
          3.216666666666667,
          4.008359374999998
        ],
        "mean": 3.6145833333333335,
        "median_state_mean": 3.5,
        "states": 240
      },
      "true_count": {
        "ci95": [
          6.24375,
          6.67606770833333
        ],
        "mean": 6.459375,
        "median_state_mean": 6.25,
        "states": 240
      }
    },
    "k12_r0.1": {
      "consensus": {
        "component_coverage": {
          "ci95": [
            0.45868788919340087,
            0.5209408747833397
          ],
          "mean": 0.49011361244659907,
          "median_state_mean": 0.5,
          "states": 240
        },
        "count_delta_vs_true": {
          "ci95": [
            -2.9458333333333333,
            -2.386458333333333
          ],
          "mean": -2.6645833333333333,
          "median_state_mean": -2.75,
          "states": 240
        },
        "elite_recall": {
          "ci95": [
            0.21871527777777774,
            0.2517013888888889
          ],
          "mean": 0.23534722222222224,
          "median_state_mean": 0.24166666666666664,
          "states": 240
        },
        "success_precision": {
          "ci95": [
            0.32263802083333337,
            0.41201562499999983
          ],
          "mean": 0.36725694444444446,
          "median_state_mean": 0.2958333333333334,
          "states": 240
        },
        "success_recall": {
          "ci95": [
            0.23628236271319925,
            0.27534279873914363
          ],
          "mean": 0.25582053829727325,
          "median_state_mean": 0.2355088224392698,
          "states": 169
        },
        "successful_component_coverage": {
          "ci95": [
            0.5784768927354244,
            0.6478703654585217
          ],
          "mean": 0.6135461436507244,
          "median_state_mean": 0.611111111111111,
          "states": 169
        }
      },
      "k10": {
        "component_coverage": {
          "ci95": [
            0.5164434789064904,
            0.5724936905602783
          ],
          "mean": 0.5442686929889426,
          "median_state_mean": 0.5622023809523811,
          "states": 240
        },
        "count_delta_vs_true": {
          "ci95": [
            -1.4208333333333334,
            -0.8791666666666667
          ],
          "mean": -1.1458333333333333,
          "median_state_mean": -1.0,
          "states": 240
        },
        "elite_recall": {
          "ci95": [
            0.2760069444444444,
            0.31649392361111106
          ],
          "mean": 0.2962152777777778,
          "median_state_mean": 0.29166666666666663,
          "states": 240
        },
        "success_precision": {
          "ci95": [
            0.32611024305555564,
            0.4140295138888888
          ],
          "mean": 0.369375,
          "median_state_mean": 0.275,
          "states": 240
        },
        "success_recall": {
          "ci95": [
            0.27821392357376523,
            0.3336552790730704
          ],
          "mean": 0.305367415202452,
          "median_state_mean": 0.2748999230509852,
          "states": 169
        },
        "successful_component_coverage": {
          "ci95": [
            0.5938620152734405,
            0.6611103079822395
          ],
          "mean": 0.6273230973578584,
          "median_state_mean": 0.625,
          "states": 169
        }
      },
      "k3": {
        "component_coverage": {
          "ci95": [
            0.39985602992714664,
            0.4638425635625894
          ],
          "mean": 0.43178671301107446,
          "median_state_mean": 0.4166666666666667,
          "states": 240
        },
        "count_delta_vs_true": {
          "ci95": [
            -3.253125,
            -2.744765625000002
          ],
          "mean": -2.995833333333333,
          "median_state_mean": -3.0,
          "states": 240
        },
        "elite_recall": {
          "ci95": [
            0.17399305555555555,
            0.20559027777777777
          ],
          "mean": 0.18975694444444444,
          "median_state_mean": 0.18333333333333332,
          "states": 240
        },
        "success_precision": {
          "ci95": [
            0.2988532986111111,
            0.38611284722222206
          ],
          "mean": 0.3420833333333333,
          "median_state_mean": 0.24166666666666667,
          "states": 240
        },
        "success_recall": {
          "ci95": [
            0.20405651116419604,
            0.24164226988022827
          ],
          "mean": 0.22280225927923766,
          "median_state_mean": 0.2047195811809201,
          "states": 169
        },
        "successful_component_coverage": {
          "ci95": [
            0.5128358745276235,
            0.5901750301402374
          ],
          "mean": 0.5515568351329384,
          "median_state_mean": 0.5833333333333333,
          "states": 169
        }
      },
      "minrank": {
        "component_coverage": {
          "ci95": [
            0.4981827382070374,
            0.5526141543075499
          ],
          "mean": 0.5251636708950951,
          "median_state_mean": 0.55,
          "states": 240
        },
        "count_delta_vs_true": {
          "ci95": [
            -2.8219010416666666,
            -2.2739583333333333
          ],
          "mean": -2.546875,
          "median_state_mean": -2.5,
          "states": 240
        },
        "elite_recall": {
          "ci95": [
            0.24774305555555554,
            0.27871527777777777
          ],
          "mean": 0.2632986111111111,
          "median_state_mean": 0.275,
          "states": 240
        },
        "success_precision": {
          "ci95": [
            0.31989496527777783,
            0.4077786458333333
          ],
          "mean": 0.3634027777777778,
          "median_state_mean": 0.2833333333333333,
          "states": 240
        },
        "success_recall": {
          "ci95": [
            0.27257014450430367,
            0.3200577652377695
          ],
          "mean": 0.29535969538062967,
          "median_state_mean": 0.2711481416523052,
          "states": 169
        },
        "successful_component_coverage": {
          "ci95": [
            0.5886613981884576,
            0.6569413824867877
          ],
          "mean": 0.6226227138589514,
          "median_state_mean": 0.625,
          "states": 169
        }
      },
      "shuffle": {
        "component_coverage": {
          "ci95": [
            0.43598994190610263,
            0.48294994405149444
          ],
          "mean": 0.4596296381941215,
          "median_state_mean": 0.4288194444444444,
          "states": 240
        },
        "count_delta_vs_true": {
          "ci95": [
            3.308333333333333,
            4.01875
          ],
          "mean": 3.6645833333333333,
          "median_state_mean": 3.75,
          "states": 240
        },
        "elite_recall": {
          "ci95": [
            0.09635416666666667,
            0.10305555555555555
          ],
          "mean": 0.09968749999999998,
          "median_state_mean": 0.09999999999999999,
          "states": 240
        },
        "success_precision": {
          "ci95": [
            0.1864574652777778,
            0.24312586805555547
          ],
          "mean": 0.2145138888888889,
          "median_state_mean": 0.15416666666666667,
          "states": 240
        },
        "success_recall": {
          "ci95": [
            0.09304857938238284,
            0.11042853201606145
          ],
          "mean": 0.10116697602071992,
          "median_state_mean": 0.09714892654690538,
          "states": 169
        },
        "successful_component_coverage": {
          "ci95": [
            0.517931817926302,
            0.5874815016382348
          ],
          "mean": 0.5528766099334641,
          "median_state_mean": 0.5178571428571429,
          "states": 169
        }
      },
      "successful_true_count": {
        "ci95": [
          2.076041666666667,
          2.6979166666666665
        ],
        "mean": 2.3822916666666667,
        "median_state_mean": 1.75,
        "states": 240
      },
      "true_count": {
        "ci95": [
          4.267708333333333,
          4.734375
        ],
        "mean": 4.502083333333333,
        "median_state_mean": 4.25,
        "states": 240
      }
    },
    "k12_r0.2": {
      "consensus": {
        "component_coverage": {
          "ci95": [
            0.7680723872481684,
            0.8185595754794973
          ],
          "mean": 0.7936964222120473,
          "median_state_mean": 0.8333333333333333,
          "states": 240
        },
        "count_delta_vs_true": {
          "ci95": [
            -0.7958333333333333,
            -0.6
          ],
          "mean": -0.69375,
          "median_state_mean": -0.5,
          "states": 240
        },
        "elite_recall": {
          "ci95": [
            0.34887152777777775,
            0.3883506944444444
          ],
          "mean": 0.3688020833333333,
          "median_state_mean": 0.38958333333333334,
          "states": 240
        },
        "success_precision": {
          "ci95": [
            0.29725694444444445,
            0.3806258680555555
          ],
          "mean": 0.3384201388888889,
          "median_state_mean": 0.2666666666666667,
          "states": 240
        },
        "success_recall": {
          "ci95": [
            0.39365800681507207,
            0.4384245575060466
          ],
          "mean": 0.41582563651121535,
          "median_state_mean": 0.4119892485412039,
          "states": 169
        },
        "successful_component_coverage": {
          "ci95": [
            0.8593100959280694,
            0.9034953417719689
          ],
          "mean": 0.8820573780263128,
          "median_state_mean": 1.0,
          "states": 169
        }
      },
      "k10": {
        "component_coverage": {
          "ci95": [
            0.792065719436813,
            0.8400321156707875
          ],
          "mean": 0.816443356990232,
          "median_state_mean": 0.875,
          "states": 240
        },
        "count_delta_vs_true": {
          "ci95": [
            -0.3958333333333333,
            -0.17291666666666666
          ],
          "mean": -0.28229166666666666,
          "median_state_mean": -0.25,
          "states": 240
        },
        "elite_recall": {
          "ci95": [
            0.40076258680555554,
            0.44272569444444443
          ],
          "mean": 0.42203124999999997,
          "median_state_mean": 0.44166666666666665,
          "states": 240
        },
        "success_precision": {
          "ci95": [
            0.29723741319444447,
            0.3796028645833331
          ],
          "mean": 0.33848958333333334,
          "median_state_mean": 0.25416666666666665,
          "states": 240
        },
        "success_recall": {
          "ci95": [
            0.4359528888944562,
            0.49047663346560194
          ],
          "mean": 0.4624411196580503,
          "median_state_mean": 0.4536302607214857,
          "states": 169
        },
        "successful_component_coverage": {
          "ci95": [
            0.8647430659412909,
            0.9086926594526447
          ],
          "mean": 0.8873284547470939,
          "median_state_mean": 1.0,
          "states": 169
        }
      },
      "k3": {
        "component_coverage": {
          "ci95": [
            0.7603516245039683,
            0.8069147206959707
          ],
          "mean": 0.783935057997558,
          "median_state_mean": 0.8125,
          "states": 240
        },
        "count_delta_vs_true": {
          "ci95": [
            -0.8114583333333333,
            -0.6125
          ],
          "mean": -0.7083333333333334,
          "median_state_mean": -0.5,
          "states": 240
        },
        "elite_recall": {
          "ci95": [
            0.2873090277777777,
            0.3242539062499999
          ],
          "mean": 0.30576388888888884,
          "median_state_mean": 0.3208333333333333,
          "states": 240
        },
        "success_precision": {
          "ci95": [
            0.2764227430555556,
            0.3580737847222222
          ],
          "mean": 0.31749999999999995,
          "median_state_mean": 0.2375,
          "states": 240
        },
        "success_recall": {
          "ci95": [
            0.3355878225216218,
            0.38010535609685964
          ],
          "mean": 0.35814565196963105,
          "median_state_mean": 0.3670568955042338,
          "states": 169
        },
        "successful_component_coverage": {
          "ci95": [
            0.8409197042684469,
            0.8928253421873984
          ],
          "mean": 0.8677548207873651,
          "median_state_mean": 0.9166666666666666,
          "states": 169
        }
      },
      "minrank": {
        "component_coverage": {
          "ci95": [
            0.7925717362065018,
            0.8355609904418498
          ],
          "mean": 0.8141906097374848,
          "median_state_mean": 0.8333333333333334,
          "states": 240
        },
        "count_delta_vs_true": {
          "ci95": [
            -0.7479166666666667,
            -0.5385416666666667
          ],
          "mean": -0.640625,
          "median_state_mean": -0.5,
          "states": 240
        },
        "elite_recall": {
          "ci95": [
            0.3668402777777777,
            0.40270876736111105
          ],
          "mean": 0.3849305555555555,
          "median_state_mean": 0.41041666666666665,
          "states": 240
        },
        "success_precision": {
          "ci95": [
            0.2947916666666667,
            0.37701388888888887
          ],
          "mean": 0.3354861111111111,
          "median_state_mean": 0.2520833333333333,
          "states": 240
        },
        "success_recall": {
          "ci95": [
            0.4213046444515728,
            0.47053005367137135
          ],
          "mean": 0.4456817476341814,
          "median_state_mean": 0.4462627333783219,
          "states": 169
        },
        "successful_component_coverage": {
          "ci95": [
            0.8645449264328702,
            0.9078921281093988
          ],
          "mean": 0.8868284041730788,
          "median_state_mean": 1.0,
          "states": 169
        }
      },
      "shuffle": {
        "component_coverage": {
          "ci95": [
            0.7848522135416667,
            0.8253225756448413
          ],
          "mean": 0.8050360576923077,
          "median_state_mean": 0.8333333333333333,
          "states": 240
        },
        "count_delta_vs_true": {
          "ci95": [
            1.35,
            1.6895833333333334
          ],
          "mean": 1.5229166666666667,
          "median_state_mean": 1.5,
          "states": 240
        },
        "elite_recall": {
          "ci95": [
            0.19748263888888887,
            0.20388888888888887
          ],
          "mean": 0.2006423611111111,
          "median_state_mean": 0.19999999999999998,
          "states": 240
        },
        "success_precision": {
          "ci95": [
            0.18517317708333333,
            0.24107682291666663
          ],
          "mean": 0.21300347222222224,
          "median_state_mean": 0.15625,
          "states": 240
        },
        "success_recall": {
          "ci95": [
            0.18531506735615502,
            0.20709034479986338
          ],
          "mean": 0.19598495949867276,
          "median_state_mean": 0.19567901234567903,
          "states": 169
        },
        "successful_component_coverage": {
          "ci95": [
            0.8547664902897891,
            0.8996977355936308
          ],
          "mean": 0.8777233204008352,
          "median_state_mean": 1.0,
          "states": 169
        }
      },
      "successful_true_count": {
        "ci95": [
          0.8145833333333333,
          1.05625
        ],
        "mean": 0.9322916666666666,
        "median_state_mean": 0.875,
        "states": 240
      },
      "true_count": {
        "ci95": [
          1.6895833333333334,
          1.88125
        ],
        "mean": 1.78125,
        "median_state_mean": 1.625,
        "states": 240
      }
    },
    "k20_r0.05": {
      "consensus": {
        "component_coverage": {
          "ci95": [
            0.32453662179834053,
            0.3787138845674002
          ],
          "mean": 0.3516524245430495,
          "median_state_mean": 0.36041666666666666,
          "states": 240
        },
        "count_delta_vs_true": {
          "ci95": [
            -1.8625260416666667,
            -1.41875
          ],
          "mean": -1.640625,
          "median_state_mean": -1.5,
          "states": 240
        },
        "elite_recall": {
          "ci95": [
            0.14131944444444444,
            0.16805555555555554
          ],
          "mean": 0.15451388888888887,
          "median_state_mean": 0.15,
          "states": 240
        },
        "success_precision": {
          "ci95": [
            0.3413194444444444,
            0.43541840277777766
          ],
          "mean": 0.38833333333333336,
          "median_state_mean": 0.31666666666666665,
          "states": 240
        },
        "success_recall": {
          "ci95": [
            0.14319264697587783,
            0.1758290843728774
          ],
          "mean": 0.15954662600803304,
          "median_state_mean": 0.13224554341575617,
          "states": 169
        },
        "successful_component_coverage": {
          "ci95": [
            0.3939957451736298,
            0.4619177350427351
          ],
          "mean": 0.42771067963375653,
          "median_state_mean": 0.4444444444444444,
          "states": 169
        }
      },
      "k10": {
        "component_coverage": {
          "ci95": [
            0.410893598372114,
            0.4681505024200336
          ],
          "mean": 0.43926820286195284,
          "median_state_mean": 0.4409722222222222,
          "states": 240
        },
        "count_delta_vs_true": {
          "ci95": [
            -0.8541666666666666,
            -0.45416666666666666
          ],
          "mean": -0.6572916666666667,
          "median_state_mean": -0.5,
          "states": 240
        },
        "elite_recall": {
          "ci95": [
            0.1977065972222222,
            0.23506944444444444
          ],
          "mean": 0.21604166666666663,
          "median_state_mean": 0.19999999999999998,
          "states": 240
        },
        "success_precision": {
          "ci95": [
            0.34479166666666666,
            0.436876736111111
          ],
          "mean": 0.39013888888888887,
          "median_state_mean": 0.31666666666666665,
          "states": 240
        },
        "success_recall": {
          "ci95": [
            0.1764229862067845,
            0.22569623435715463
          ],
          "mean": 0.19993625980126883,
          "median_state_mean": 0.16326530612244897,
          "states": 169
        },
        "successful_component_coverage": {
          "ci95": [
            0.43324081278408194,
            0.5095060913089761
          ],
          "mean": 0.4715588542511619,
          "median_state_mean": 0.5,
          "states": 169
        }
      },
      "k3": {
        "component_coverage": {
          "ci95": [
            0.2716341286751443,
            0.32842987633026693
          ],
          "mean": 0.2998661841630591,
          "median_state_mean": 0.3090277777777778,
          "states": 240
        },
        "count_delta_vs_true": {
          "ci95": [
            -2.29375,
            -1.921875
          ],
          "mean": -2.10625,
          "median_state_mean": -2.0,
          "states": 240
        },
        "elite_recall": {
          "ci95": [
            0.1123611111111111,
            0.13666666666666666
          ],
          "mean": 0.124375,
          "median_state_mean": 0.11666666666666667,
          "states": 240
        },
        "success_precision": {
          "ci95": [
            0.3136805555555556,
            0.405626736111111
          ],
          "mean": 0.3595833333333333,
          "median_state_mean": 0.23333333333333334,
          "states": 240
        },
        "success_recall": {
          "ci95": [
            0.12308669962595913,
            0.15368590368870902
          ],
          "mean": 0.13823468333342798,
          "median_state_mean": 0.11075679247405121,
          "states": 169
        },
        "successful_component_coverage": {
          "ci95": [
            0.3315940451998144,
            0.40495710663979895
          ],
          "mean": 0.3680601627717012,
          "median_state_mean": 0.375,
          "states": 169
        }
      },
      "minrank": {
        "component_coverage": {
          "ci95": [
            0.3899993141985329,
            0.44310525549392726
          ],
          "mean": 0.4164841871091871,
          "median_state_mean": 0.4185606060606061,
          "states": 240
        },
        "count_delta_vs_true": {
          "ci95": [
            -1.8969010416666667,
            -1.4416666666666667
          ],
          "mean": -1.6708333333333334,
          "median_state_mean": -1.75,
          "states": 240
        },
        "elite_recall": {
          "ci95": [
            0.17041666666666666,
            0.19770833333333335
          ],
          "mean": 0.18395833333333333,
          "median_state_mean": 0.18333333333333332,
          "states": 240
        },
        "success_precision": {
          "ci95": [
            0.335,
            0.42715277777777777
          ],
          "mean": 0.38090277777777776,
          "median_state_mean": 0.3,
          "states": 240
        },
        "success_recall": {
          "ci95": [
            0.16516807738668257,
            0.209907167836146
          ],
          "mean": 0.18632889804698216,
          "median_state_mean": 0.1453121902118379,
          "states": 169
        },
        "successful_component_coverage": {
          "ci95": [
            0.43849918066264226,
            0.5084308351015081
          ],
          "mean": 0.47346124317278165,
          "median_state_mean": 0.47916666666666663,
          "states": 169
        }
      },
      "shuffle": {
        "component_coverage": {
          "ci95": [
            0.22770042313011063,
            0.2660265405167749
          ],
          "mean": 0.24667670003607506,
          "median_state_mean": 0.22708333333333333,
          "states": 240
        },
        "count_delta_vs_true": {
          "ci95": [
            1.6708333333333334,
            2.1822916666666665
          ],
          "mean": 1.925,
          "median_state_mean": 1.75,
          "states": 240
        },
        "elite_recall": {
          "ci95": [
            0.04486111111111111,
            0.051041666666666666
          ],
          "mean": 0.04791666666666667,
          "median_state_mean": 0.05,
          "states": 240
        },
        "success_precision": {
          "ci95": [
            0.18756944444444443,
            0.2436111111111111
          ],
          "mean": 0.2152777777777778,
          "median_state_mean": 0.15000000000000002,
          "states": 240
        },
        "success_recall": {
          "ci95": [
            0.0453746896783476,
            0.05871281346073988
          ],
          "mean": 0.050910957222890185,
          "median_state_mean": 0.047550597951417375,
          "states": 169
        },
        "successful_component_coverage": {
          "ci95": [
            0.24425619608311916,
            0.3044700562969793
          ],
          "mean": 0.27389787918634073,
          "median_state_mean": 0.2625,
          "states": 169
        }
      },
      "successful_true_count": {
        "ci95": [
          1.9729166666666667,
          2.4833333333333334
        ],
        "mean": 2.225,
        "median_state_mean": 2.0,
        "states": 240
      },
      "true_count": {
        "ci95": [
          3.642708333333333,
          3.9697916666666666
        ],
        "mean": 3.8041666666666667,
        "median_state_mean": 3.75,
        "states": 240
      }
    },
    "k20_r0.1": {
      "consensus": {
        "component_coverage": {
          "ci95": [
            0.6473221312830688,
            0.7128894262566138
          ],
          "mean": 0.6804456018518519,
          "median_state_mean": 0.75,
          "states": 240
        },
        "count_delta_vs_true": {
          "ci95": [
            -0.7625,
            -0.552057291666669
          ],
          "mean": -0.65625,
          "median_state_mean": -0.5,
          "states": 240
        },
        "elite_recall": {
          "ci95": [
            0.21878472222222223,
            0.251875
          ],
          "mean": 0.23534722222222224,
          "median_state_mean": 0.24166666666666664,
          "states": 240
        },
        "success_precision": {
          "ci95": [
            0.32260416666666664,
            0.41274305555555557
          ],
          "mean": 0.36725694444444446,
          "median_state_mean": 0.2958333333333334,
          "states": 240
        },
        "success_recall": {
          "ci95": [
            0.23590180859802123,
            0.27555873409678133
          ],
          "mean": 0.25582053829727325,
          "median_state_mean": 0.2355088224392698,
          "states": 169
        },
        "successful_component_coverage": {
          "ci95": [
            0.7506715213205598,
            0.8144923746125668
          ],
          "mean": 0.7828132337747722,
          "median_state_mean": 0.8333333333333334,
          "states": 169
        }
      },
      "k10": {
        "component_coverage": {
          "ci95": [
            0.6868086764219575,
            0.7408658027447089
          ],
          "mean": 0.7142824074074073,
          "median_state_mean": 0.75,
          "states": 240
        },
        "count_delta_vs_true": {
          "ci95": [
            -0.409375,
            -0.19583333333333333
          ],
          "mean": -0.30104166666666665,
          "median_state_mean": -0.25,
          "states": 240
        },
        "elite_recall": {
          "ci95": [
            0.2758671875,
            0.3165286458333333
          ],
          "mean": 0.2962152777777778,
          "median_state_mean": 0.29166666666666663,
          "states": 240
        },
        "success_precision": {
          "ci95": [
            0.325796875,
            0.41434288194444424
          ],
          "mean": 0.369375,
          "median_state_mean": 0.275,
          "states": 240
        },
        "success_recall": {
          "ci95": [
            0.27878255101463956,
            0.33377690900105356
          ],
          "mean": 0.305367415202452,
          "median_state_mean": 0.2748999230509852,
          "states": 169
        },
        "successful_component_coverage": {
          "ci95": [
            0.7409210927960928,
            0.8009440746219592
          ],
          "mean": 0.7713369963369963,
          "median_state_mean": 0.7619047619047619,
          "states": 169
        }
      },
      "k3": {
        "component_coverage": {
          "ci95": [
            0.5646121858465608,
            0.6336012938161374
          ],
          "mean": 0.5990393518518519,
          "median_state_mean": 0.625,
          "states": 240
        },
        "count_delta_vs_true": {
          "ci95": [
            -0.8458333333333333,
            -0.646875
          ],
          "mean": -0.74375,
          "median_state_mean": -0.75,
          "states": 240
        },
        "elite_recall": {
          "ci95": [
            0.1743046875,
            0.20524392361111105
          ],
          "mean": 0.18975694444444444,
          "median_state_mean": 0.18333333333333332,
          "states": 240
        },
        "success_precision": {
          "ci95": [
            0.29770833333333335,
            0.38604340277777766
          ],
          "mean": 0.3420833333333333,
          "median_state_mean": 0.24166666666666667,
          "states": 240
        },
        "success_recall": {
          "ci95": [
            0.20465394972025067,
            0.24150047344761433
          ],
          "mean": 0.22280225927923766,
          "median_state_mean": 0.2047195811809201,
          "states": 169
        },
        "successful_component_coverage": {
          "ci95": [
            0.6691864198835352,
            0.7468808995491688
          ],
          "mean": 0.7089309195078425,
          "median_state_mean": 0.75,
          "states": 169
        }
      },
      "minrank": {
        "component_coverage": {
          "ci95": [
            0.6893399677579365,
            0.7417849909060846
          ],
          "mean": 0.7156291335978836,
          "median_state_mean": 0.75,
          "states": 240
        },
        "count_delta_vs_true": {
          "ci95": [
            -0.725,
            -0.5125
          ],
          "mean": -0.615625,
          "median_state_mean": -0.5,
          "states": 240
        },
        "elite_recall": {
          "ci95": [
            0.2477777777777778,
            0.27909722222222216
          ],
          "mean": 0.2632986111111111,
          "median_state_mean": 0.275,
          "states": 240
        },
        "success_precision": {
          "ci95": [
            0.3195130208333334,
            0.40819444444444447
          ],
          "mean": 0.3634027777777778,
          "median_state_mean": 0.2833333333333333,
          "states": 240
        },
        "success_recall": {
          "ci95": [
            0.2725090038103753,
            0.31924429892886663
          ],
          "mean": 0.29535969538062967,
          "median_state_mean": 0.2711481416523052,
          "states": 169
        },
        "successful_component_coverage": {
          "ci95": [
            0.7459418732976424,
            0.8093854783037476
          ],
          "mean": 0.7780278482201559,
          "median_state_mean": 0.8125,
          "states": 169
        }
      },
      "shuffle": {
        "component_coverage": {
          "ci95": [
            0.7040401372354497,
            0.7483593336640212
          ],
          "mean": 0.7262632275132276,
          "median_state_mean": 0.7083333333333334,
          "states": 240
        },
        "count_delta_vs_true": {
          "ci95": [
            1.2927083333333333,
            1.6177083333333333
          ],
          "mean": 1.4541666666666666,
          "median_state_mean": 1.5,
          "states": 240
        },
        "elite_recall": {
          "ci95": [
            0.09638888888888889,
            0.10302083333333334
          ],
          "mean": 0.09968749999999998,
          "median_state_mean": 0.09999999999999999,
          "states": 240
        },
        "success_precision": {
          "ci95": [
            0.1863532986111111,
            0.2431258680555555
          ],
          "mean": 0.2145138888888889,
          "median_state_mean": 0.15416666666666667,
          "states": 240
        },
        "success_recall": {
          "ci95": [
            0.09314200970976391,
            0.11059956587623875
          ],
          "mean": 0.10116697602071992,
          "median_state_mean": 0.09714892654690538,
          "states": 169
        },
        "successful_component_coverage": {
          "ci95": [
            0.7308137562224101,
            0.7919466164177703
          ],
          "mean": 0.7613611815534891,
          "median_state_mean": 0.75,
          "states": 169
        }
      },
      "successful_true_count": {
        "ci95": [
          0.9302083333333333,
          1.1864843749999978
        ],
        "mean": 1.0572916666666667,
        "median_state_mean": 1.0,
        "states": 240
      },
      "true_count": {
        "ci95": [
          1.7739583333333333,
          1.9604166666666667
        ],
        "mean": 1.8645833333333333,
        "median_state_mean": 1.75,
        "states": 240
      }
    },
    "k20_r0.2": {
      "consensus": {
        "component_coverage": {
          "ci95": [
            0.9204861111111112,
            0.9572916666666667
          ],
          "mean": 0.9401041666666666,
          "median_state_mean": 1.0,
          "states": 240
        },
        "count_delta_vs_true": {
          "ci95": [
            -0.07083333333333333,
            -0.03333333333333333
          ],
          "mean": -0.051041666666666666,
          "median_state_mean": 0.0,
          "states": 240
        },
        "elite_recall": {
          "ci95": [
            0.34918402777777774,
            0.38791666666666663
          ],
          "mean": 0.3688020833333333,
          "median_state_mean": 0.38958333333333334,
          "states": 240
        },
        "success_precision": {
          "ci95": [
            0.2962144097222222,
            0.38109374999999995
          ],
          "mean": 0.3384201388888889,
          "median_state_mean": 0.2666666666666667,
          "states": 240
        },
        "success_recall": {
          "ci95": [
            0.39295539476549396,
            0.43812273253483675
          ],
          "mean": 0.41582563651121535,
          "median_state_mean": 0.4119892485412039,
          "states": 169
        },
        "successful_component_coverage": {
          "ci95": [
            0.9622781065088757,
            0.9847140039447733
          ],
          "mean": 0.9743589743589745,
          "median_state_mean": 1.0,
          "states": 169
        }
      },
      "k10": {
        "component_coverage": {
          "ci95": [
            0.9269097222222221,
            0.9633680555555555
          ],
          "mean": 0.9463541666666667,
          "median_state_mean": 1.0,
          "states": 240
        },
        "count_delta_vs_true": {
          "ci95": [
            -0.05,
            -0.008333333333333333
          ],
          "mean": -0.028125,
          "median_state_mean": 0.0,
          "states": 240
        },
        "elite_recall": {
          "ci95": [
            0.40065972222222224,
            0.44265625
          ],
          "mean": 0.42203124999999997,
          "median_state_mean": 0.44166666666666665,
          "states": 240
        },
        "success_precision": {
          "ci95": [
            0.29689192708333334,
            0.3805729166666667
          ],
          "mean": 0.33848958333333334,
          "median_state_mean": 0.25416666666666665,
          "states": 240
        },
        "success_recall": {
          "ci95": [
            0.43551067643945657,
            0.49024062569221627
          ],
          "mean": 0.4624411196580503,
          "median_state_mean": 0.4536302607214857,
          "states": 169
        },
        "successful_component_coverage": {
          "ci95": [
            0.9696745562130178,
            0.9896449704142012
          ],
          "mean": 0.9805226824457595,
          "median_state_mean": 1.0,
          "states": 169
        }
      },
      "k3": {
        "component_coverage": {
          "ci95": [
            0.9315972222222223,
            0.9590277777777777
          ],
          "mean": 0.9458333333333333,
          "median_state_mean": 1.0,
          "states": 240
        },
        "count_delta_vs_true": {
          "ci95": [
            -0.06979166666666667,
            -0.03229166666666667
          ],
          "mean": -0.05,
          "median_state_mean": 0.0,
          "states": 240
        },
        "elite_recall": {
          "ci95": [
            0.28727343749999995,
            0.3243754340277777
          ],
          "mean": 0.30576388888888884,
          "median_state_mean": 0.3208333333333333,
          "states": 240
        },
        "success_precision": {
          "ci95": [
            0.27732552083333334,
            0.35828125
          ],
          "mean": 0.31749999999999995,
          "median_state_mean": 0.2375,
          "states": 240
        },
        "success_recall": {
          "ci95": [
            0.33586158592189863,
            0.38055274173434556
          ],
          "mean": 0.35814565196963105,
          "median_state_mean": 0.3670568955042338,
          "states": 169
        },
        "successful_component_coverage": {
          "ci95": [
            0.9445266272189349,
            0.979043392504931
          ],
          "mean": 0.9635108481262328,
          "median_state_mean": 1.0,
          "states": 169
        }
      },
      "minrank": {
        "component_coverage": {
          "ci95": [
            0.9444444444444444,
            0.9690972222222222
          ],
          "mean": 0.9572916666666667,
          "median_state_mean": 1.0,
          "states": 240
        },
        "count_delta_vs_true": {
          "ci95": [
            -0.0625,
            -0.027083333333333334
          ],
          "mean": -0.04375,
          "median_state_mean": 0.0,
          "states": 240
        },
        "elite_recall": {
          "ci95": [
            0.3669618055555555,
            0.4023441840277777
          ],
          "mean": 0.3849305555555555,
          "median_state_mean": 0.41041666666666665,
          "states": 240
        },
        "success_precision": {
          "ci95": [
            0.2947569444444444,
            0.3768233506944444
          ],
          "mean": 0.3354861111111111,
          "median_state_mean": 0.2520833333333333,
          "states": 240
        },
        "success_recall": {
          "ci95": [
            0.4215204941298922,
            0.4705633335826294
          ],
          "mean": 0.4456817476341814,
          "median_state_mean": 0.4462627333783219,
          "states": 169
        },
        "successful_component_coverage": {
          "ci95": [
            0.9701676528599604,
            0.9886587771203157
          ],
          "mean": 0.9800295857988166,
          "median_state_mean": 1.0,
          "states": 169
        }
      },
      "shuffle": {
        "component_coverage": {
          "ci95": [
            0.9699652777777777,
            0.9845486111111111
          ],
          "mean": 0.9776041666666667,
          "median_state_mean": 1.0,
          "states": 240
        },
        "count_delta_vs_true": {
          "ci95": [
            0.19479166666666667,
            0.2875
          ],
          "mean": 0.240625,
          "median_state_mean": 0.25,
          "states": 240
        },
        "elite_recall": {
          "ci95": [
            0.19746484374999998,
            0.20383680555555556
          ],
          "mean": 0.2006423611111111,
          "median_state_mean": 0.19999999999999998,
          "states": 240
        },
        "success_precision": {
          "ci95": [
            0.18506901041666668,
            0.24010460069444442
          ],
          "mean": 0.21300347222222224,
          "median_state_mean": 0.15625,
          "states": 240
        },
        "success_recall": {
          "ci95": [
            0.18539456384955288,
            0.20726743785626148
          ],
          "mean": 0.19598495949867276,
          "median_state_mean": 0.19567901234567903,
          "states": 169
        },
        "successful_component_coverage": {
          "ci95": [
            0.9721400394477318,
            0.9901380670611438
          ],
          "mean": 0.9817554240631164,
          "median_state_mean": 1.0,
          "states": 169
        }
      },
      "successful_true_count": {
        "ci95": [
          0.553125,
          0.6708333333333333
        ],
        "mean": 0.6114583333333333,
        "median_state_mean": 0.75,
        "states": 240
      },
      "true_count": {
        "ci95": [
          1.0395833333333333,
          1.075
        ],
        "mean": 1.05625,
        "median_state_mean": 1.0,
        "states": 240
      }
    },
    "k8_r0.05": {
      "consensus": {
        "component_coverage": {
          "ci95": [
            0.22174176366168555,
            0.2667404305041023
          ],
          "mean": 0.2442681595025345,
          "median_state_mean": 0.22168803418803418,
          "states": 240
        },
        "count_delta_vs_true": {
          "ci95": [
            -4.180208333333334,
            -3.388541666666667
          ],
          "mean": -3.784375,
          "median_state_mean": -3.5,
          "states": 240
        },
        "elite_recall": {
          "ci95": [
            0.14118055555555556,
            0.16805555555555554
          ],
          "mean": 0.15451388888888887,
          "median_state_mean": 0.15,
          "states": 240
        },
        "success_precision": {
          "ci95": [
            0.3416649305555556,
            0.4365277777777778
          ],
          "mean": 0.38833333333333336,
          "median_state_mean": 0.31666666666666665,
          "states": 240
        },
        "success_recall": {
          "ci95": [
            0.1433541909764616,
            0.1759915333990844
          ],
          "mean": 0.15954662600803304,
          "median_state_mean": 0.13224554341575617,
          "states": 169
        },
        "successful_component_coverage": {
          "ci95": [
            0.278046377042309,
            0.33975981810486244
          ],
          "mean": 0.3083362656957332,
          "median_state_mean": 0.3,
          "states": 169
        }
      },
      "k10": {
        "component_coverage": {
          "ci95": [
            0.2870979015920421,
            0.33545582369019866
          ],
          "mean": 0.31120794136419133,
          "median_state_mean": 0.30230082417582416,
          "states": 240
        },
        "count_delta_vs_true": {
          "ci95": [
            -1.5885416666666667,
            -0.9364583333333333
          ],
          "mean": -1.259375,
          "median_state_mean": -1.0,
          "states": 240
        },
        "elite_recall": {
          "ci95": [
            0.19777777777777777,
            0.23493055555555553
          ],
          "mean": 0.21604166666666663,
          "median_state_mean": 0.19999999999999998,
          "states": 240
        },
        "success_precision": {
          "ci95": [
            0.3439583333333333,
            0.4363194444444444
          ],
          "mean": 0.39013888888888887,
          "median_state_mean": 0.31666666666666665,
          "states": 240
        },
        "success_recall": {
          "ci95": [
            0.17603183205296544,
            0.2255282387053284
          ],
          "mean": 0.19993625980126883,
          "median_state_mean": 0.16326530612244897,
          "states": 169
        },
        "successful_component_coverage": {
          "ci95": [
            0.31521305798765115,
            0.3811607577990714
          ],
          "mean": 0.34783199213672583,
          "median_state_mean": 0.32738095238095233,
          "states": 169
        }
      },
      "k3": {
        "component_coverage": {
          "ci95": [
            0.18484041501033688,
            0.23066974084942835
          ],
          "mean": 0.2073862537925038,
          "median_state_mean": 0.1690947940947941,
          "states": 240
        },
        "count_delta_vs_true": {
          "ci95": [
            -5.761458333333334,
            -5.097916666666666
          ],
          "mean": -5.428125,
          "median_state_mean": -5.5,
          "states": 240
        },
        "elite_recall": {
          "ci95": [
            0.11201388888888889,
            0.13666666666666666
          ],
          "mean": 0.124375,
          "median_state_mean": 0.11666666666666667,
          "states": 240
        },
        "success_precision": {
          "ci95": [
            0.31388888888888894,
            0.40673611111111113
          ],
          "mean": 0.3595833333333333,
          "median_state_mean": 0.23333333333333334,
          "states": 240
        },
        "success_recall": {
          "ci95": [
            0.12338038775068053,
            0.15358558351559426
          ],
          "mean": 0.13823468333342798,
          "median_state_mean": 0.11075679247405121,
          "states": 169
        },
        "successful_component_coverage": {
          "ci95": [
            0.23574470206404377,
            0.29787667621524866
          ],
          "mean": 0.2665642269192566,
          "median_state_mean": 0.2222222222222222,
          "states": 169
        }
      },
      "minrank": {
        "component_coverage": {
          "ci95": [
            0.26337660552699615,
            0.3076911939333814
          ],
          "mean": 0.2852678542522292,
          "median_state_mean": 0.2775793650793651,
          "states": 240
        },
        "count_delta_vs_true": {
          "ci95": [
            -4.771875,
            -3.9697916666666666
          ],
          "mean": -4.372916666666667,
          "median_state_mean": -4.5,
          "states": 240
        },
        "elite_recall": {
          "ci95": [
            0.17041666666666666,
            0.19749999999999995
          ],
          "mean": 0.18395833333333333,
          "median_state_mean": 0.18333333333333332,
          "states": 240
        },
        "success_precision": {
          "ci95": [
            0.3356232638888889,
            0.42624999999999996
          ],
          "mean": 0.38090277777777776,
          "median_state_mean": 0.3,
          "states": 240
        },
        "success_recall": {
          "ci95": [
            0.1648792237632106,
            0.21006909435781038
          ],
          "mean": 0.18632889804698216,
          "median_state_mean": 0.1453121902118379,
          "states": 169
        },
        "successful_component_coverage": {
          "ci95": [
            0.310090937306174,
            0.3757130212954916
          ],
          "mean": 0.3419373484832065,
          "median_state_mean": 0.32916666666666666,
          "states": 169
        }
      },
      "shuffle": {
        "component_coverage": {
          "ci95": [
            0.10901696654040405,
            0.13537793933497058
          ],
          "mean": 0.12196510665260665,
          "median_state_mean": 0.08694673382173382,
          "states": 240
        },
        "count_delta_vs_true": {
          "ci95": [
            1.5166666666666666,
            2.1416666666666666
          ],
          "mean": 1.828125,
          "median_state_mean": 2.0,
          "states": 240
        },
        "elite_recall": {
          "ci95": [
            0.04479166666666667,
            0.05111111111111111
          ],
          "mean": 0.04791666666666667,
          "median_state_mean": 0.05,
          "states": 240
        },
        "success_precision": {
          "ci95": [
            0.18749826388888888,
            0.2436111111111111
          ],
          "mean": 0.2152777777777778,
          "median_state_mean": 0.15000000000000002,
          "states": 240
        },
        "success_recall": {
          "ci95": [
            0.0453469408670469,
            0.05849921691772498
          ],
          "mean": 0.050910957222890185,
          "median_state_mean": 0.047550597951417375,
          "states": 169
        },
        "successful_component_coverage": {
          "ci95": [
            0.12846332637475388,
            0.17356949007189387
          ],
          "mean": 0.1500863110700389,
          "median_state_mean": 0.1,
          "states": 169
        }
      },
      "successful_true_count": {
        "ci95": [
          4.129166666666666,
          5.1125
        ],
        "mean": 4.617708333333334,
        "median_state_mean": 4.5,
        "states": 240
      },
      "true_count": {
        "ci95": [
          8.328125,
          8.778125
        ],
        "mean": 8.552083333333334,
        "median_state_mean": 8.5,
        "states": 240
      }
    },
    "k8_r0.1": {
      "consensus": {
        "component_coverage": {
          "ci95": [
            0.38435221396798946,
            0.4445579251483282
          ],
          "mean": 0.4144584848953077,
          "median_state_mean": 0.42356853672643147,
          "states": 240
        },
        "count_delta_vs_true": {
          "ci95": [
            -5.928125,
            -5.023958333333334
          ],
          "mean": -5.475,
          "median_state_mean": -5.5,
          "states": 240
        },
        "elite_recall": {
          "ci95": [
            0.21861111111111112,
            0.2521180555555555
          ],
          "mean": 0.23534722222222224,
          "median_state_mean": 0.24166666666666664,
          "states": 240
        },
        "success_precision": {
          "ci95": [
            0.3221875,
            0.41350694444444447
          ],
          "mean": 0.36725694444444446,
          "median_state_mean": 0.2958333333333334,
          "states": 240
        },
        "success_recall": {
          "ci95": [
            0.23588563585810707,
            0.27564231646328036
          ],
          "mean": 0.25582053829727325,
          "median_state_mean": 0.2355088224392698,
          "states": 169
        },
        "successful_component_coverage": {
          "ci95": [
            0.5037489083816779,
            0.5766150807621148
          ],
          "mean": 0.5402802073879321,
          "median_state_mean": 0.5515151515151515,
          "states": 169
        }
      },
      "k10": {
        "component_coverage": {
          "ci95": [
            0.45307628518794896,
            0.5098101422046581
          ],
          "mean": 0.48179462145575724,
          "median_state_mean": 0.4929563492063492,
          "states": 240
        },
        "count_delta_vs_true": {
          "ci95": [
            -2.409375,
            -1.484375
          ],
          "mean": -1.9385416666666666,
          "median_state_mean": -1.5,
          "states": 240
        },
        "elite_recall": {
          "ci95": [
            0.27586805555555555,
            0.3167361111111111
          ],
          "mean": 0.2962152777777778,
          "median_state_mean": 0.29166666666666663,
          "states": 240
        },
        "success_precision": {
          "ci95": [
            0.3252421875,
            0.4138203124999999
          ],
          "mean": 0.369375,
          "median_state_mean": 0.275,
          "states": 240
        },
        "success_recall": {
          "ci95": [
            0.2785517070655269,
            0.3337019018103735
          ],
          "mean": 0.305367415202452,
          "median_state_mean": 0.2748999230509852,
          "states": 169
        },
        "successful_component_coverage": {
          "ci95": [
            0.5391287569225869,
            0.6082876967994074
          ],
          "mean": 0.5734609666273798,
          "median_state_mean": 0.5714285714285714,
          "states": 169
        }
      },
      "k3": {
        "component_coverage": {
          "ci95": [
            0.3341313004482358,
            0.3958066276563276
          ],
          "mean": 0.3648644280484451,
          "median_state_mean": 0.32335633116883117,
          "states": 240
        },
        "count_delta_vs_true": {
          "ci95": [
            -6.603151041666667,
            -5.760416666666667
          ],
          "mean": -6.179166666666666,
          "median_state_mean": -6.0,
          "states": 240
        },
        "elite_recall": {
          "ci95": [
            0.17427083333333332,
            0.2053480902777777
          ],
          "mean": 0.18975694444444444,
          "median_state_mean": 0.18333333333333332,
          "states": 240
        },
        "success_precision": {
          "ci95": [
            0.2984713541666667,
            0.3857647569444444
          ],
          "mean": 0.3420833333333333,
          "median_state_mean": 0.24166666666666667,
          "states": 240
        },
        "success_recall": {
          "ci95": [
            0.20407190016401625,
            0.24154834040904022
          ],
          "mean": 0.22280225927923766,
          "median_state_mean": 0.2047195811809201,
          "states": 169
        },
        "successful_component_coverage": {
          "ci95": [
            0.4479236809074972,
            0.5264928379299374
          ],
          "mean": 0.4872280556970822,
          "median_state_mean": 0.4761904761904762,
          "states": 169
        }
      },
      "minrank": {
        "component_coverage": {
          "ci95": [
            0.4271968884558952,
            0.4814949624399061
          ],
          "mean": 0.45436692671345824,
          "median_state_mean": 0.46066919191919187,
          "states": 240
        },
        "count_delta_vs_true": {
          "ci95": [
            -5.65,
            -4.725
          ],
          "mean": -5.1875,
          "median_state_mean": -5.0,
          "states": 240
        },
        "elite_recall": {
          "ci95": [
            0.2477777777777778,
            0.2788194444444444
          ],
          "mean": 0.2632986111111111,
          "median_state_mean": 0.275,
          "states": 240
        },
        "success_precision": {
          "ci95": [
            0.3196180555555556,
            0.40822916666666664
          ],
          "mean": 0.3634027777777778,
          "median_state_mean": 0.2833333333333333,
          "states": 240
        },
        "success_recall": {
          "ci95": [
            0.27240046873542223,
            0.3198264773354727
          ],
          "mean": 0.29535969538062967,
          "median_state_mean": 0.2711481416523052,
          "states": 169
        },
        "successful_component_coverage": {
          "ci95": [
            0.5275084958466204,
            0.5974340406292339
          ],
          "mean": 0.5627967194436775,
          "median_state_mean": 0.5714285714285714,
          "states": 169
        }
      },
      "shuffle": {
        "component_coverage": {
          "ci95": [
            0.3321428022273036,
            0.37999941220715094
          ],
          "mean": 0.3555343832365891,
          "median_state_mean": 0.30793650793650795,
          "states": 240
        },
        "count_delta_vs_true": {
          "ci95": [
            4.351041666666666,
            5.403125
          ],
          "mean": 4.876041666666667,
          "median_state_mean": 5.0,
          "states": 240
        },
        "elite_recall": {
          "ci95": [
            0.09642361111111111,
            0.1029861111111111
          ],
          "mean": 0.09968749999999998,
          "median_state_mean": 0.09999999999999999,
          "states": 240
        },
        "success_precision": {
          "ci95": [
            0.18676996527777776,
            0.24305555555555552
          ],
          "mean": 0.2145138888888889,
          "median_state_mean": 0.15416666666666667,
          "states": 240
        },
        "success_recall": {
          "ci95": [
            0.09319179332714458,
            0.11057921244831018
          ],
          "mean": 0.10116697602071992,
          "median_state_mean": 0.09714892654690538,
          "states": 169
        },
        "successful_component_coverage": {
          "ci95": [
            0.42076759838028976,
            0.4924782530546366
          ],
          "mean": 0.45571101491409904,
          "median_state_mean": 0.4348370927318295,
          "states": 169
        }
      },
      "successful_true_count": {
        "ci95": [
          3.6927083333333335,
          4.746875
        ],
        "mean": 4.2125,
        "median_state_mean": 3.25,
        "states": 240
      },
      "true_count": {
        "ci95": [
          7.891640625,
          8.6375
        ],
        "mean": 8.267708333333333,
        "median_state_mean": 8.25,
        "states": 240
      }
    },
    "k8_r0.2": {
      "consensus": {
        "component_coverage": {
          "ci95": [
            0.6162556117979493,
            0.6758148251078393
          ],
          "mean": 0.6460997196997027,
          "median_state_mean": 0.6909722222222222,
          "states": 240
        },
        "count_delta_vs_true": {
          "ci95": [
            -2.940625,
            -2.396875
          ],
          "mean": -2.6625,
          "median_state_mean": -2.5,
          "states": 240
        },
        "elite_recall": {
          "ci95": [
            0.3490625,
            0.3881770833333333
          ],
          "mean": 0.3688020833333333,
          "median_state_mean": 0.38958333333333334,
          "states": 240
        },
        "success_precision": {
          "ci95": [
            0.2962152777777778,
            0.38100737847222216
          ],
          "mean": 0.3384201388888889,
          "median_state_mean": 0.2666666666666667,
          "states": 240
        },
        "success_recall": {
          "ci95": [
            0.3935325406064788,
            0.4381094849290372
          ],
          "mean": 0.41582563651121535,
          "median_state_mean": 0.4119892485412039,
          "states": 169
        },
        "successful_component_coverage": {
          "ci95": [
            0.7491753878748232,
            0.8061748162890093
          ],
          "mean": 0.7777320789134854,
          "median_state_mean": 0.7999999999999999,
          "states": 169
        }
      },
      "k10": {
        "component_coverage": {
          "ci95": [
            0.6656189937994751,
            0.7207045528096689
          ],
          "mean": 0.6931685092902817,
          "median_state_mean": 0.7315705128205128,
          "states": 240
        },
        "count_delta_vs_true": {
          "ci95": [
            -1.26875,
            -0.6427083333333333
          ],
          "mean": -0.953125,
          "median_state_mean": -0.75,
          "states": 240
        },
        "elite_recall": {
          "ci95": [
            0.4007981770833333,
            0.44283029513888883
          ],
          "mean": 0.42203124999999997,
          "median_state_mean": 0.44166666666666665,
          "states": 240
        },
        "success_precision": {
          "ci95": [
            0.2976731770833333,
            0.37984418402777775
          ],
          "mean": 0.33848958333333334,
          "median_state_mean": 0.25416666666666665,
          "states": 240
        },
        "success_recall": {
          "ci95": [
            0.4353896992309626,
            0.4897699430357337
          ],
          "mean": 0.4624411196580503,
          "median_state_mean": 0.4536302607214857,
          "states": 169
        },
        "successful_component_coverage": {
          "ci95": [
            0.7714339224722769,
            0.8291640332960541
          ],
          "mean": 0.800417418839567,
          "median_state_mean": 0.8333333333333333,
          "states": 169
        }
      },
      "k3": {
        "component_coverage": {
          "ci95": [
            0.5789306089088215,
            0.6405760675322747
          ],
          "mean": 0.6093341591012895,
          "median_state_mean": 0.6333333333333333,
          "states": 240
        },
        "count_delta_vs_true": {
          "ci95": [
            -3.003125,
            -2.46875
          ],
          "mean": -2.7291666666666665,
          "median_state_mean": -2.5,
          "states": 240
        },
        "elite_recall": {
          "ci95": [
            0.2872738715277777,
            0.3242018229166666
          ],
          "mean": 0.30576388888888884,
          "median_state_mean": 0.3208333333333333,
          "states": 240
        },
        "success_precision": {
          "ci95": [
            0.2778294270833333,
            0.3588020833333333
          ],
          "mean": 0.31749999999999995,
          "median_state_mean": 0.2375,
          "states": 240
        },
        "success_recall": {
          "ci95": [
            0.3353670770360545,
            0.38017202638296027
          ],
          "mean": 0.35814565196963105,
          "median_state_mean": 0.3670568955042338,
          "states": 169
        },
        "successful_component_coverage": {
          "ci95": [
            0.7214421321600678,
            0.7848436454156277
          ],
          "mean": 0.7534334131379528,
          "median_state_mean": 0.7857142857142857,
          "states": 169
        }
      },
      "minrank": {
        "component_coverage": {
          "ci95": [
            0.6319430170545176,
            0.686713639837491
          ],
          "mean": 0.6594711164194609,
          "median_state_mean": 0.6875,
          "states": 240
        },
        "count_delta_vs_true": {
          "ci95": [
            -2.7958333333333334,
            -2.2395833333333335
          ],
          "mean": -2.5104166666666665,
          "median_state_mean": -2.25,
          "states": 240
        },
        "elite_recall": {
          "ci95": [
            0.3671527777777778,
            0.40269140624999994
          ],
          "mean": 0.3849305555555555,
          "median_state_mean": 0.41041666666666665,
          "states": 240
        },
        "success_precision": {
          "ci95": [
            0.29463498263888893,
            0.3777087673611111
          ],
          "mean": 0.3354861111111111,
          "median_state_mean": 0.2520833333333333,
          "states": 240
        },
        "success_recall": {
          "ci95": [
            0.42218807996503926,
            0.47050402929147783
          ],
          "mean": 0.4456817476341814,
          "median_state_mean": 0.4462627333783219,
          "states": 169
        },
        "successful_component_coverage": {
          "ci95": [
            0.7563784908490971,
            0.8138829771272448
          ],
          "mean": 0.785435936070898,
          "median_state_mean": 0.8125,
          "states": 169
        }
      },
      "shuffle": {
        "component_coverage": {
          "ci95": [
            0.5860785659786237,
            0.6410215989082146
          ],
          "mean": 0.6138841845004687,
          "median_state_mean": 0.6118055555555556,
          "states": 240
        },
        "count_delta_vs_true": {
          "ci95": [
            3.6729166666666666,
            4.539583333333334
          ],
          "mean": 4.114583333333333,
          "median_state_mean": 4.25,
          "states": 240
        },
        "elite_recall": {
          "ci95": [
            0.19746527777777778,
            0.20387196180555556
          ],
          "mean": 0.2006423611111111,
          "median_state_mean": 0.19999999999999998,
          "states": 240
        },
        "success_precision": {
          "ci95": [
            0.18532942708333333,
            0.24175390624999996
          ],
          "mean": 0.21300347222222224,
          "median_state_mean": 0.15625,
          "states": 240
        },
        "success_recall": {
          "ci95": [
            0.18539874782914675,
            0.2072025038938694
          ],
          "mean": 0.19598495949867276,
          "median_state_mean": 0.19567901234567903,
          "states": 169
        },
        "successful_component_coverage": {
          "ci95": [
            0.7248096959674204,
            0.7862668973633179
          ],
          "mean": 0.7558634876079846,
          "median_state_mean": 0.7666666666666666,
          "states": 169
        }
      },
      "successful_true_count": {
        "ci95": [
          1.5937239583333334,
          2.189583333333333
        ],
        "mean": 1.8791666666666667,
        "median_state_mean": 1.0,
        "states": 240
      },
      "true_count": {
        "ci95": [
          3.7333333333333334,
          4.269791666666666
        ],
        "mean": 3.9927083333333333,
        "median_state_mean": 3.75,
        "states": 240
      }
    }
  },
  "elite_for_basis": 30,
  "folds": 4,
  "geometry": "full",
  "max_k3_recompute_mismatch": 36.40235900878906,
  "neighbors": [
    8,
    12,
    20
  ],
  "num_rounds": 4,
  "num_states": 240,
  "persistence": {
    "k12_p0.05": {
      "consensus": {
        "count": {
          "ci95": [
            1.372890625,
            1.7427083333333333
          ],
          "mean": 1.5541666666666667,
          "median_state_mean": 1.25,
          "states": 240
        },
        "count_delta_vs_true": {
          "ci95": [
            -4.136458333333334,
            -3.469765625000002
          ],
          "mean": -3.8020833333333335,
          "median_state_mean": -3.5,
          "states": 240
        },
        "fidelity_vs_shuffle": 0.3735093788736712,
        "persistence_l1": {
          "ci95": [
            0.0015909238408034214,
            0.0017933378588233537
          ],
          "mean": 0.0016900910877208678,
          "median_state_mean": 0.0014764935515262693,
          "states": 240
        }
      },
      "k10": {
        "count": {
          "ci95": [
            3.50625,
            3.95
          ],
          "mean": 3.728125,
          "median_state_mean": 3.75,
          "states": 240
        },
        "count_delta_vs_true": {
          "ci95": [
            -1.9447916666666667,
            -1.3208072916666689
          ],
          "mean": -1.628125,
          "median_state_mean": -1.5,
          "states": 240
        },
        "fidelity_vs_shuffle": 0.49260790131775,
        "persistence_l1": {
          "ci95": [
            0.0012872825690801372,
            0.0014559636846903279
          ],
          "mean": 0.0013687976085278687,
          "median_state_mean": 0.0012080401785214932,
          "states": 240
        }
      },
      "k3": {
        "count": {
          "ci95": [
            0.7875,
            1.09375
          ],
          "mean": 0.9354166666666667,
          "median_state_mean": 0.5,
          "states": 240
        },
        "count_delta_vs_true": {
          "ci95": [
            -4.732291666666667,
            -4.123958333333333
          ],
          "mean": -4.420833333333333,
          "median_state_mean": -4.25,
          "states": 240
        },
        "fidelity_vs_shuffle": 0.30499155620629637,
        "persistence_l1": {
          "ci95": [
            0.0017754590273039452,
            0.0019783886296014584
          ],
          "mean": 0.0018749324205918653,
          "median_state_mean": 0.001725372199416114,
          "states": 240
        }
      },
      "minrank": {
        "count": {
          "ci95": [
            1.4197916666666666,
            1.8447916666666666
          ],
          "mean": 1.6260416666666666,
          "median_state_mean": 1.25,
          "states": 240
        },
        "count_delta_vs_true": {
          "ci95": [
            -4.065625,
            -3.403125
          ],
          "mean": -3.730208333333333,
          "median_state_mean": -3.5,
          "states": 240
        },
        "fidelity_vs_shuffle": 0.343772540178205,
        "persistence_l1": {
          "ci95": [
            0.0016742667284668704,
            0.0018739096994627202
          ],
          "mean": 0.0017703125058258112,
          "median_state_mean": 0.0016037292647733247,
          "states": 240
        }
      },
      "shuffle": {
        "count": {
          "ci95": [
            9.4875,
            10.101041666666667
          ],
          "mean": 9.790625,
          "median_state_mean": 9.75,
          "states": 240
        },
        "count_delta_vs_true": {
          "ci95": [
            4.035416666666666,
            4.830208333333333
          ],
          "mean": 4.434375,
          "median_state_mean": 4.5,
          "states": 240
        },
        "fidelity_vs_shuffle": 0.0,
        "persistence_l1": {
          "ci95": [
            0.002594442514159051,
            0.0028023677494286043
          ],
          "mean": 0.0026977117146340644,
          "median_state_mean": 0.0026090312188901685,
          "states": 240
        }
      },
      "true_count": {
        "ci95": [
          5.094791666666667,
          5.617708333333334
        ],
        "mean": 5.35625,
        "median_state_mean": 5.0,
        "states": 240
      }
    },
    "k12_p0.1": {
      "consensus": {
        "count": {
          "ci95": [
            0.20104166666666667,
            0.3271093749999977
          ],
          "mean": 0.26145833333333335,
          "median_state_mean": 0.0,
          "states": 240
        },
        "count_delta_vs_true": {
          "ci95": [
            -1.5469010416666666,
            -1.21875
          ],
          "mean": -1.3791666666666667,
          "median_state_mean": -1.25,
          "states": 240
        },
        "fidelity_vs_shuffle": 0.3735093788736712,
        "persistence_l1": {
          "ci95": [
            0.0015905725443973407,
            0.001792567686603058
          ],
          "mean": 0.0016900910877208678,
          "median_state_mean": 0.0014764935515262693,
          "states": 240
        }
      },
      "k10": {
        "count": {
          "ci95": [
            0.903125,
            1.1
          ],
          "mean": 1.0,
          "median_state_mean": 1.0,
          "states": 240
        },
        "count_delta_vs_true": {
          "ci95": [
            -0.8083333333333333,
            -0.4791666666666667
          ],
          "mean": -0.640625,
          "median_state_mean": -0.5,
          "states": 240
        },
        "fidelity_vs_shuffle": 0.49260790131775,
        "persistence_l1": {
          "ci95": [
            0.0012886327007900734,
            0.0014558014358526936
          ],
          "mean": 0.0013687976085278687,
          "median_state_mean": 0.0012080401785214932,
          "states": 240
        }
      },
      "k3": {
        "count": {
          "ci95": [
            0.13333333333333333,
            0.22916666666666666
          ],
          "mean": 0.17916666666666667,
          "median_state_mean": 0.0,
          "states": 240
        },
        "count_delta_vs_true": {
          "ci95": [
            -1.6239583333333334,
            -1.3072916666666667
          ],
          "mean": -1.4614583333333333,
          "median_state_mean": -1.25,
          "states": 240
        },
        "fidelity_vs_shuffle": 0.30499155620629637,
        "persistence_l1": {
          "ci95": [
            0.0017774304817619491,
            0.0019794707740032735
          ],
          "mean": 0.0018749324205918653,
          "median_state_mean": 0.001725372199416114,
          "states": 240
        }
      },
      "minrank": {
        "count": {
          "ci95": [
            0.26145833333333335,
            0.40625
          ],
          "mean": 0.33125,
          "median_state_mean": 0.0,
          "states": 240
        },
        "count_delta_vs_true": {
          "ci95": [
            -1.4760677083333333,
            -1.1458333333333333
          ],
          "mean": -1.309375,
          "median_state_mean": -1.25,
          "states": 240
        },
        "fidelity_vs_shuffle": 0.343772540178205,
        "persistence_l1": {
          "ci95": [
            0.0016718207616991609,
            0.0018722647817138512
          ],
          "mean": 0.0017703125058258112,
          "median_state_mean": 0.0016037292647733247,
          "states": 240
        }
      },
      "shuffle": {
        "count": {
          "ci95": [
            4.240625,
            4.639583333333333
          ],
          "mean": 4.438541666666667,
          "median_state_mean": 4.5,
          "states": 240
        },
        "count_delta_vs_true": {
          "ci95": [
            2.5541666666666667,
            3.0385416666666667
          ],
          "mean": 2.7979166666666666,
          "median_state_mean": 2.75,
          "states": 240
        },
        "fidelity_vs_shuffle": 0.0,
        "persistence_l1": {
          "ci95": [
            0.0025963306595190956,
            0.0028016325320745854
          ],
          "mean": 0.0026977117146340644,
          "median_state_mean": 0.0026090312188901685,
          "states": 240
        }
      },
      "true_count": {
        "ci95": [
          1.4989583333333334,
          1.7916666666666667
        ],
        "mean": 1.640625,
        "median_state_mean": 1.5,
        "states": 240
      }
    },
    "k12_p0.2": {
      "consensus": {
        "count": {
          "ci95": [
            0.00625,
            0.021875
          ],
          "mean": 0.013541666666666667,
          "median_state_mean": 0.0,
          "states": 240
        },
        "count_delta_vs_true": {
          "ci95": [
            -0.16875,
            -0.10208333333333333
          ],
          "mean": -0.134375,
          "median_state_mean": 0.0,
          "states": 240
        },
        "fidelity_vs_shuffle": 0.3735093788736712,
        "persistence_l1": {
          "ci95": [
            0.0015925527375719138,
            0.0017939545209225847
          ],
          "mean": 0.0016900910877208678,
          "median_state_mean": 0.0014764935515262693,
          "states": 240
        }
      },
      "k10": {
        "count": {
          "ci95": [
            0.058333333333333334,
            0.103125
          ],
          "mean": 0.08020833333333334,
          "median_state_mean": 0.0,
          "states": 240
        },
        "count_delta_vs_true": {
          "ci95": [
            -0.10729166666666666,
            -0.030208333333333334
          ],
          "mean": -0.06770833333333333,
          "median_state_mean": 0.0,
          "states": 240
        },
        "fidelity_vs_shuffle": 0.49260790131775,
        "persistence_l1": {
          "ci95": [
            0.0012872927642494677,
            0.0014547053095043678
          ],
          "mean": 0.0013687976085278687,
          "median_state_mean": 0.0012080401785214932,
          "states": 240
        }
      },
      "k3": {
        "count": {
          "ci95": [
            0.005208333333333333,
            0.020833333333333332
          ],
          "mean": 0.0125,
          "median_state_mean": 0.0,
          "states": 240
        },
        "count_delta_vs_true": {
          "ci95": [
            -0.16875,
            -0.10416666666666667
          ],
          "mean": -0.13541666666666666,
          "median_state_mean": 0.0,
          "states": 240
        },
        "fidelity_vs_shuffle": 0.30499155620629637,
        "persistence_l1": {
          "ci95": [
            0.0017757293449364845,
            0.0019807215756348735
          ],
          "mean": 0.0018749324205918653,
          "median_state_mean": 0.001725372199416114,
          "states": 240
        }
      },
      "minrank": {
        "count": {
          "ci95": [
            0.016666666666666666,
            0.04583333333333333
          ],
          "mean": 0.030208333333333334,
          "median_state_mean": 0.0,
          "states": 240
        },
        "count_delta_vs_true": {
          "ci95": [
            -0.15416666666666667,
            -0.08229166666666667
          ],
          "mean": -0.11770833333333333,
          "median_state_mean": 0.0,
          "states": 240
        },
        "fidelity_vs_shuffle": 0.343772540178205,
        "persistence_l1": {
          "ci95": [
            0.0016746742439495456,
            0.0018725106309399968
          ],
          "mean": 0.0017703125058258112,
          "median_state_mean": 0.0016037292647733247,
          "states": 240
        }
      },
      "shuffle": {
        "count": {
          "ci95": [
            0.6541666666666667,
            0.7729166666666667
          ],
          "mean": 0.7125,
          "median_state_mean": 0.75,
          "states": 240
        },
        "count_delta_vs_true": {
          "ci95": [
            0.496875,
            0.634375
          ],
          "mean": 0.5645833333333333,
          "median_state_mean": 0.5,
          "states": 240
        },
        "fidelity_vs_shuffle": 0.0,
        "persistence_l1": {
          "ci95": [
            0.002596351632438862,
            0.0028019380958639543
          ],
          "mean": 0.0026977117146340644,
          "median_state_mean": 0.0026090312188901685,
          "states": 240
        }
      },
      "true_count": {
        "ci95": [
          0.11770833333333333,
          0.18229166666666666
        ],
        "mean": 0.14791666666666667,
        "median_state_mean": 0.0,
        "states": 240
      }
    },
    "k20_p0.05": {
      "consensus": {
        "count": {
          "ci95": [
            0.4,
            0.5447916666666667
          ],
          "mean": 0.4708333333333333,
          "median_state_mean": 0.25,
          "states": 240
        },
        "count_delta_vs_true": {
          "ci95": [
            -1.346875,
            -1.0354166666666667
          ],
          "mean": -1.1885416666666666,
          "median_state_mean": -1.0,
          "states": 240
        },
        "fidelity_vs_shuffle": 0.4072290703646636,
        "persistence_l1": {
          "ci95": [
            0.000608109517324564,
            0.0006844751223886385
          ],
          "mean": 0.0006454765606648695,
          "median_state_mean": 0.000590038142750081,
          "states": 240
        }
      },
      "k10": {
        "count": {
          "ci95": [
            0.98125,
            1.1708333333333334
          ],
          "mean": 1.0739583333333333,
          "median_state_mean": 1.0,
          "states": 240
        },
        "count_delta_vs_true": {
          "ci95": [
            -0.73125,
            -0.4395833333333333
          ],
          "mean": -0.5854166666666667,
          "median_state_mean": -0.5,
          "states": 240
        },
        "fidelity_vs_shuffle": 0.46902285567539803,
        "persistence_l1": {
          "ci95": [
            0.0005457849907532727,
            0.0006124914011028959
          ],
          "mean": 0.0005781884430822922,
          "median_state_mean": 0.0005369067460095524,
          "states": 240
        }
      },
      "k3": {
        "count": {
          "ci95": [
            0.25,
            0.36354166666666665
          ],
          "mean": 0.30520833333333336,
          "median_state_mean": 0.0,
          "states": 240
        },
        "count_delta_vs_true": {
          "ci95": [
            -1.5,
            -1.2145833333333333
          ],
          "mean": -1.3541666666666667,
          "median_state_mean": -1.25,
          "states": 240
        },
        "fidelity_vs_shuffle": 0.3557609998287965,
        "persistence_l1": {
          "ci95": [
            0.0006628013575537933,
            0.000741951991588461
          ],
          "mean": 0.0007015208629284535,
          "median_state_mean": 0.0006557532913502086,
          "states": 240
        }
      },
      "minrank": {
        "count": {
          "ci95": [
            0.4739583333333333,
            0.6364583333333333
          ],
          "mean": 0.553125,
          "median_state_mean": 0.25,
          "states": 240
        },
        "count_delta_vs_true": {
          "ci95": [
            -1.265625,
            -0.9489583333333333
          ],
          "mean": -1.10625,
          "median_state_mean": -1.0,
          "states": 240
        },
        "fidelity_vs_shuffle": 0.37777135764423897,
        "persistence_l1": {
          "ci95": [
            0.0006409204851362588,
            0.0007168316769387366
          ],
          "mean": 0.0006775534762847545,
          "median_state_mean": 0.0006347803715842106,
          "states": 240
        }
      },
      "shuffle": {
        "count": {
          "ci95": [
            3.638541666666667,
            3.971875
          ],
          "mean": 3.8052083333333333,
          "median_state_mean": 3.75,
          "states": 240
        },
        "count_delta_vs_true": {
          "ci95": [
            1.9416666666666667,
            2.3520833333333333
          ],
          "mean": 2.1458333333333335,
          "median_state_mean": 2.0,
          "states": 240
        },
        "fidelity_vs_shuffle": 0.0,
        "persistence_l1": {
          "ci95": [
            0.001042633751300321,
            0.0011345889354332352
          ],
          "mean": 0.0010889139942506236,
          "median_state_mean": 0.0010822026599255044,
          "states": 240
        }
      },
      "true_count": {
        "ci95": [
          1.5322916666666666,
          1.7895833333333333
        ],
        "mean": 1.659375,
        "median_state_mean": 1.5,
        "states": 240
      }
    },
    "k20_p0.1": {
      "consensus": {
        "count": {
          "ci95": [
            0.023958333333333335,
            0.05416666666666667
          ],
          "mean": 0.03854166666666667,
          "median_state_mean": 0.0,
          "states": 240
        },
        "count_delta_vs_true": {
          "ci95": [
            -0.2448177083333333,
            -0.15520833333333334
          ],
          "mean": -0.19895833333333332,
          "median_state_mean": 0.0,
          "states": 240
        },
        "fidelity_vs_shuffle": 0.4072290703646636,
        "persistence_l1": {
          "ci95": [
            0.0006080500940518935,
            0.0006846970857894954
          ],
          "mean": 0.0006454765606648695,
          "median_state_mean": 0.000590038142750081,
          "states": 240
        }
      },
      "k10": {
        "count": {
          "ci95": [
            0.09270833333333334,
            0.140625
          ],
          "mean": 0.115625,
          "median_state_mean": 0.0,
          "states": 240
        },
        "count_delta_vs_true": {
          "ci95": [
            -0.171875,
            -0.07291666666666667
          ],
          "mean": -0.121875,
          "median_state_mean": 0.0,
          "states": 240
        },
        "fidelity_vs_shuffle": 0.46902285567539803,
        "persistence_l1": {
          "ci95": [
            0.0005456687658229028,
            0.0006126772444752668
          ],
          "mean": 0.0005781884430822922,
          "median_state_mean": 0.0005369067460095524,
          "states": 240
        }
      },
      "k3": {
        "count": {
          "ci95": [
            0.012473958333333358,
            0.03333333333333333
          ],
          "mean": 0.021875,
          "median_state_mean": 0.0,
          "states": 240
        },
        "count_delta_vs_true": {
          "ci95": [
            -0.26145833333333335,
            -0.171875
          ],
          "mean": -0.215625,
          "median_state_mean": -0.25,
          "states": 240
        },
        "fidelity_vs_shuffle": 0.3557609998287965,
        "persistence_l1": {
          "ci95": [
            0.0006622074161176421,
            0.0007430125804894055
          ],
          "mean": 0.0007015208629284535,
          "median_state_mean": 0.0006557532913502086,
          "states": 240
        }
      },
      "minrank": {
        "count": {
          "ci95": [
            0.03333333333333333,
            0.06875
          ],
          "mean": 0.05,
          "median_state_mean": 0.0,
          "states": 240
        },
        "count_delta_vs_true": {
          "ci95": [
            -0.23541666666666666,
            -0.14270833333333333
          ],
          "mean": -0.1875,
          "median_state_mean": 0.0,
          "states": 240
        },
        "fidelity_vs_shuffle": 0.37777135764423897,
        "persistence_l1": {
          "ci95": [
            0.000640209444898081,
            0.0007161553002762832
          ],
          "mean": 0.0006775534762847545,
          "median_state_mean": 0.0006347803715842106,
          "states": 240
        }
      },
      "shuffle": {
        "count": {
          "ci95": [
            0.825,
            0.9802083333333333
          ],
          "mean": 0.9010416666666666,
          "median_state_mean": 0.75,
          "states": 240
        },
        "count_delta_vs_true": {
          "ci95": [
            0.575,
            0.753125
          ],
          "mean": 0.6635416666666667,
          "median_state_mean": 0.625,
          "states": 240
        },
        "fidelity_vs_shuffle": 0.0,
        "persistence_l1": {
          "ci95": [
            0.0010432157498238275,
            0.0011350780122705562
          ],
          "mean": 0.0010889139942506236,
          "median_state_mean": 0.0010822026599255044,
          "states": 240
        }
      },
      "true_count": {
        "ci95": [
          0.196875,
          0.28125
        ],
        "mean": 0.2375,
        "median_state_mean": 0.25,
        "states": 240
      }
    },
    "k20_p0.2": {
      "consensus": {
        "count": {
          "ci95": [
            0.0,
            0.003125
          ],
          "mean": 0.0010416666666666667,
          "median_state_mean": 0.0,
          "states": 240
        },
        "count_delta_vs_true": {
          "ci95": [
            -0.010416666666666666,
            0.0010416666666666667
          ],
          "mean": -0.004166666666666667,
          "median_state_mean": 0.0,
          "states": 240
        },
        "fidelity_vs_shuffle": 0.4072290703646636,
        "persistence_l1": {
          "ci95": [
            0.0006085289757198838,
            0.0006850454692900527
          ],
          "mean": 0.0006454765606648695,
          "median_state_mean": 0.000590038142750081,
          "states": 240
        }
      },
      "k10": {
        "count": {
          "ci95": [
            0.0010416666666666667,
            0.008333333333333333
          ],
          "mean": 0.004166666666666667,
          "median_state_mean": 0.0,
          "states": 240
        },
        "count_delta_vs_true": {
          "ci95": [
            -0.008333333333333333,
            0.005208333333333333
          ],
          "mean": -0.0010416666666666667,
          "median_state_mean": 0.0,
          "states": 240
        },
        "fidelity_vs_shuffle": 0.46902285567539803,
        "persistence_l1": {
          "ci95": [
            0.0005457150810207194,
            0.0006126772444752669
          ],
          "mean": 0.0005781884430822922,
          "median_state_mean": 0.0005369067460095524,
          "states": 240
        }
      },
      "k3": {
        "count": {
          "ci95": [
            0.0,
            0.005208333333333333
          ],
          "mean": 0.0020833333333333333,
          "median_state_mean": 0.0,
          "states": 240
        },
        "count_delta_vs_true": {
          "ci95": [
            -0.009375,
            0.0020833333333333333
          ],
          "mean": -0.003125,
          "median_state_mean": 0.0,
          "states": 240
        },
        "fidelity_vs_shuffle": 0.3557609998287965,
        "persistence_l1": {
          "ci95": [
            0.0006620684705241926,
            0.0007423836841869778
          ],
          "mean": 0.0007015208629284535,
          "median_state_mean": 0.0006557532913502086,
          "states": 240
        }
      },
      "minrank": {
        "count": {
          "ci95": [
            0.0,
            0.005208333333333333
          ],
          "mean": 0.0020833333333333333,
          "median_state_mean": 0.0,
          "states": 240
        },
        "count_delta_vs_true": {
          "ci95": [
            -0.009375,
            0.0020833333333333333
          ],
          "mean": -0.003125,
          "median_state_mean": 0.0,
          "states": 240
        },
        "fidelity_vs_shuffle": 0.37777135764423897,
        "persistence_l1": {
          "ci95": [
            0.0006405013180314911,
            0.0007162726903688623
          ],
          "mean": 0.0006775534762847545,
          "median_state_mean": 0.0006347803715842106,
          "states": 240
        }
      },
      "shuffle": {
        "count": {
          "ci95": [
            0.058333333333333334,
            0.09479166666666666
          ],
          "mean": 0.07604166666666666,
          "median_state_mean": 0.0,
          "states": 240
        },
        "count_delta_vs_true": {
          "ci95": [
            0.052083333333333336,
            0.08958333333333333
          ],
          "mean": 0.07083333333333333,
          "median_state_mean": 0.0,
          "states": 240
        },
        "fidelity_vs_shuffle": 0.0,
        "persistence_l1": {
          "ci95": [
            0.0010427726968937707,
            0.0011350555828980283
          ],
          "mean": 0.0010889139942506236,
          "median_state_mean": 0.0010822026599255044,
          "states": 240
        }
      },
      "true_count": {
        "ci95": [
          0.0010416666666666667,
          0.011458333333333333
        ],
        "mean": 0.005208333333333333,
        "median_state_mean": 0.0,
        "states": 240
      }
    },
    "k8_p0.05": {
      "consensus": {
        "count": {
          "ci95": [
            2.6166666666666667,
            3.328125
          ],
          "mean": 2.9614583333333333,
          "median_state_mean": 2.25,
          "states": 240
        },
        "count_delta_vs_true": {
          "ci95": [
            -8.339583333333334,
            -7.24375
          ],
          "mean": -7.7875,
          "median_state_mean": -7.5,
          "states": 240
        },
        "fidelity_vs_shuffle": 0.34482188766235533,
        "persistence_l1": {
          "ci95": [
            0.0034382477428477683,
            0.0038740370516921886
          ],
          "mean": 0.0036493113425278612,
          "median_state_mean": 0.003372445498372501,
          "states": 240
        }
      },
      "k10": {
        "count": {
          "ci95": [
            7.414557291666667,
            8.330234374999998
          ],
          "mean": 7.877083333333333,
          "median_state_mean": 8.0,
          "states": 240
        },
        "count_delta_vs_true": {
          "ci95": [
            -3.4604427083333333,
            -2.3020833333333335
          ],
          "mean": -2.871875,
          "median_state_mean": -2.75,
          "states": 240
        },
        "fidelity_vs_shuffle": 0.5143010745940202,
        "persistence_l1": {
          "ci95": [
            0.002528365291402408,
            0.002894393425875176
          ],
          "mean": 0.0027053202238602847,
          "median_state_mean": 0.0023559579870471247,
          "states": 240
        }
      },
      "k3": {
        "count": {
          "ci95": [
            1.4739583333333333,
            2.0375260416666645
          ],
          "mean": 1.74375,
          "median_state_mean": 1.0,
          "states": 240
        },
        "count_delta_vs_true": {
          "ci95": [
            -9.528125,
            -8.497916666666667
          ],
          "mean": -9.005208333333334,
          "median_state_mean": -9.0,
          "states": 240
        },
        "fidelity_vs_shuffle": 0.2757755087952708,
        "persistence_l1": {
          "ci95": [
            0.0038168106923673487,
            0.004257945474137128
          ],
          "mean": 0.004033896432925806,
          "median_state_mean": 0.0037415688862540686,
          "states": 240
        }
      },
      "minrank": {
        "count": {
          "ci95": [
            2.607265625,
            3.3697916666666665
          ],
          "mean": 2.982291666666667,
          "median_state_mean": 2.25,
          "states": 240
        },
        "count_delta_vs_true": {
          "ci95": [
            -8.317708333333334,
            -7.223958333333333
          ],
          "mean": -7.766666666666667,
          "median_state_mean": -7.5,
          "states": 240
        },
        "fidelity_vs_shuffle": 0.32203095550381666,
        "persistence_l1": {
          "ci95": [
            0.00356107360842347,
            0.004001627848122504
          ],
          "mean": 0.003776255765222611,
          "median_state_mean": 0.003550016219057952,
          "states": 240
        }
      },
      "shuffle": {
        "count": {
          "ci95": [
            17.053125,
            18.017708333333335
          ],
          "mean": 17.536458333333332,
          "median_state_mean": 17.75,
          "states": 240
        },
        "count_delta_vs_true": {
          "ci95": [
            6.146875,
            7.41875
          ],
          "mean": 6.7875,
          "median_state_mean": 7.375,
          "states": 240
        },
        "fidelity_vs_shuffle": 0.0,
        "persistence_l1": {
          "ci95": [
            0.005352136196742766,
            0.00578972888539651
          ],
          "mean": 0.0055699530765875105,
          "median_state_mean": 0.005434782608695652,
          "states": 240
        }
      },
      "true_count": {
        "ci95": [
          10.2875,
          11.216666666666667
        ],
        "mean": 10.748958333333333,
        "median_state_mean": 10.5,
        "states": 240
      }
    },
    "k8_p0.1": {
      "consensus": {
        "count": {
          "ci95": [
            0.6270833333333333,
            0.9479166666666666
          ],
          "mean": 0.78125,
          "median_state_mean": 0.25,
          "states": 240
        },
        "count_delta_vs_true": {
          "ci95": [
            -4.591692708333333,
            -3.845833333333333
          ],
          "mean": -4.211458333333334,
          "median_state_mean": -4.0,
          "states": 240
        },
        "fidelity_vs_shuffle": 0.34482188766235533,
        "persistence_l1": {
          "ci95": [
            0.0034338017751479283,
            0.0038755310809349634
          ],
          "mean": 0.0036493113425278612,
          "median_state_mean": 0.003372445498372501,
          "states": 240
        }
      },
      "k10": {
        "count": {
          "ci95": [
            3.121875,
            3.678125
          ],
          "mean": 3.396875,
          "median_state_mean": 3.25,
          "states": 240
        },
        "count_delta_vs_true": {
          "ci95": [
            -1.9958333333333333,
            -1.2041666666666666
          ],
          "mean": -1.5958333333333334,
          "median_state_mean": -1.25,
          "states": 240
        },
        "fidelity_vs_shuffle": 0.5143010745940202,
        "persistence_l1": {
          "ci95": [
            0.00252785262003035,
            0.00289354227488134
          ],
          "mean": 0.0027053202238602847,
          "median_state_mean": 0.0023559579870471247,
          "states": 240
        }
      },
      "k3": {
        "count": {
          "ci95": [
            0.42291666666666666,
            0.6719010416666644
          ],
          "mean": 0.54375,
          "median_state_mean": 0.0,
          "states": 240
        },
        "count_delta_vs_true": {
          "ci95": [
            -4.813567708333333,
            -4.102083333333334
          ],
          "mean": -4.448958333333334,
          "median_state_mean": -4.25,
          "states": 240
        },
        "fidelity_vs_shuffle": 0.2757755087952708,
        "persistence_l1": {
          "ci95": [
            0.003822496101367248,
            0.00425706140731088
          ],
          "mean": 0.004033896432925806,
          "median_state_mean": 0.0037415688862540686,
          "states": 240
        }
      },
      "minrank": {
        "count": {
          "ci95": [
            0.834375,
            1.228125
          ],
          "mean": 1.021875,
          "median_state_mean": 0.25,
          "states": 240
        },
        "count_delta_vs_true": {
          "ci95": [
            -4.353125,
            -3.595833333333333
          ],
          "mean": -3.970833333333333,
          "median_state_mean": -3.75,
          "states": 240
        },
        "fidelity_vs_shuffle": 0.32203095550381666,
        "persistence_l1": {
          "ci95": [
            0.003563131576175509,
            0.003997357237335152
          ],
          "mean": 0.003776255765222611,
          "median_state_mean": 0.003550016219057952,
          "states": 240
        }
      },
      "shuffle": {
        "count": {
          "ci95": [
            10.4625,
            11.278125
          ],
          "mean": 10.872916666666667,
          "median_state_mean": 10.75,
          "states": 240
        },
        "count_delta_vs_true": {
          "ci95": [
            5.36875,
            6.383359374999998
          ],
          "mean": 5.880208333333333,
          "median_state_mean": 6.25,
          "states": 240
        },
        "fidelity_vs_shuffle": 0.0,
        "persistence_l1": {
          "ci95": [
            0.005351901999138713,
            0.005790258742911152
          ],
          "mean": 0.0055699530765875105,
          "median_state_mean": 0.005434782608695652,
          "states": 240
        }
      },
      "true_count": {
        "ci95": [
          4.658333333333333,
          5.338541666666667
        ],
        "mean": 4.992708333333334,
        "median_state_mean": 5.0,
        "states": 240
      }
    },
    "k8_p0.2": {
      "consensus": {
        "count": {
          "ci95": [
            0.04375,
            0.1
          ],
          "mean": 0.06979166666666667,
          "median_state_mean": 0.0,
          "states": 240
        },
        "count_delta_vs_true": {
          "ci95": [
            -0.8739583333333333,
            -0.6541666666666667
          ],
          "mean": -0.759375,
          "median_state_mean": -0.5,
          "states": 240
        },
        "fidelity_vs_shuffle": 0.34482188766235533,
        "persistence_l1": {
          "ci95": [
            0.003433220359205527,
            0.003876169007244512
          ],
          "mean": 0.0036493113425278612,
          "median_state_mean": 0.003372445498372501,
          "states": 240
        }
      },
      "k10": {
        "count": {
          "ci95": [
            0.42083333333333334,
            0.5697916666666667
          ],
          "mean": 0.49375,
          "median_state_mean": 0.25,
          "states": 240
        },
        "count_delta_vs_true": {
          "ci95": [
            -0.4666666666666667,
            -0.2125
          ],
          "mean": -0.33541666666666664,
          "median_state_mean": -0.25,
          "states": 240
        },
        "fidelity_vs_shuffle": 0.5143010745940202,
        "persistence_l1": {
          "ci95": [
            0.002530487634366506,
            0.002895805311182201
          ],
          "mean": 0.0027053202238602847,
          "median_state_mean": 0.0023559579870471247,
          "states": 240
        }
      },
      "k3": {
        "count": {
          "ci95": [
            0.03333333333333333,
            0.07708333333333334
          ],
          "mean": 0.05416666666666667,
          "median_state_mean": 0.0,
          "states": 240
        },
        "count_delta_vs_true": {
          "ci95": [
            -0.8833333333333333,
            -0.671875
          ],
          "mean": -0.775,
          "median_state_mean": -0.5,
          "states": 240
        },
        "fidelity_vs_shuffle": 0.2757755087952708,
        "persistence_l1": {
          "ci95": [
            0.003815194321092605,
            0.004255232393932953
          ],
          "mean": 0.004033896432925806,
          "median_state_mean": 0.0037415688862540686,
          "states": 240
        }
      },
      "minrank": {
        "count": {
          "ci95": [
            0.09375,
            0.178125
          ],
          "mean": 0.13333333333333333,
          "median_state_mean": 0.0,
          "states": 240
        },
        "count_delta_vs_true": {
          "ci95": [
            -0.8114583333333333,
            -0.5875
          ],
          "mean": -0.6958333333333333,
          "median_state_mean": -0.5,
          "states": 240
        },
        "fidelity_vs_shuffle": 0.32203095550381666,
        "persistence_l1": {
          "ci95": [
            0.003559428690674601,
            0.0039977085337412335
          ],
          "mean": 0.003776255765222611,
          "median_state_mean": 0.003550016219057952,
          "states": 240
        }
      },
      "shuffle": {
        "count": {
          "ci95": [
            2.8520833333333333,
            3.2020833333333334
          ],
          "mean": 3.0239583333333333,
          "median_state_mean": 3.0,
          "states": 240
        },
        "count_delta_vs_true": {
          "ci95": [
            1.990625,
            2.396875
          ],
          "mean": 2.1947916666666667,
          "median_state_mean": 2.25,
          "states": 240
        },
        "fidelity_vs_shuffle": 0.0,
        "persistence_l1": {
          "ci95": [
            0.005350804707628178,
            0.005792125624060878
          ],
          "mean": 0.0055699530765875105,
          "median_state_mean": 0.005434782608695652,
          "states": 240
        }
      },
      "true_count": {
        "ci95": [
          0.7270833333333333,
          0.940625
        ],
        "mean": 0.8291666666666667,
        "median_state_mean": 0.75,
        "states": 240
      }
    }
  },
  "persistence_thresholds": [
    0.05,
    0.1,
    0.2
  ],
  "population_size": 300,
  "projection_dims": 50,
  "rates": [
    0.05,
    0.1,
    0.2
  ],
  "source": "/225010117/logs/operator_query_bank_a100_20260720/h5_off40_k3_n240_merged_v1.npz",
  "version": 1
}
