{
  "arm": "cont",
  "codebook": 0,
  "unroll": 5,
  "hist": 3,
  "seed": 2,
  "n_params_M": 0.661696,
  "rollout_mse_vs_k": [
    0.02833048440515995,
    0.048867594450712204,
    0.06624271720647812,
    0.09245242923498154,
    0.13084857165813446,
    0.1823681890964508,
    0.24652233719825745,
    0.32329073548316956,
    0.40628400444984436,
    0.4896298348903656
  ],
  "natural_spread": 1.0001367330551147,
  "rollout_mse_over_spread": [
    0.0283266119658947,
    0.04886091500520706,
    0.06623365730047226,
    0.09243979305028915,
    0.13083067536354065,
    0.1823432594537735,
    0.24648863077163696,
    0.3232465386390686,
    0.4062284529209137,
    0.48956289887428284
  ],
  "selector_usage": null,
  "operator_spectral_radii": null,
  "elapsed_sec": 18.080328226089478,
  "data": "outputs/disc_operator/latent_seq_40k_20260624_0004.npz",
  "N": 40000
}