{
  "arm": "cont",
  "codebook": 0,
  "unroll": 1,
  "hist": 3,
  "seed": 2,
  "n_params_M": 0.661696,
  "rollout_mse_vs_k": [
    0.019363459199666977,
    0.04555736109614372,
    0.07997817546129227,
    0.1281735748052597,
    0.19276611506938934,
    0.27184778451919556,
    0.3681008219718933,
    0.4773978292942047,
    0.5944365859031677,
    0.7131509780883789
  ],
  "natural_spread": 1.0001367330551147,
  "rollout_mse_over_spread": [
    0.01936081238090992,
    0.045551132410764694,
    0.07996723800897598,
    0.12815605103969574,
    0.19273975491523743,
    0.2718106210231781,
    0.3680504858493805,
    0.47733256220817566,
    0.5943553447723389,
    0.7130534648895264
  ],
  "selector_usage": null,
  "operator_spectral_radii": null,
  "elapsed_sec": 10.012383222579956,
  "data": "outputs/disc_operator/latent_seq_40k_20260624_0004.npz",
  "N": 40000
}