{
  "arm": "cont",
  "codebook": 0,
  "unroll": 1,
  "hist": 3,
  "seed": 1,
  "n_params_M": 0.661696,
  "rollout_mse_vs_k": [
    0.020197821781039238,
    0.04784655570983887,
    0.08396942168474197,
    0.1358567327260971,
    0.2063053697347641,
    0.2938801646232605,
    0.3986826241016388,
    0.5178440809249878,
    0.6437268257141113,
    0.7594340443611145
  ],
  "natural_spread": 1.0001367330551147,
  "rollout_mse_over_spread": [
    0.020195061340928078,
    0.04784001410007477,
    0.08395794034004211,
    0.13583816587924957,
    0.20627716183662415,
    0.2938399910926819,
    0.3986281156539917,
    0.5177732706069946,
    0.6436387896537781,
    0.7593302130699158
  ],
  "selector_usage": null,
  "operator_spectral_radii": null,
  "elapsed_sec": 9.901225090026855,
  "data": "outputs/disc_operator/latent_seq_40k_20260624_0004.npz",
  "N": 40000
}