{
  "arm": "cont",
  "codebook": 0,
  "unroll": 5,
  "hist": 3,
  "seed": 0,
  "n_params_M": 0.661696,
  "rollout_mse_vs_k": [
    0.02858174592256546,
    0.04971795529127121,
    0.06749958544969559,
    0.09328148514032364,
    0.12840589880943298,
    0.17360438406467438,
    0.23052167892456055,
    0.2959027886390686,
    0.3656945824623108,
    0.43549466133117676
  ],
  "natural_spread": 1.0001367330551147,
  "rollout_mse_over_spread": [
    0.028577838093042374,
    0.04971115663647652,
    0.067490354180336,
    0.0932687297463417,
    0.12838834524154663,
    0.17358064651489258,
    0.23049016296863556,
    0.2958623468875885,
    0.36564457416534424,
    0.43543511629104614
  ],
  "selector_usage": null,
  "operator_spectral_radii": null,
  "elapsed_sec": 18.25324773788452,
  "data": "outputs/disc_operator/latent_seq_40k_20260624_0004.npz",
  "N": 40000
}