{
  "arm": "cont",
  "codebook": 0,
  "unroll": 5,
  "hist": 3,
  "seed": 1,
  "n_params_M": 0.661696,
  "rollout_mse_vs_k": [
    0.0289281215518713,
    0.05023647099733353,
    0.06822825223207474,
    0.094424307346344,
    0.13073953986167908,
    0.1775663048028946,
    0.23322556912899017,
    0.29936739802360535,
    0.37186914682388306,
    0.437348335981369
  ],
  "natural_spread": 1.0001367330551147,
  "rollout_mse_over_spread": [
    0.028924167156219482,
    0.05022960156202316,
    0.06821892410516739,
    0.09441139549016953,
    0.13072165846824646,
    0.17754203081130981,
    0.23319368064403534,
    0.29932647943496704,
    0.37181830406188965,
    0.4372885525226593
  ],
  "selector_usage": null,
  "operator_spectral_radii": null,
  "elapsed_sec": 18.02208709716797,
  "data": "outputs/disc_operator/latent_seq_40k_20260624_0004.npz",
  "N": 40000
}