{
  "arm": "cont",
  "codebook": 0,
  "unroll": 1,
  "hist": 3,
  "seed": 0,
  "n_params_M": 0.661696,
  "rollout_mse_vs_k": [
    0.019901610910892487,
    0.04753285273909569,
    0.08312617987394333,
    0.13238051533699036,
    0.19767236709594727,
    0.27912935614585876,
    0.3804956078529358,
    0.496407151222229,
    0.6187452077865601,
    0.7356961369514465
  ],
  "natural_spread": 1.0001367330551147,
  "rollout_mse_over_spread": [
    0.01989888958632946,
    0.04752635583281517,
    0.08311481773853302,
    0.13236241042613983,
    0.19764533638954163,
    0.2790912091732025,
    0.38044360280036926,
    0.4963392913341522,
    0.6186606287956238,
    0.7355955839157104
  ],
  "selector_usage": null,
  "operator_spectral_radii": null,
  "elapsed_sec": 14.298574924468994,
  "data": "outputs/disc_operator/latent_seq_40k_20260624_0004.npz",
  "N": 40000
}