{
  "arm": "disc_c",
  "codebook": 16,
  "unroll": 1,
  "hist": 3,
  "seed": 2,
  "n_params_M": 1.166224,
  "rollout_mse_vs_k": [
    0.048587992787361145,
    0.1130397766828537,
    0.18440987169742584,
    0.2611507475376129,
    0.3499191999435425,
    0.43849027156829834,
    0.5254532694816589,
    0.6104447245597839,
    0.6887096166610718,
    0.7542964816093445
  ],
  "natural_spread": 1.0001367330551147,
  "rollout_mse_over_spread": [
    0.04858135059475899,
    0.11302432417869568,
    0.18438465893268585,
    0.26111504435539246,
    0.34987136721611023,
    0.4384303092956543,
    0.5253814458847046,
    0.6103612780570984,
    0.6886154413223267,
    0.7541933655738831
  ],
  "selector_usage": {
    "codes_used": 16,
    "K": 16,
    "hist": [
      153,
      296,
      125,
      181,
      244,
      170,
      72,
      170,
      378,
      131,
      937,
      222,
      413,
      184,
      187,
      137
    ]
  },
  "operator_spectral_radii": [
    1.0470930337905884,
    1.007988452911377,
    1.0466570854187012,
    1.0675556659698486,
    1.033687710762024,
    1.1009163856506348,
    1.0342597961425781,
    1.0473649501800537,
    1.0443966388702393,
    1.0343714952468872,
    0.9999979734420776,
    1.014299988746643,
    1.0132557153701782,
    1.044409990310669,
    1.0708811283111572,
    1.0687644481658936
  ],
  "elapsed_sec": 41.303086042404175,
  "data": "outputs/disc_operator/latent_seq_40k_20260624_0004.npz",
  "N": 40000
}