{
  "arm": "disc",
  "codebook": 8,
  "unroll": 1,
  "hist": 3,
  "seed": 0,
  "n_params_M": 0.865672,
  "rollout_mse_vs_k": [
    0.05701916292309761,
    0.1354825347661972,
    0.22351546585559845,
    0.3202604651451111,
    0.4277805984020233,
    0.5351706743240356,
    0.6418152451515198,
    0.7458027005195618,
    0.8440508246421814,
    0.9284488558769226
  ],
  "natural_spread": 1.0001367330551147,
  "rollout_mse_over_spread": [
    0.05701136589050293,
    0.13546401262283325,
    0.22348490357398987,
    0.32021668553352356,
    0.42772212624549866,
    0.5350974798202515,
    0.6417275071144104,
    0.7457007169723511,
    0.8439354300498962,
    0.928321897983551
  ],
  "selector_usage": {
    "codes_used": 8,
    "K": 8,
    "hist": [
      769,
      302,
      585,
      1063,
      310,
      240,
      378,
      353
    ]
  },
  "operator_spectral_radii": [
    2.6679821014404297,
    3.077634572982788,
    2.9340906143188477,
    2.7020747661590576,
    2.9563844203948975,
    3.27134108543396,
    2.9111087322235107,
    3.081733465194702
  ],
  "elapsed_sec": 19.23351287841797,
  "data": "outputs/disc_operator/latent_seq_40k_20260624_0004.npz",
  "N": 40000
}