{
  "arm": "disc_c",
  "codebook": 4,
  "unroll": 5,
  "hist": 3,
  "seed": 1,
  "n_params_M": 0.715396,
  "rollout_mse_vs_k": [
    0.11085672676563263,
    0.22462959587574005,
    0.29859811067581177,
    0.35306957364082336,
    0.4190898537635803,
    0.491903156042099,
    0.5706196427345276,
    0.6540091633796692,
    0.7281367778778076,
    0.7937691807746887
  ],
  "natural_spread": 1.0001367330551147,
  "rollout_mse_over_spread": [
    0.11084157228469849,
    0.22459888458251953,
    0.2985572814941406,
    0.3530212938785553,
    0.4190325438976288,
    0.49183589220046997,
    0.5705416202545166,
    0.6539197564125061,
    0.7280372381210327,
    0.7936606407165527
  ],
  "selector_usage": {
    "codes_used": 4,
    "K": 4,
    "hist": [
      1163,
      1554,
      635,
      648
    ]
  },
  "operator_spectral_radii": [
    1.0076000690460205,
    1.0130910873413086,
    1.0060532093048096,
    1.0144046545028687
  ],
  "elapsed_sec": 63.009629011154175,
  "data": "outputs/disc_operator/latent_seq_40k_20260624_0004.npz",
  "N": 40000
}