{
  "arm": "disc_c",
  "codebook": 32,
  "unroll": 1,
  "hist": 3,
  "seed": 2,
  "n_params_M": 1.767328,
  "rollout_mse_vs_k": [
    0.04026227444410324,
    0.09377210587263107,
    0.15824200212955475,
    0.22938024997711182,
    0.312305748462677,
    0.4002023935317993,
    0.48605090379714966,
    0.571797788143158,
    0.6515064239501953,
    0.7190123796463013
  ],
  "natural_spread": 1.0001367330551147,
  "rollout_mse_over_spread": [
    0.040256768465042114,
    0.09375928342342377,
    0.15822036564350128,
    0.22934888303279877,
    0.31226304173469543,
    0.4001476764678955,
    0.4859844446182251,
    0.5717195868492126,
    0.6514173746109009,
    0.7189140915870667
  ],
  "selector_usage": {
    "codes_used": 28,
    "K": 32,
    "hist": [
      362,
      418,
      99,
      37,
      62,
      0,
      178,
      101,
      0,
      127,
      0,
      48,
      111,
      94,
      316,
      122,
      64,
      97,
      127,
      48,
      268,
      366,
      94,
      0,
      50,
      64,
      126,
      306,
      63,
      69,
      36,
      147
    ]
  },
  "operator_spectral_radii": [
    1.0000144243240356,
    1.0003589391708374,
    1.0690878629684448,
    1.089499592781067,
    1.039674162864685,
    1.000009536743164,
    1.0174750089645386,
    1.0464104413986206,
    1.0000221729278564,
    1.0315920114517212,
    1.0000196695327759,
    1.0396591424942017,
    1.0365867614746094,
    1.0729788541793823,
    1.0000056028366089,
    1.0188475847244263,
    1.019914150238037,
    1.000789761543274,
    1.0000184774398804,
    1.0475726127624512,
    1.0000230073928833,
    1.0026911497116089,
    1.0836660861968994,
    1.000020146369934,
    1.0755468606948853,
    1.0095882415771484,
    1.0146406888961792,
    1.0001140832901,
    1.0528641939163208,
    1.0375579595565796,
    1.0000030994415283,
    1.0704227685928345
  ],
  "elapsed_sec": 67.50073146820068,
  "data": "outputs/disc_operator/latent_seq_40k_20260624_0004.npz",
  "N": 40000
}