{
  "arm": "disc_c",
  "codebook": 4,
  "unroll": 5,
  "hist": 3,
  "seed": 2,
  "n_params_M": 0.715396,
  "rollout_mse_vs_k": [
    0.09835164248943329,
    0.2004072219133377,
    0.2631584703922272,
    0.3104391098022461,
    0.3651982843875885,
    0.4320162832736969,
    0.5028090476989746,
    0.5761514902114868,
    0.6452264189720154,
    0.7078676819801331
  ],
  "natural_spread": 1.0001367330551147,
  "rollout_mse_over_spread": [
    0.09833819419145584,
    0.20037981867790222,
    0.2631224989891052,
    0.310396671295166,
    0.3651483654975891,
    0.4319572150707245,
    0.5027403235435486,
    0.5760726928710938,
    0.6451382040977478,
    0.7077708840370178
  ],
  "selector_usage": {
    "codes_used": 4,
    "K": 4,
    "hist": [
      818,
      657,
      644,
      1881
    ]
  },
  "operator_spectral_radii": [
    1.0199638605117798,
    1.0116450786590576,
    1.0156199932098389,
    1.0000393390655518
  ],
  "elapsed_sec": 62.503000020980835,
  "data": "outputs/disc_operator/latent_seq_40k_20260624_0004.npz",
  "N": 40000
}