{
  "arm": "disc",
  "codebook": 32,
  "unroll": 1,
  "hist": 3,
  "seed": 1,
  "n_params_M": 1.767328,
  "rollout_mse_vs_k": [
    0.03846927359700203,
    0.0878942534327507,
    0.1481953263282776,
    0.22299373149871826,
    0.3123053312301636,
    0.404437780380249,
    0.49959924817085266,
    0.6008462905883789,
    0.704717755317688,
    0.7985374927520752
  ],
  "natural_spread": 1.0001367330551147,
  "rollout_mse_over_spread": [
    0.0384640134871006,
    0.08788223564624786,
    0.14817506074905396,
    0.22296324372291565,
    0.312262624502182,
    0.40438249707221985,
    0.49953094124794006,
    0.6007641553878784,
    0.704621434211731,
    0.7984282970428467
  ],
  "selector_usage": {
    "codes_used": 29,
    "K": 32,
    "hist": [
      50,
      0,
      114,
      309,
      73,
      42,
      79,
      45,
      62,
      86,
      167,
      114,
      597,
      197,
      64,
      8,
      108,
      258,
      238,
      43,
      0,
      96,
      251,
      318,
      57,
      121,
      0,
      94,
      80,
      141,
      50,
      138
    ]
  },
  "operator_spectral_radii": [
    3.0309183597564697,
    1.0656325817108154,
    2.2109594345092773,
    2.0450797080993652,
    2.728236436843872,
    3.234487533569336,
    2.4189484119415283,
    2.3362817764282227,
    2.0245678424835205,
    2.100090742111206,
    2.3444204330444336,
    2.923135757446289,
    1.7468661069869995,
    2.046666383743286,
    2.2245099544525146,
    2.071958303451538,
    3.577030897140503,
    1.8526103496551514,
    2.481203079223633,
    2.562422752380371,
    1.247514009475708,
    2.391033887863159,
    1.7566183805465698,
    1.8435195684432983,
    2.2897000312805176,
    2.4747977256774902,
    1.101954460144043,
    3.0471572875976562,
    1.9864293336868286,
    2.636929988861084,
    2.1383862495422363,
    2.2265124320983887
  ],
  "elapsed_sec": 23.938249111175537,
  "data": "outputs/disc_operator/latent_seq_40k_20260624_0004.npz",
  "N": 40000
}