{
  "arm": "disc",
  "codebook": 4,
  "unroll": 5,
  "hist": 3,
  "seed": 0,
  "n_params_M": 0.715396,
  "rollout_mse_vs_k": [
    0.10714200884103775,
    0.20330514013767242,
    0.2634536921977997,
    0.3169420659542084,
    0.38330721855163574,
    0.45861291885375977,
    0.5406769514083862,
    0.6248154044151306,
    0.7051138281822205,
    0.7759454846382141
  ],
  "natural_spread": 1.0001367330551147,
  "rollout_mse_over_spread": [
    0.1071273609995842,
    0.2032773494720459,
    0.26341766119003296,
    0.31689873337745667,
    0.3832548260688782,
    0.45855021476745605,
    0.5406030416488647,
    0.6247299909591675,
    0.7050174474716187,
    0.7758393883705139
  ],
  "selector_usage": {
    "codes_used": 4,
    "K": 4,
    "hist": [
      854,
      1622,
      670,
      854
    ]
  },
  "operator_spectral_radii": [
    2.1235506534576416,
    1.8097978830337524,
    2.0928890705108643,
    2.0240511894226074
  ],
  "elapsed_sec": 34.95002365112305,
  "data": "outputs/disc_operator/latent_seq_40k_20260624_0004.npz",
  "N": 40000
}