{
  "arm": "disc_c",
  "codebook": 8,
  "unroll": 1,
  "hist": 3,
  "seed": 2,
  "n_params_M": 0.865672,
  "rollout_mse_vs_k": [
    0.06098882108926773,
    0.14948143064975739,
    0.24385511875152588,
    0.3422797918319702,
    0.44604694843292236,
    0.5469815731048584,
    0.6445940732955933,
    0.7372145056724548,
    0.8191114664077759,
    0.8806391358375549
  ],
  "natural_spread": 1.0001367330551147,
  "rollout_mse_over_spread": [
    0.06098048388957977,
    0.14946100115776062,
    0.24382178485393524,
    0.34223300218582153,
    0.44598597288131714,
    0.5469067692756653,
    0.6445059776306152,
    0.7371137142181396,
    0.8189994692802429,
    0.8805187344551086
  ],
  "selector_usage": {
    "codes_used": 8,
    "K": 8,
    "hist": [
      421,
      1427,
      358,
      501,
      343,
      227,
      196,
      527
    ]
  },
  "operator_spectral_radii": [
    1.0450505018234253,
    1.0028105974197388,
    1.0732269287109375,
    1.0153117179870605,
    1.0342826843261719,
    1.0475716590881348,
    1.0450228452682495,
    1.0393004417419434
  ],
  "elapsed_sec": 26.341651678085327,
  "data": "outputs/disc_operator/latent_seq_40k_20260624_0004.npz",
  "N": 40000
}