{
  "arm": "disc_c",
  "codebook": 16,
  "unroll": 5,
  "hist": 3,
  "seed": 0,
  "n_params_M": 1.166224,
  "rollout_mse_vs_k": [
    0.06942616403102875,
    0.1321485936641693,
    0.17419566214084625,
    0.2139790803194046,
    0.266718327999115,
    0.32438087463378906,
    0.38657617568969727,
    0.4491564929485321,
    0.509373128414154,
    0.5584736466407776
  ],
  "natural_spread": 1.0001367330551147,
  "rollout_mse_over_spread": [
    0.06941667199134827,
    0.13213053345680237,
    0.17417185008525848,
    0.21394982933998108,
    0.26668184995651245,
    0.32433652877807617,
    0.3865233361721039,
    0.44909510016441345,
    0.5093035101890564,
    0.5583972930908203
  ],
  "selector_usage": {
    "codes_used": 14,
    "K": 16,
    "hist": [
      421,
      511,
      152,
      152,
      225,
      231,
      211,
      140,
      0,
      377,
      0,
      114,
      350,
      691,
      307,
      118
    ]
  },
  "operator_spectral_radii": [
    1.004285216331482,
    1.0000312328338623,
    1.0000663995742798,
    1.0010939836502075,
    1.0001031160354614,
    1.0000113248825073,
    1.0116028785705566,
    1.0248491764068604,
    1.000011920928955,
    1.0001140832901,
    1.0000224113464355,
    1.0096755027770996,
    1.003819465637207,
    1.0000134706497192,
    1.0007941722869873,
    1.0016497373580933
  ],
  "elapsed_sec": 172.5585436820984,
  "data": "outputs/disc_operator/latent_seq_40k_20260624_0004.npz",
  "N": 40000
}