{
  "arm": "disc_c",
  "codebook": 4,
  "unroll": 1,
  "hist": 3,
  "seed": 2,
  "n_params_M": 0.715396,
  "rollout_mse_vs_k": [
    0.08062012493610382,
    0.199721559882164,
    0.31738173961639404,
    0.4318505823612213,
    0.5451728701591492,
    0.6492475271224976,
    0.7442545294761658,
    0.8280956149101257,
    0.8989413976669312,
    0.9537705779075623
  ],
  "natural_spread": 1.0001367330551147,
  "rollout_mse_over_spread": [
    0.08060910552740097,
    0.19969426095485687,
    0.31733834743499756,
    0.4317915439605713,
    0.5450983643531799,
    0.649158775806427,
    0.7441527843475342,
    0.8279824256896973,
    0.8988184928894043,
    0.9536401629447937
  ],
  "selector_usage": {
    "codes_used": 4,
    "K": 4,
    "hist": [
      1278,
      601,
      1583,
      538
    ]
  },
  "operator_spectral_radii": [
    1.026175856590271,
    1.0483708381652832,
    1.0355098247528076,
    1.0558362007141113
  ],
  "elapsed_sec": 19.23670506477356,
  "data": "outputs/disc_operator/latent_seq_40k_20260624_0004.npz",
  "N": 40000
}