{
  "arm": "disc_c",
  "codebook": 8,
  "unroll": 1,
  "hist": 3,
  "seed": 1,
  "n_params_M": 0.865672,
  "rollout_mse_vs_k": [
    0.06283890455961227,
    0.14972680807113647,
    0.2431168407201767,
    0.3405502140522003,
    0.4480268359184265,
    0.5509859323501587,
    0.6469333171844482,
    0.7356125116348267,
    0.8120097517967224,
    0.8708915710449219
  ],
  "natural_spread": 1.0001367330551147,
  "rollout_mse_over_spread": [
    0.06283031404018402,
    0.14970633387565613,
    0.24308359622955322,
    0.34050366282463074,
    0.4479655921459198,
    0.5509105920791626,
    0.6468448638916016,
    0.7355119585990906,
    0.8118987679481506,
    0.8707724809646606
  ],
  "selector_usage": {
    "codes_used": 8,
    "K": 8,
    "hist": [
      508,
      241,
      678,
      307,
      1015,
      419,
      313,
      519
    ]
  },
  "operator_spectral_radii": [
    1.0179128646850586,
    1.0365480184555054,
    1.0325928926467896,
    1.0672351121902466,
    1.0069482326507568,
    1.0609952211380005,
    1.0523642301559448,
    1.0216784477233887
  ],
  "elapsed_sec": 26.441909790039062,
  "data": "outputs/disc_operator/latent_seq_40k_20260624_0004.npz",
  "N": 40000
}