{
  "arm": "disc_c",
  "codebook": 4,
  "unroll": 1,
  "hist": 3,
  "seed": 0,
  "n_params_M": 0.715396,
  "rollout_mse_vs_k": [
    0.07820992171764374,
    0.1905907392501831,
    0.30227839946746826,
    0.4101410210132599,
    0.5197021961212158,
    0.625736653804779,
    0.7214640378952026,
    0.8084710240364075,
    0.8863767981529236,
    0.9481620192527771
  ],
  "natural_spread": 1.0001367330551147,
  "rollout_mse_over_spread": [
    0.07819923013448715,
    0.19056467711925507,
    0.30223706364631653,
    0.41008496284484863,
    0.5196311473846436,
    0.6256511211395264,
    0.7213653922080994,
    0.8083605170249939,
    0.8862556219100952,
    0.9480323791503906
  ],
  "selector_usage": {
    "codes_used": 4,
    "K": 4,
    "hist": [
      1241,
      911,
      1289,
      559
    ]
  },
  "operator_spectral_radii": [
    1.0689666271209717,
    1.0408207178115845,
    1.0232921838760376,
    1.0915751457214355
  ],
  "elapsed_sec": 24.046703815460205,
  "data": "outputs/disc_operator/latent_seq_40k_20260624_0004.npz",
  "N": 40000
}