{
  "arm": "disc_c",
  "codebook": 32,
  "unroll": 1,
  "hist": 3,
  "seed": 1,
  "n_params_M": 1.767328,
  "rollout_mse_vs_k": [
    0.03762510046362877,
    0.08540844917297363,
    0.14274096488952637,
    0.20922936499118805,
    0.2864087224006653,
    0.36574095487594604,
    0.4460200071334839,
    0.525147020816803,
    0.6016338467597961,
    0.6637909412384033
  ],
  "natural_spread": 1.0001367330551147,
  "rollout_mse_over_spread": [
    0.03761995583772659,
    0.08539677411317825,
    0.14272144436836243,
    0.20920075476169586,
    0.28636956214904785,
    0.3656909465789795,
    0.44595903158187866,
    0.5250751972198486,
    0.6015515923500061,
    0.6637001633644104
  ],
  "selector_usage": {
    "codes_used": 29,
    "K": 32,
    "hist": [
      219,
      81,
      112,
      65,
      74,
      96,
      99,
      212,
      299,
      93,
      84,
      273,
      321,
      118,
      117,
      118,
      73,
      238,
      0,
      321,
      44,
      53,
      320,
      44,
      72,
      84,
      0,
      75,
      45,
      102,
      148,
      0
    ]
  },
  "operator_spectral_radii": [
    1.0000171661376953,
    1.057421326637268,
    1.073781132698059,
    1.0669552087783813,
    1.0001864433288574,
    1.0613874197006226,
    1.000076174736023,
    1.0033001899719238,
    1.0000293254852295,
    1.085286021232605,
    1.031381607055664,
    1.0301697254180908,
    1.0080630779266357,
    1.0321998596191406,
    1.034812092781067,
    1.0580062866210938,
    1.0375208854675293,
    1.000030517578125,
    1.0000219345092773,
    1.0000277757644653,
    1.0000158548355103,
    1.0243691205978394,
    1.035728931427002,
    1.0411770343780518,
    1.0143282413482666,
    1.060890555381775,
    1.0000160932540894,
    1.0679811239242554,
    1.0278682708740234,
    1.0829106569290161,
    1.0000238418579102,
    1.0000139474868774
  ],
  "elapsed_sec": 69.04546093940735,
  "data": "outputs/disc_operator/latent_seq_40k_20260624_0004.npz",
  "N": 40000
}