{
  "arm": "disc_c",
  "codebook": 32,
  "unroll": 5,
  "hist": 3,
  "seed": 2,
  "n_params_M": 1.767328,
  "rollout_mse_vs_k": [
    0.07330886274576187,
    0.13908347487449646,
    0.18508915603160858,
    0.22914274036884308,
    0.28236672282218933,
    0.3406963050365448,
    0.40370914340019226,
    0.46788591146469116,
    0.526194155216217,
    0.5752639174461365
  ],
  "natural_spread": 1.0001367330551147,
  "rollout_mse_over_spread": [
    0.07329884171485901,
    0.1390644609928131,
    0.18506385385990143,
    0.2291114181280136,
    0.28232812881469727,
    0.34064972400665283,
    0.40365394949913025,
    0.46782195568084717,
    0.5261222124099731,
    0.5751852989196777
  ],
  "selector_usage": {
    "codes_used": 25,
    "K": 32,
    "hist": [
      115,
      578,
      48,
      70,
      0,
      35,
      298,
      79,
      97,
      113,
      107,
      0,
      0,
      0,
      0,
      144,
      147,
      132,
      168,
      151,
      20,
      677,
      0,
      65,
      414,
      217,
      12,
      118,
      0,
      13,
      45,
      137
    ]
  },
  "operator_spectral_radii": [
    1.0219320058822632,
    1.0000197887420654,
    1.0000052452087402,
    1.0000207424163818,
    1.0000004768371582,
    1.0000145435333252,
    1.0000256299972534,
    1.0017541646957397,
    1.0000296831130981,
    1.0000550746917725,
    1.0000536441802979,
    1.0000171661376953,
    1.0000238418579102,
    1.0000159740447998,
    0.9999998807907104,
    1.000683307647705,
    1.0007858276367188,
    1.0000507831573486,
    1.0000277757644653,
    1.0000673532485962,
    1.0000331401824951,
    1.0000327825546265,
    1.0000042915344238,
    1.0000230073928833,
    1.0002180337905884,
    1.0000137090682983,
    1.0000159740447998,
    1.0000141859054565,
    1.0000274181365967,
    1.0000216960906982,
    1.000020980834961,
    1.0000263452529907
  ],
  "elapsed_sec": 325.25107502937317,
  "data": "outputs/disc_operator/latent_seq_40k_20260624_0004.npz",
  "N": 40000
}