{
  "arm": "disc_c",
  "codebook": 16,
  "unroll": 5,
  "hist": 3,
  "seed": 1,
  "n_params_M": 1.166224,
  "rollout_mse_vs_k": [
    0.06929308921098709,
    0.12996631860733032,
    0.16957715153694153,
    0.20908807218074799,
    0.257916659116745,
    0.3106130063533783,
    0.36792874336242676,
    0.42758479714393616,
    0.48862072825431824,
    0.5429070591926575
  ],
  "natural_spread": 1.0001367330551147,
  "rollout_mse_over_spread": [
    0.0692836195230484,
    0.12994855642318726,
    0.1695539653301239,
    0.20905949175357819,
    0.25788140296936035,
    0.31057053804397583,
    0.36787843704223633,
    0.4275263547897339,
    0.4885539412498474,
    0.5428328514099121
  ],
  "selector_usage": {
    "codes_used": 16,
    "K": 16,
    "hist": [
      89,
      124,
      247,
      256,
      156,
      291,
      518,
      117,
      771,
      151,
      385,
      133,
      105,
      129,
      393,
      135
    ]
  },
  "operator_spectral_radii": [
    1.000028133392334,
    1.0003290176391602,
    1.0005366802215576,
    1.0044565200805664,
    1.0106167793273926,
    1.027757167816162,
    1.0006089210510254,
    1.0000289678573608,
    1.0000159740447998,
    1.000011920928955,
    1.0000522136688232,
    1.0131858587265015,
    1.0001662969589233,
    1.0000922679901123,
    1.000023365020752,
    1.000315546989441
  ],
  "elapsed_sec": 163.11306309700012,
  "data": "outputs/disc_operator/latent_seq_40k_20260624_0004.npz",
  "N": 40000
}