{
  "arm": "disc_c",
  "codebook": 32,
  "unroll": 1,
  "hist": 3,
  "seed": 0,
  "n_params_M": 1.767328,
  "rollout_mse_vs_k": [
    0.04196206107735634,
    0.09481778740882874,
    0.15541613101959229,
    0.22611413896083832,
    0.30383992195129395,
    0.3837507963180542,
    0.46246954798698425,
    0.5406270027160645,
    0.6163374781608582,
    0.6772019267082214
  ],
  "natural_spread": 1.0001367330551147,
  "rollout_mse_over_spread": [
    0.04195632413029671,
    0.09480482339859009,
    0.15539488196372986,
    0.22608321905136108,
    0.3037983775138855,
    0.38369834423065186,
    0.46240630745887756,
    0.540553092956543,
    0.6162531971931458,
    0.6771093606948853
  ],
  "selector_usage": {
    "codes_used": 26,
    "K": 32,
    "hist": [
      529,
      88,
      103,
      0,
      0,
      237,
      157,
      319,
      0,
      64,
      112,
      116,
      318,
      140,
      131,
      57,
      92,
      0,
      80,
      0,
      0,
      91,
      55,
      89,
      109,
      64,
      211,
      173,
      120,
      97,
      116,
      332
    ]
  },
  "operator_spectral_radii": [
    1.0000163316726685,
    1.0576037168502808,
    1.041641354560852,
    1.000004768371582,
    1.0000221729278564,
    1.058239459991455,
    1.0565258264541626,
    1.016523838043213,
    0.9999911785125732,
    1.0135807991027832,
    1.0467280149459839,
    1.0797548294067383,
    1.003308892250061,
    1.0156135559082031,
    1.000366449356079,
    1.0381081104278564,
    1.0183826684951782,
    1.0000156164169312,
    1.073266625404358,
    1.0000063180923462,
    1.0000134706497192,
    1.0024034976959229,
    1.0247266292572021,
    1.0566266775131226,
    1.1024068593978882,
    1.020775556564331,
    1.0037336349487305,
    1.0000636577606201,
    1.0566834211349487,
    1.0462836027145386,
    1.000616192817688,
    1.000020146369934
  ],
  "elapsed_sec": 66.03609585762024,
  "data": "outputs/disc_operator/latent_seq_40k_20260624_0004.npz",
  "N": 40000
}