{
  "arm": "disc",
  "codebook": 32,
  "unroll": 5,
  "hist": 3,
  "seed": 2,
  "n_params_M": 1.767328,
  "rollout_mse_vs_k": [
    0.10423605889081955,
    0.17441405355930328,
    0.224297896027565,
    0.2726001739501953,
    0.3330021798610687,
    0.39667218923568726,
    0.4613703489303589,
    0.5248381495475769,
    0.586908221244812,
    0.6364282369613647
  ],
  "natural_spread": 1.0001367330551147,
  "rollout_mse_over_spread": [
    0.10422180593013763,
    0.17439021170139313,
    0.22426722943782806,
    0.2725628912448883,
    0.3329566419124603,
    0.39661794900894165,
    0.4613072872161865,
    0.5247663855552673,
    0.5868279933929443,
    0.6363412141799927
  ],
  "selector_usage": {
    "codes_used": 27,
    "K": 32,
    "hist": [
      149,
      30,
      98,
      1,
      97,
      0,
      27,
      60,
      117,
      139,
      58,
      313,
      101,
      313,
      0,
      0,
      153,
      92,
      81,
      0,
      30,
      424,
      60,
      51,
      2,
      576,
      151,
      451,
      3,
      0,
      365,
      58
    ]
  },
  "operator_spectral_radii": [
    1.9251372814178467,
    2.113680124282837,
    1.8436610698699951,
    1.9969667196273804,
    2.3414998054504395,
    1.2684847116470337,
    1.8022664785385132,
    1.9315972328186035,
    1.946496844291687,
    1.7825895547866821,
    1.7538936138153076,
    1.8821122646331787,
    1.8030109405517578,
    1.8621023893356323,
    1.7277251482009888,
    1.6035784482955933,
    1.6711302995681763,
    1.8427090644836426,
    1.867108702659607,
    1.4297304153442383,
    1.9787603616714478,
    1.6181397438049316,
    1.5398184061050415,
    2.003342390060425,
    2.1516098976135254,
    1.9691063165664673,
    3.047785758972168,
    2.2942259311676025,
    2.1989431381225586,
    1.4158498048782349,
    1.8310211896896362,
    1.8423361778259277
  ],
  "elapsed_sec": 90.5158007144928,
  "data": "outputs/disc_operator/latent_seq_40k_20260624_0004.npz",
  "N": 40000
}