{
  "arm": "disc_c",
  "codebook": 4,
  "unroll": 1,
  "hist": 3,
  "seed": 1,
  "n_params_M": 0.715396,
  "rollout_mse_vs_k": [
    0.07987244427204132,
    0.19826069474220276,
    0.3159480690956116,
    0.4291956424713135,
    0.5412316918373108,
    0.6456419825553894,
    0.740572988986969,
    0.825789213180542,
    0.899491548538208,
    0.9584527611732483
  ],
  "natural_spread": 1.0001367330551147,
  "rollout_mse_over_spread": [
    0.07986152172088623,
    0.19823358952999115,
    0.3159048855304718,
    0.4291369616985321,
    0.5411577224731445,
    0.645553708076477,
    0.7404717206954956,
    0.8256763219833374,
    0.8993685841560364,
    0.958321750164032
  ],
  "selector_usage": {
    "codes_used": 4,
    "K": 4,
    "hist": [
      797,
      1625,
      661,
      917
    ]
  },
  "operator_spectral_radii": [
    1.057883620262146,
    1.0475139617919922,
    1.0544501543045044,
    1.063270926475525
  ],
  "elapsed_sec": 19.473098516464233,
  "data": "outputs/disc_operator/latent_seq_40k_20260624_0004.npz",
  "N": 40000
}