{
  "arm": "disc",
  "codebook": 16,
  "unroll": 1,
  "hist": 3,
  "seed": 1,
  "n_params_M": 1.166224,
  "rollout_mse_vs_k": [
    0.04657553508877754,
    0.11056256294250488,
    0.18273203074932098,
    0.26462405920028687,
    0.35782143473625183,
    0.45667415857315063,
    0.5581337213516235,
    0.6622280478477478,
    0.7719998359680176,
    0.8697336912155151
  ],
  "natural_spread": 1.0001367330551147,
  "rollout_mse_over_spread": [
    0.04656916856765747,
    0.11054744571447372,
    0.1827070415019989,
    0.2645878791809082,
    0.3577725291252136,
    0.4566117227077484,
    0.558057427406311,
    0.662137508392334,
    0.7718942761421204,
    0.8696147799491882
  ],
  "selector_usage": {
    "codes_used": 16,
    "K": 16,
    "hist": [
      226,
      669,
      192,
      119,
      81,
      155,
      129,
      611,
      284,
      369,
      120,
      277,
      199,
      256,
      160,
      153
    ]
  },
  "operator_spectral_radii": [
    3.0948784351348877,
    2.1079695224761963,
    2.3982441425323486,
    2.374967098236084,
    3.2729692459106445,
    2.7038791179656982,
    2.805792808532715,
    2.1444356441497803,
    2.439391851425171,
    2.4559552669525146,
    2.6556780338287354,
    2.7205514907836914,
    2.7718825340270996,
    2.6230528354644775,
    2.546754837036133,
    2.5605859756469727
  ],
  "elapsed_sec": 18.38274049758911,
  "data": "outputs/disc_operator/latent_seq_40k_20260624_0004.npz",
  "N": 40000
}