{
  "arm": "disc",
  "codebook": 4,
  "unroll": 5,
  "hist": 3,
  "seed": 1,
  "n_params_M": 0.715396,
  "rollout_mse_vs_k": [
    0.11620578169822693,
    0.21634690463542938,
    0.2799631357192993,
    0.33129245042800903,
    0.3915379047393799,
    0.460416704416275,
    0.536754310131073,
    0.6103282570838928,
    0.6828188300132751,
    0.7458075881004333
  ],
  "natural_spread": 1.0001367330551147,
  "rollout_mse_over_spread": [
    0.11618989706039429,
    0.2163173258304596,
    0.2799248695373535,
    0.33124715089797974,
    0.3914843797683716,
    0.4603537619113922,
    0.5366809368133545,
    0.6102448105812073,
    0.6827254891395569,
    0.7457056045532227
  ],
  "selector_usage": {
    "codes_used": 4,
    "K": 4,
    "hist": [
      1111,
      655,
      1079,
      1155
    ]
  },
  "operator_spectral_radii": [
    2.0752131938934326,
    2.2683467864990234,
    2.060446262359619,
    2.091656446456909
  ],
  "elapsed_sec": 34.18583559989929,
  "data": "outputs/disc_operator/latent_seq_40k_20260624_0004.npz",
  "N": 40000
}