{
  "arm": "disc",
  "codebook": 16,
  "unroll": 1,
  "hist": 3,
  "seed": 0,
  "n_params_M": 1.166224,
  "rollout_mse_vs_k": [
    0.046198200434446335,
    0.10735717415809631,
    0.17917361855506897,
    0.25975802540779114,
    0.35460227727890015,
    0.45159226655960083,
    0.5520793199539185,
    0.6509227752685547,
    0.7433282732963562,
    0.8255195021629333
  ],
  "natural_spread": 1.0001367330551147,
  "rollout_mse_over_spread": [
    0.04619188606739044,
    0.10734249651432037,
    0.17914912104606628,
    0.259722501039505,
    0.35455378890037537,
    0.4515305161476135,
    0.5520038604736328,
    0.650833785533905,
    0.7432266473770142,
    0.8254066705703735
  ],
  "selector_usage": {
    "codes_used": 16,
    "K": 16,
    "hist": [
      162,
      431,
      151,
      163,
      83,
      175,
      442,
      206,
      111,
      457,
      123,
      398,
      793,
      94,
      97,
      114
    ]
  },
  "operator_spectral_radii": [
    2.880147933959961,
    2.5360054969787598,
    2.517533779144287,
    2.8735411167144775,
    3.287850856781006,
    2.282494068145752,
    2.5591788291931152,
    2.7981717586517334,
    2.5276358127593994,
    2.1033716201782227,
    2.177790880203247,
    2.390625238418579,
    2.0895912647247314,
    2.3560354709625244,
    2.7872495651245117,
    2.633340358734131
  ],
  "elapsed_sec": 22.606120824813843,
  "data": "outputs/disc_operator/latent_seq_40k_20260624_0004.npz",
  "N": 40000
}