{
  "arm": "disc_c",
  "codebook": 8,
  "unroll": 1,
  "hist": 3,
  "seed": 0,
  "n_params_M": 0.865672,
  "rollout_mse_vs_k": [
    0.06022283807396889,
    0.14259518682956696,
    0.2324659824371338,
    0.328813761472702,
    0.43104296922683716,
    0.5301125049591064,
    0.6228764057159424,
    0.7133150696754456,
    0.7964139580726624,
    0.8680595755577087
  ],
  "natural_spread": 1.0001367330551147,
  "rollout_mse_over_spread": [
    0.060214605182409286,
    0.1425756961107254,
    0.2324341982603073,
    0.3287688195705414,
    0.4309840500354767,
    0.5300400257110596,
    0.6227912306785583,
    0.713217556476593,
    0.7963050603866577,
    0.8679409027099609
  ],
  "selector_usage": {
    "codes_used": 8,
    "K": 8,
    "hist": [
      356,
      470,
      240,
      313,
      335,
      1002,
      830,
      454
    ]
  },
  "operator_spectral_radii": [
    1.0583828687667847,
    1.0587338209152222,
    1.0419515371322632,
    1.0200775861740112,
    1.0258755683898926,
    1.0282784700393677,
    1.032873511314392,
    1.0587660074234009
  ],
  "elapsed_sec": 30.535576820373535,
  "data": "outputs/disc_operator/latent_seq_40k_20260624_0004.npz",
  "N": 40000
}