{
  "arm": "disc",
  "codebook": 8,
  "unroll": 5,
  "hist": 3,
  "seed": 1,
  "n_params_M": 0.865672,
  "rollout_mse_vs_k": [
    0.09317620098590851,
    0.17242392897605896,
    0.22225606441497803,
    0.26812443137168884,
    0.3276286721229553,
    0.39388060569763184,
    0.4629310369491577,
    0.5342667698860168,
    0.600866436958313,
    0.6559764742851257
  ],
  "natural_spread": 1.0001367330551147,
  "rollout_mse_over_spread": [
    0.09316346049308777,
    0.1724003553390503,
    0.22222568094730377,
    0.268087774515152,
    0.3275838792324066,
    0.39382675290107727,
    0.46286773681640625,
    0.534193754196167,
    0.6007843017578125,
    0.6558867692947388
  ],
  "selector_usage": {
    "codes_used": 8,
    "K": 8,
    "hist": [
      606,
      282,
      518,
      244,
      1025,
      424,
      442,
      459
    ]
  },
  "operator_spectral_radii": [
    1.807706594467163,
    1.8939427137374878,
    2.0939838886260986,
    1.9677635431289673,
    2.070626735687256,
    2.0316109657287598,
    2.051923990249634,
    1.9311143159866333
  ],
  "elapsed_sec": 44.10928511619568,
  "data": "outputs/disc_operator/latent_seq_40k_20260624_0004.npz",
  "N": 40000
}