{
  "arm": "disc",
  "codebook": 4,
  "unroll": 1,
  "hist": 3,
  "seed": 0,
  "n_params_M": 0.715396,
  "rollout_mse_vs_k": [
    0.0766940489411354,
    0.1878378540277481,
    0.29976028203964233,
    0.41398143768310547,
    0.5308285355567932,
    0.6398990750312805,
    0.7418162226676941,
    0.8370392918586731,
    0.9219759106636047,
    0.9950883388519287
  ],
  "natural_spread": 1.0001367330551147,
  "rollout_mse_over_spread": [
    0.07668356597423553,
    0.1878121793270111,
    0.29971930384635925,
    0.41392484307289124,
    0.5307559370994568,
    0.6398115754127502,
    0.7417148351669312,
    0.8369248509407043,
    0.9218498468399048,
    0.9949523210525513
  ],
  "selector_usage": {
    "codes_used": 4,
    "K": 4,
    "hist": [
      596,
      1348,
      813,
      1243
    ]
  },
  "operator_spectral_radii": [
    3.4271371364593506,
    3.0739054679870605,
    3.686605930328369,
    2.875166177749634
  ],
  "elapsed_sec": 17.457151651382446,
  "data": "outputs/disc_operator/latent_seq_40k_20260624_0004.npz",
  "N": 40000
}