{
  "arm": "disc",
  "codebook": 4,
  "unroll": 5,
  "hist": 3,
  "seed": 2,
  "n_params_M": 0.715396,
  "rollout_mse_vs_k": [
    0.11276619136333466,
    0.21303831040859222,
    0.2781444191932678,
    0.33059272170066833,
    0.3941994607448578,
    0.4684634506702423,
    0.5481041073799133,
    0.624624490737915,
    0.7008814811706543,
    0.7688608169555664
  ],
  "natural_spread": 1.0001367330551147,
  "rollout_mse_over_spread": [
    0.11275077611207962,
    0.21300917863845825,
    0.2781063914299011,
    0.3305475115776062,
    0.39414557814598083,
    0.46839940547943115,
    0.5480291843414307,
    0.6245390772819519,
    0.7007856369018555,
    0.7687556743621826
  ],
  "selector_usage": {
    "codes_used": 4,
    "K": 4,
    "hist": [
      1302,
      710,
      1132,
      856
    ]
  },
  "operator_spectral_radii": [
    2.1021506786346436,
    2.2052016258239746,
    1.9048165082931519,
    2.7867555618286133
  ],
  "elapsed_sec": 34.69795083999634,
  "data": "outputs/disc_operator/latent_seq_40k_20260624_0004.npz",
  "N": 40000
}