{
  "arm": "disc_c",
  "codebook": 16,
  "unroll": 5,
  "hist": 3,
  "seed": 2,
  "n_params_M": 1.166224,
  "rollout_mse_vs_k": [
    0.07804623991250992,
    0.14654496312141418,
    0.18875831365585327,
    0.22929733991622925,
    0.2796955108642578,
    0.3342685103416443,
    0.3959232568740845,
    0.45706063508987427,
    0.5161370038986206,
    0.5664396286010742
  ],
  "natural_spread": 1.0001367330551147,
  "rollout_mse_over_spread": [
    0.07803557068109512,
    0.14652492105960846,
    0.18873250484466553,
    0.2292659878730774,
    0.2796572744846344,
    0.33422282338142395,
    0.3958691358566284,
    0.45699813961982727,
    0.5160664319992065,
    0.566362202167511
  ],
  "selector_usage": {
    "codes_used": 16,
    "K": 16,
    "hist": [
      251,
      503,
      711,
      79,
      102,
      151,
      312,
      208,
      334,
      282,
      232,
      289,
      192,
      199,
      35,
      120
    ]
  },
  "operator_spectral_radii": [
    1.0000238418579102,
    1.0000224113464355,
    1.0000139474868774,
    1.0000090599060059,
    1.000018835067749,
    1.000199317932129,
    1.0000494718551636,
    1.0000121593475342,
    1.0085837841033936,
    1.0168298482894897,
    1.000016450881958,
    1.000177264213562,
    1.0000207424163818,
    1.0012526512145996,
    1.0000102519989014,
    1.0056339502334595
  ],
  "elapsed_sec": 171.3313286304474,
  "data": "outputs/disc_operator/latent_seq_40k_20260624_0004.npz",
  "N": 40000
}