{
  "arm": "disc",
  "codebook": 8,
  "unroll": 1,
  "hist": 3,
  "seed": 2,
  "n_params_M": 0.865672,
  "rollout_mse_vs_k": [
    0.057696033269166946,
    0.13605588674545288,
    0.2241799235343933,
    0.3213145136833191,
    0.4296472668647766,
    0.5393127202987671,
    0.6458892822265625,
    0.7557368278503418,
    0.8585545420646667,
    0.9487306475639343
  ],
  "natural_spread": 1.0001367330551147,
  "rollout_mse_over_spread": [
    0.0576881468296051,
    0.13603729009628296,
    0.22414927184581757,
    0.32127058506011963,
    0.42958852648735046,
    0.5392389893531799,
    0.6458010077476501,
    0.755633533000946,
    0.858437180519104,
    0.9486009478569031
  ],
  "selector_usage": {
    "codes_used": 8,
    "K": 8,
    "hist": [
      1288,
      359,
      447,
      194,
      295,
      409,
      782,
      226
    ]
  },
  "operator_spectral_radii": [
    2.1584079265594482,
    2.8042526245117188,
    2.9960508346557617,
    3.5044822692871094,
    2.904313802719116,
    3.1408743858337402,
    2.721015214920044,
    2.941570281982422
  ],
  "elapsed_sec": 15.072195768356323,
  "data": "outputs/disc_operator/latent_seq_40k_20260624_0004.npz",
  "N": 40000
}