{
  "arm": "disc",
  "codebook": 4,
  "unroll": 1,
  "hist": 3,
  "seed": 1,
  "n_params_M": 0.715396,
  "rollout_mse_vs_k": [
    0.07507391273975372,
    0.18527616560459137,
    0.29720237851142883,
    0.4091487526893616,
    0.524946391582489,
    0.6331770420074463,
    0.7351834177970886,
    0.8285095691680908,
    0.9133626222610474,
    0.9816098809242249
  ],
  "natural_spread": 1.0001367330551147,
  "rollout_mse_over_spread": [
    0.07506364583969116,
    0.18525083363056183,
    0.2971617579460144,
    0.40909281373023987,
    0.5248746275901794,
    0.6330904960632324,
    0.7350829243659973,
    0.8283963203430176,
    0.9132377505302429,
    0.9814756512641907
  ],
  "selector_usage": {
    "codes_used": 4,
    "K": 4,
    "hist": [
      1289,
      785,
      1212,
      714
    ]
  },
  "operator_spectral_radii": [
    3.306663751602173,
    3.3686282634735107,
    3.044684410095215,
    3.3198182582855225
  ],
  "elapsed_sec": 13.389345645904541,
  "data": "outputs/disc_operator/latent_seq_40k_20260624_0004.npz",
  "N": 40000
}