{
  "arm": "disc_c",
  "codebook": 32,
  "unroll": 5,
  "hist": 3,
  "seed": 1,
  "n_params_M": 1.767328,
  "rollout_mse_vs_k": [
    0.06728111952543259,
    0.12549574673175812,
    0.16488690674304962,
    0.20584578812122345,
    0.26032519340515137,
    0.322853147983551,
    0.3862970769405365,
    0.45125576853752136,
    0.5165181159973145,
    0.5709211230278015
  ],
  "natural_spread": 1.0001367330551147,
  "rollout_mse_over_spread": [
    0.06727191805839539,
    0.125478595495224,
    0.16486436128616333,
    0.20581763982772827,
    0.26028960943222046,
    0.32280901074409485,
    0.3862442672252655,
    0.45119407773017883,
    0.5164474844932556,
    0.5708430409431458
  ],
  "selector_usage": {
    "codes_used": 24,
    "K": 32,
    "hist": [
      0,
      177,
      109,
      105,
      0,
      128,
      473,
      88,
      98,
      186,
      29,
      0,
      0,
      166,
      170,
      3,
      267,
      111,
      0,
      135,
      216,
      46,
      186,
      0,
      133,
      82,
      0,
      457,
      72,
      510,
      53,
      0
    ]
  },
  "operator_spectral_radii": [
    1.0000256299972534,
    1.0162022113800049,
    1.0000251531600952,
    1.0148472785949707,
    1.0000313520431519,
    1.000017762184143,
    1.000011920928955,
    1.0054818391799927,
    1.0453518629074097,
    1.008473515510559,
    1.0000205039978027,
    1.000020146369934,
    1.0000109672546387,
    1.0000529289245605,
    1.0135923624038696,
    1.000022053718567,
    1.0008913278579712,
    1.0000224113464355,
    1.000009536743164,
    1.0019054412841797,
    1.000018835067749,
    1.0001418590545654,
    1.0002079010009766,
    1.0000159740447998,
    1.001695156097412,
    1.0000578165054321,
    1.0000123977661133,
    1.0002607107162476,
    1.0000287294387817,
    1.0000228881835938,
    1.0126655101776123,
    1.0000107288360596
  ],
  "elapsed_sec": 303.990651845932,
  "data": "outputs/disc_operator/latent_seq_40k_20260624_0004.npz",
  "N": 40000
}