{
  "arm": "disc",
  "codebook": 16,
  "unroll": 5,
  "hist": 3,
  "seed": 0,
  "n_params_M": 1.166224,
  "rollout_mse_vs_k": [
    0.17274226248264313,
    0.2365194708108902,
    0.30093270540237427,
    0.3655148446559906,
    0.4378832280635834,
    0.5173515677452087,
    0.5943772196769714,
    0.6636598706245422,
    0.7263891696929932,
    0.7798642516136169
  ],
  "natural_spread": 1.0001367330551147,
  "rollout_mse_over_spread": [
    0.17271864414215088,
    0.23648713529109955,
    0.30089157819747925,
    0.36546486616134644,
    0.4378233551979065,
    0.5172808170318604,
    0.5942959785461426,
    0.6635691523551941,
    0.7262898683547974,
    0.7797576189041138
  ],
  "selector_usage": {
    "codes_used": 16,
    "K": 16,
    "hist": [
      149,
      306,
      255,
      178,
      107,
      504,
      275,
      44,
      243,
      137,
      488,
      4,
      677,
      45,
      73,
      515
    ]
  },
  "operator_spectral_radii": [
    1.8678295612335205,
    2.0700948238372803,
    1.8292866945266724,
    1.828200101852417,
    1.8899352550506592,
    2.374479055404663,
    2.5770082473754883,
    3.184464693069458,
    1.7313648462295532,
    4.124208927154541,
    1.9402263164520264,
    3.262584924697876,
    2.6532950401306152,
    1.9023144245147705,
    1.952001929283142,
    1.9419704675674438
  ],
  "elapsed_sec": 59.49121069908142,
  "data": "outputs/disc_operator/latent_seq_40k_20260624_0004.npz",
  "N": 40000
}