{
  "arm": "disc_c",
  "codebook": 8,
  "unroll": 5,
  "hist": 3,
  "seed": 0,
  "n_params_M": 0.865672,
  "rollout_mse_vs_k": [
    0.08275414258241653,
    0.16158410906791687,
    0.21285124123096466,
    0.25515216588974,
    0.3093252182006836,
    0.36867862939834595,
    0.4338962435722351,
    0.5031711459159851,
    0.5696811676025391,
    0.6252967119216919
  ],
  "natural_spread": 1.0001367330551147,
  "rollout_mse_over_spread": [
    0.0827428326010704,
    0.1615620255470276,
    0.21282213926315308,
    0.2551172971725464,
    0.30928292870521545,
    0.36862823367118835,
    0.4338369369506836,
    0.5031023621559143,
    0.5696032643318176,
    0.625211238861084
  ],
  "selector_usage": {
    "codes_used": 8,
    "K": 8,
    "hist": [
      886,
      530,
      300,
      378,
      419,
      875,
      333,
      279
    ]
  },
  "operator_spectral_radii": [
    1.0000392198562622,
    1.0078558921813965,
    1.0049960613250732,
    1.0136922597885132,
    1.0083626508712769,
    1.0000252723693848,
    1.0226739645004272,
    1.004629135131836
  ],
  "elapsed_sec": 99.79283952713013,
  "data": "outputs/disc_operator/latent_seq_40k_20260624_0004.npz",
  "N": 40000
}