{
  "arm": "disc",
  "codebook": 4,
  "unroll": 1,
  "hist": 3,
  "seed": 2,
  "n_params_M": 0.715396,
  "rollout_mse_vs_k": [
    0.07421316206455231,
    0.18126000463962555,
    0.28982284665107727,
    0.40052348375320435,
    0.5148571133613586,
    0.6240411996841431,
    0.7279988527297974,
    0.8267179131507874,
    0.9167527556419373,
    0.9928507208824158
  ],
  "natural_spread": 1.0001367330551147,
  "rollout_mse_over_spread": [
    0.0742030143737793,
    0.18123522400856018,
    0.28978320956230164,
    0.40046873688697815,
    0.5147867202758789,
    0.6239559054374695,
    0.7278993129730225,
    0.8266049027442932,
    0.9166274070739746,
    0.9927150011062622
  ],
  "selector_usage": {
    "codes_used": 4,
    "K": 4,
    "hist": [
      961,
      1177,
      640,
      1222
    ]
  },
  "operator_spectral_radii": [
    3.5643904209136963,
    3.4031689167022705,
    3.550715684890747,
    3.3043816089630127
  ],
  "elapsed_sec": 13.010051727294922,
  "data": "outputs/disc_operator/latent_seq_40k_20260624_0004.npz",
  "N": 40000
}