{
  "arm": "disc_c",
  "codebook": 8,
  "unroll": 5,
  "hist": 3,
  "seed": 1,
  "n_params_M": 0.865672,
  "rollout_mse_vs_k": [
    0.08149216324090958,
    0.15658390522003174,
    0.204588383436203,
    0.2457273304462433,
    0.29674655199050903,
    0.3567273020744324,
    0.4228966534137726,
    0.4878827929496765,
    0.551672101020813,
    0.6062581539154053
  ],
  "natural_spread": 1.0001367330551147,
  "rollout_mse_over_spread": [
    0.08148102462291718,
    0.15656249225139618,
    0.20456041395664215,
    0.24569374322891235,
    0.2967059910297394,
    0.3566785454750061,
    0.42283883690834045,
    0.48781609535217285,
    0.5515967011451721,
    0.6061752438545227
  ],
  "selector_usage": {
    "codes_used": 8,
    "K": 8,
    "hist": [
      411,
      393,
      733,
      262,
      345,
      418,
      525,
      913
    ]
  },
  "operator_spectral_radii": [
    1.0054121017456055,
    1.0242308378219604,
    1.006448745727539,
    1.0077407360076904,
    1.001049280166626,
    1.0030850172042847,
    1.0034880638122559,
    1.0000252723693848
  ],
  "elapsed_sec": 95.29078197479248,
  "data": "outputs/disc_operator/latent_seq_40k_20260624_0004.npz",
  "N": 40000
}