{
  "arm": "disc",
  "codebook": 8,
  "unroll": 1,
  "hist": 3,
  "seed": 1,
  "n_params_M": 0.865672,
  "rollout_mse_vs_k": [
    0.05611160397529602,
    0.13362866640090942,
    0.21900829672813416,
    0.3125531077384949,
    0.4174421429634094,
    0.5231236815452576,
    0.6289194822311401,
    0.7330060005187988,
    0.8334814310073853,
    0.9192542433738708
  ],
  "natural_spread": 1.0001367330551147,
  "rollout_mse_over_spread": [
    0.05610393360257149,
    0.13361039757728577,
    0.21897836029529572,
    0.3125103712081909,
    0.417385071516037,
    0.5230521559715271,
    0.6288334727287292,
    0.7329058051109314,
    0.8333674669265747,
    0.9191285967826843
  ],
  "selector_usage": {
    "codes_used": 8,
    "K": 8,
    "hist": [
      791,
      477,
      245,
      264,
      462,
      327,
      954,
      480
    ]
  },
  "operator_spectral_radii": [
    2.6564018726348877,
    2.7861151695251465,
    2.793060302734375,
    3.0826237201690674,
    2.981314182281494,
    3.188978433609009,
    2.436307907104492,
    3.001542091369629
  ],
  "elapsed_sec": 15.061436653137207,
  "data": "outputs/disc_operator/latent_seq_40k_20260624_0004.npz",
  "N": 40000
}