{
  "arm": "disc",
  "codebook": 16,
  "unroll": 1,
  "hist": 3,
  "seed": 2,
  "n_params_M": 1.166224,
  "rollout_mse_vs_k": [
    0.04486782103776932,
    0.10542500764131546,
    0.1765349954366684,
    0.259805291891098,
    0.35637524724006653,
    0.4589584767818451,
    0.5626372694969177,
    0.6713684797286987,
    0.7734386920928955,
    0.8652914762496948
  ],
  "natural_spread": 1.0001367330551147,
  "rollout_mse_over_spread": [
    0.04486168548464775,
    0.10541059821844101,
    0.17651085555553436,
    0.2597697675228119,
    0.35632652044296265,
    0.458895742893219,
    0.5625603199005127,
    0.6712766885757446,
    0.773332953453064,
    0.8651731610298157
  ],
  "selector_usage": {
    "codes_used": 16,
    "K": 16,
    "hist": [
      153,
      591,
      196,
      101,
      163,
      148,
      195,
      330,
      76,
      155,
      166,
      648,
      217,
      233,
      244,
      384
    ]
  },
  "operator_spectral_radii": [
    2.420663356781006,
    2.0360629558563232,
    2.7863335609436035,
    2.8898768424987793,
    2.8127260208129883,
    2.3839733600616455,
    2.8164613246917725,
    2.34385085105896,
    2.865748167037964,
    2.798170804977417,
    2.3526058197021484,
    1.8508235216140747,
    2.2723374366760254,
    3.177072525024414,
    2.726952314376831,
    2.2173638343811035
  ],
  "elapsed_sec": 17.82460880279541,
  "data": "outputs/disc_operator/latent_seq_40k_20260624_0004.npz",
  "N": 40000
}