{
  "arm": "disc",
  "codebook": 8,
  "unroll": 5,
  "hist": 3,
  "seed": 2,
  "n_params_M": 0.865672,
  "rollout_mse_vs_k": [
    0.08498408645391464,
    0.15574900805950165,
    0.2034054398536682,
    0.247622549533844,
    0.30456453561782837,
    0.3732041120529175,
    0.44552749395370483,
    0.5199915170669556,
    0.5893396735191345,
    0.6485310196876526
  ],
  "natural_spread": 1.0001367330551147,
  "rollout_mse_over_spread": [
    0.08497247099876404,
    0.15572771430015564,
    0.2033776342868805,
    0.24758869409561157,
    0.30452290177345276,
    0.37315309047698975,
    0.4454665780067444,
    0.5199204087257385,
    0.5892590880393982,
    0.6484423279762268
  ],
  "selector_usage": {
    "codes_used": 8,
    "K": 8,
    "hist": [
      243,
      471,
      858,
      257,
      860,
      363,
      357,
      591
    ]
  },
  "operator_spectral_radii": [
    1.8564362525939941,
    1.9188417196273804,
    1.8907580375671387,
    2.150024652481079,
    2.081782817840576,
    1.987958312034607,
    1.8931427001953125,
    1.8173387050628662
  ],
  "elapsed_sec": 41.62768006324768,
  "data": "outputs/disc_operator/latent_seq_40k_20260624_0004.npz",
  "N": 40000
}