{
  "arm": "disc",
  "codebook": 8,
  "unroll": 5,
  "hist": 3,
  "seed": 0,
  "n_params_M": 0.865672,
  "rollout_mse_vs_k": [
    0.10447976738214493,
    0.19288073480129242,
    0.24886173009872437,
    0.29889532923698425,
    0.3625519275665283,
    0.4350767433643341,
    0.5102131366729736,
    0.58510822057724,
    0.6548934578895569,
    0.7147566676139832
  ],
  "natural_spread": 1.0001367330551147,
  "rollout_mse_over_spread": [
    0.10446548461914062,
    0.1928543597459793,
    0.2488277107477188,
    0.2988544702529907,
    0.3625023663043976,
    0.43501725792884827,
    0.5101433992385864,
    0.5850282311439514,
    0.6548039317131042,
    0.7146589756011963
  ],
  "selector_usage": {
    "codes_used": 8,
    "K": 8,
    "hist": [
      488,
      645,
      1026,
      477,
      209,
      457,
      401,
      297
    ]
  },
  "operator_spectral_radii": [
    1.9108061790466309,
    2.3300631046295166,
    1.72736394405365,
    1.8544895648956299,
    2.247159957885742,
    1.8987094163894653,
    1.9399282932281494,
    1.9291136264801025
  ],
  "elapsed_sec": 41.3674840927124,
  "data": "outputs/disc_operator/latent_seq_40k_20260624_0004.npz",
  "N": 40000
}