{
  "arm": "disc",
  "codebook": 16,
  "unroll": 5,
  "hist": 3,
  "seed": 1,
  "n_params_M": 1.166224,
  "rollout_mse_vs_k": [
    0.08752347528934479,
    0.15635791420936584,
    0.20332950353622437,
    0.25189968943595886,
    0.3128352761268616,
    0.37684279680252075,
    0.4454277753829956,
    0.5165404677391052,
    0.586434543132782,
    0.645335853099823
  ],
  "natural_spread": 1.0001367330551147,
  "rollout_mse_over_spread": [
    0.08751150965690613,
    0.15633653104305267,
    0.20330171287059784,
    0.2518652379512787,
    0.31279250979423523,
    0.3767912685871124,
    0.44536688923835754,
    0.5164698362350464,
    0.5863543748855591,
    0.6452476382255554
  ],
  "selector_usage": {
    "codes_used": 16,
    "K": 16,
    "hist": [
      74,
      65,
      136,
      322,
      450,
      675,
      166,
      206,
      35,
      127,
      163,
      236,
      337,
      568,
      238,
      202
    ]
  },
  "operator_spectral_radii": [
    1.7699633836746216,
    1.6905736923217773,
    1.80318021774292,
    1.8240083456039429,
    1.8700227737426758,
    1.8981525897979736,
    2.077565908432007,
    1.8981024026870728,
    3.743544340133667,
    1.860453486442566,
    1.9752928018569946,
    1.8698716163635254,
    1.8757423162460327,
    2.012511730194092,
    1.8920350074768066,
    1.838544249534607
  ],
  "elapsed_sec": 58.038615226745605,
  "data": "outputs/disc_operator/latent_seq_40k_20260624_0004.npz",
  "N": 40000
}