{
  "arm": "disc_c",
  "codebook": 32,
  "unroll": 5,
  "hist": 3,
  "seed": 0,
  "n_params_M": 1.767328,
  "rollout_mse_vs_k": [
    0.06739239394664764,
    0.12681423127651215,
    0.16677121818065643,
    0.20786669850349426,
    0.25752535462379456,
    0.3132176399230957,
    0.373501181602478,
    0.43273332715034485,
    0.49012771248817444,
    0.5355318188667297
  ],
  "natural_spread": 1.0001367330551147,
  "rollout_mse_over_spread": [
    0.06738317757844925,
    0.1267969012260437,
    0.16674841940402985,
    0.2078382819890976,
    0.2574901580810547,
    0.3131748139858246,
    0.3734501302242279,
    0.4326741695404053,
    0.4900607168674469,
    0.5354586243629456
  ],
  "selector_usage": {
    "codes_used": 21,
    "K": 32,
    "hist": [
      0,
      163,
      68,
      149,
      116,
      0,
      318,
      0,
      0,
      0,
      818,
      242,
      516,
      0,
      144,
      288,
      94,
      0,
      0,
      4,
      0,
      0,
      67,
      58,
      277,
      142,
      225,
      0,
      104,
      39,
      79,
      89
    ]
  },
  "operator_spectral_radii": [
    1.000013828277588,
    1.0000184774398804,
    1.0021964311599731,
    1.0000543594360352,
    1.0000500679016113,
    1.0000263452529907,
    1.0000282526016235,
    1.0000215768814087,
    1.000023603439331,
    1.0000230073928833,
    1.000016212463379,
    1.0000556707382202,
    1.0004067420959473,
    1.0000202655792236,
    1.0093461275100708,
    1.0064679384231567,
    1.0000133514404297,
    1.000019907951355,
    1.0000208616256714,
    1.0000159740447998,
    1.0000269412994385,
    1.0000218152999878,
    1.000029444694519,
    1.0000232458114624,
    1.0000247955322266,
    1.000022053718567,
    1.0004240274429321,
    1.0000256299972534,
    1.0010902881622314,
    1.0000367164611816,
    1.0112247467041016,
    1.0000171661376953
  ],
  "elapsed_sec": 296.4516236782074,
  "data": "outputs/disc_operator/latent_seq_40k_20260624_0004.npz",
  "N": 40000
}