{
  "arm": "disc_c",
  "codebook": 4,
  "unroll": 5,
  "hist": 3,
  "seed": 0,
  "n_params_M": 0.715396,
  "rollout_mse_vs_k": [
    0.10334965586662292,
    0.20648612082004547,
    0.2688295543193817,
    0.314534455537796,
    0.36942821741104126,
    0.43689805269241333,
    0.5131939053535461,
    0.5959425568580627,
    0.6740328073501587,
    0.7427584528923035
  ],
  "natural_spread": 1.0001367330551147,
  "rollout_mse_over_spread": [
    0.10333552956581116,
    0.20645789802074432,
    0.2687928080558777,
    0.3144914507865906,
    0.3693777024745941,
    0.4368383288383484,
    0.5131237506866455,
    0.5958610773086548,
    0.6739406585693359,
    0.7426568865776062
  ],
  "selector_usage": {
    "codes_used": 4,
    "K": 4,
    "hist": [
      1284,
      922,
      838,
      956
    ]
  },
  "operator_spectral_radii": [
    1.0174901485443115,
    1.0208384990692139,
    1.0004587173461914,
    1.022710919380188
  ],
  "elapsed_sec": 62.40497279167175,
  "data": "outputs/disc_operator/latent_seq_40k_20260624_0004.npz",
  "N": 40000
}