{
  "arm": "disc",
  "codebook": 16,
  "unroll": 5,
  "hist": 3,
  "seed": 2,
  "n_params_M": 1.166224,
  "rollout_mse_vs_k": [
    0.08423295617103577,
    0.14730221033096313,
    0.19210302829742432,
    0.2380545288324356,
    0.29499685764312744,
    0.3569973111152649,
    0.4217659533023834,
    0.4890727400779724,
    0.5563472509384155,
    0.6114417910575867
  ],
  "natural_spread": 1.0001367330551147,
  "rollout_mse_over_spread": [
    0.08422143757343292,
    0.14728207886219025,
    0.19207677245140076,
    0.23802198469638824,
    0.2949565351009369,
    0.35694849491119385,
    0.42170828580856323,
    0.4890058636665344,
    0.5562711954116821,
    0.6113582253456116
  ],
  "selector_usage": {
    "codes_used": 16,
    "K": 16,
    "hist": [
      240,
      129,
      248,
      112,
      498,
      181,
      193,
      160,
      95,
      673,
      676,
      136,
      176,
      288,
      2,
      193
    ]
  },
  "operator_spectral_radii": [
    1.672828197479248,
    1.7131483554840088,
    1.9900314807891846,
    1.9585391283035278,
    1.8295001983642578,
    1.8570467233657837,
    1.7894953489303589,
    1.8533329963684082,
    1.875604271888733,
    1.938184142112732,
    1.8394334316253662,
    1.6815980672836304,
    1.790640950202942,
    1.9003190994262695,
    2.068678379058838,
    1.8473776578903198
  ],
  "elapsed_sec": 59.437031745910645,
  "data": "outputs/disc_operator/latent_seq_40k_20260624_0004.npz",
  "N": 40000
}