{
  "arm": "disc",
  "codebook": 32,
  "unroll": 1,
  "hist": 3,
  "seed": 2,
  "n_params_M": 1.767328,
  "rollout_mse_vs_k": [
    0.03916000947356224,
    0.09192370623350143,
    0.15552127361297607,
    0.23225264251232147,
    0.32430633902549744,
    0.42252758145332336,
    0.5214176177978516,
    0.6251977682113647,
    0.7282648086547852,
    0.8202909231185913
  ],
  "natural_spread": 1.0001367330551147,
  "rollout_mse_over_spread": [
    0.03915465623140335,
    0.09191113710403442,
    0.15550000965595245,
    0.23222088813781738,
    0.32426199316978455,
    0.422469824552536,
    0.5213463306427002,
    0.6251122951507568,
    0.7281652688980103,
    0.8201788067817688
  ],
  "selector_usage": {
    "codes_used": 27,
    "K": 32,
    "hist": [
      316,
      107,
      50,
      48,
      86,
      625,
      445,
      264,
      74,
      95,
      126,
      258,
      0,
      119,
      0,
      212,
      81,
      84,
      146,
      0,
      0,
      115,
      73,
      25,
      141,
      0,
      71,
      99,
      60,
      86,
      102,
      92
    ]
  },
  "operator_spectral_radii": [
    2.2488131523132324,
    2.9621951580047607,
    2.6788814067840576,
    3.254267692565918,
    2.469233274459839,
    1.815858006477356,
    1.8225082159042358,
    2.47920823097229,
    2.641319513320923,
    2.816983938217163,
    2.9382576942443848,
    2.281831741333008,
    0.9820842146873474,
    2.5868139266967773,
    1.128598928451538,
    1.8876854181289673,
    2.9185543060302734,
    2.3364524841308594,
    2.3006649017333984,
    1.0841319561004639,
    1.0615756511688232,
    2.3054802417755127,
    2.5513994693756104,
    3.2421751022338867,
    2.424669027328491,
    1.052248477935791,
    2.7626328468322754,
    2.0421347618103027,
    2.024012327194214,
    2.305392265319824,
    2.291450023651123,
    2.698829412460327
  ],
  "elapsed_sec": 24.250308990478516,
  "data": "outputs/disc_operator/latent_seq_40k_20260624_0004.npz",
  "N": 40000
}