{
  "arm": "disc_c",
  "codebook": 16,
  "unroll": 1,
  "hist": 3,
  "seed": 0,
  "n_params_M": 1.166224,
  "rollout_mse_vs_k": [
    0.04764942452311516,
    0.11148475855588913,
    0.18145501613616943,
    0.26356080174446106,
    0.353880375623703,
    0.4454800486564636,
    0.5345939993858337,
    0.6214457154273987,
    0.7028471827507019,
    0.7663551568984985
  ],
  "natural_spread": 1.0001367330551147,
  "rollout_mse_over_spread": [
    0.04764290899038315,
    0.11146951466798782,
    0.18143020570278168,
    0.26352477073669434,
    0.3538320064544678,
    0.4454191327095032,
    0.5345209240913391,
    0.6213607788085938,
    0.702751100063324,
    0.7662503719329834
  ],
  "selector_usage": {
    "codes_used": 16,
    "K": 16,
    "hist": [
      320,
      87,
      136,
      225,
      685,
      176,
      214,
      77,
      484,
      233,
      203,
      134,
      189,
      421,
      187,
      229
    ]
  },
  "operator_spectral_radii": [
    1.0494986772537231,
    1.0438140630722046,
    1.0527092218399048,
    1.0607651472091675,
    1.0000383853912354,
    1.0635169744491577,
    1.0287060737609863,
    1.0403848886489868,
    1.000016450881958,
    1.0674571990966797,
    1.0585589408874512,
    1.0451841354370117,
    1.0337250232696533,
    1.0000555515289307,
    1.031172275543213,
    1.0928598642349243
  ],
  "elapsed_sec": 43.70004153251648,
  "data": "outputs/disc_operator/latent_seq_40k_20260624_0004.npz",
  "N": 40000
}