{
  "arm": "disc",
  "codebook": 32,
  "unroll": 5,
  "hist": 3,
  "seed": 0,
  "n_params_M": 1.767328,
  "rollout_mse_vs_k": [
    0.10363319516181946,
    0.17181803286075592,
    0.2181941717863083,
    0.264055460691452,
    0.32378315925598145,
    0.38672396540641785,
    0.45081856846809387,
    0.5141424536705017,
    0.5726945996284485,
    0.6191272139549255
  ],
  "natural_spread": 1.0001367330551147,
  "rollout_mse_over_spread": [
    0.10361902415752411,
    0.17179454863071442,
    0.2181643396615982,
    0.2640193700790405,
    0.3237389028072357,
    0.3866710960865021,
    0.4507569372653961,
    0.5140721797943115,
    0.5726162791252136,
    0.6190425753593445
  ],
  "selector_usage": {
    "codes_used": 20,
    "K": 32,
    "hist": [
      0,
      356,
      3,
      192,
      94,
      60,
      272,
      0,
      0,
      0,
      0,
      70,
      0,
      0,
      148,
      322,
      0,
      0,
      496,
      245,
      0,
      0,
      292,
      0,
      118,
      156,
      116,
      165,
      116,
      9,
      480,
      290
    ]
  },
  "operator_spectral_radii": [
    1.192609190940857,
    2.038736343383789,
    1.7241066694259644,
    3.3555924892425537,
    1.8751347064971924,
    2.141785144805908,
    1.9309509992599487,
    1.3715152740478516,
    1.268187403678894,
    1.1794607639312744,
    1.2119364738464355,
    1.8360642194747925,
    1.3897936344146729,
    1.1787673234939575,
    1.9690406322479248,
    1.9537594318389893,
    1.3236044645309448,
    1.3768686056137085,
    1.9459985494613647,
    1.6479570865631104,
    1.2077734470367432,
    1.42351233959198,
    1.7897950410842896,
    1.3964449167251587,
    1.9825401306152344,
    2.1284196376800537,
    1.9907481670379639,
    1.8815990686416626,
    2.32010817527771,
    2.195892095565796,
    2.0421500205993652,
    2.123900890350342
  ],
  "elapsed_sec": 92.41911816596985,
  "data": "outputs/disc_operator/latent_seq_40k_20260624_0004.npz",
  "N": 40000
}