{
  "arm": "disc",
  "codebook": 32,
  "unroll": 1,
  "hist": 3,
  "seed": 0,
  "n_params_M": 1.767328,
  "rollout_mse_vs_k": [
    0.03923840448260307,
    0.08965610712766647,
    0.15104970335960388,
    0.22652986645698547,
    0.31540071964263916,
    0.4112212359905243,
    0.5100743174552917,
    0.6096320748329163,
    0.7063082456588745,
    0.7929360270500183
  ],
  "natural_spread": 1.0001367330551147,
  "rollout_mse_over_spread": [
    0.03923304006457329,
    0.08964385092258453,
    0.1510290503501892,
    0.22649890184402466,
    0.31535759568214417,
    0.4111650288105011,
    0.5100045800209045,
    0.6095487475395203,
    0.7062116861343384,
    0.7928276062011719
  ],
  "selector_usage": {
    "codes_used": 29,
    "K": 32,
    "hist": [
      31,
      85,
      133,
      0,
      66,
      33,
      121,
      79,
      0,
      89,
      145,
      552,
      7,
      57,
      119,
      500,
      59,
      0,
      170,
      81,
      38,
      176,
      119,
      183,
      116,
      171,
      39,
      51,
      158,
      95,
      264,
      263
    ]
  },
  "operator_spectral_radii": [
    2.75777268409729,
    2.7499141693115234,
    2.8876121044158936,
    1.1283762454986572,
    2.6773030757904053,
    1.6941425800323486,
    2.5223891735076904,
    2.5342016220092773,
    1.0681712627410889,
    2.3095486164093018,
    2.2501418590545654,
    1.6261619329452515,
    1.7787666320800781,
    2.4115853309631348,
    2.2688283920288086,
    1.8509166240692139,
    2.1672513484954834,
    1.1931761503219604,
    2.841956853866577,
    2.942598342895508,
    1.726415753364563,
    2.1959645748138428,
    2.7875027656555176,
    2.2586731910705566,
    2.3497469425201416,
    2.2273640632629395,
    3.233328104019165,
    2.321136951446533,
    2.15229868888855,
    2.5781514644622803,
    2.116922616958618,
    1.7647627592086792
  ],
  "elapsed_sec": 24.60617232322693,
  "data": "outputs/disc_operator/latent_seq_40k_20260624_0004.npz",
  "N": 40000
}