{
  "arm": "disc",
  "codebook": 32,
  "unroll": 5,
  "hist": 3,
  "seed": 1,
  "n_params_M": 1.767328,
  "rollout_mse_vs_k": [
    0.206104576587677,
    0.28739383816719055,
    0.348797082901001,
    0.4076981842517853,
    0.47431063652038574,
    0.5448662042617798,
    0.6177358031272888,
    0.685631275177002,
    0.7440779805183411,
    0.7921832799911499
  ],
  "natural_spread": 1.0001367330551147,
  "rollout_mse_over_spread": [
    0.20607639849185944,
    0.28735455870628357,
    0.34874939918518066,
    0.4076424539089203,
    0.4742457866668701,
    0.5447916984558105,
    0.6176513433456421,
    0.6855375170707703,
    0.7439762353897095,
    0.792074978351593
  ],
  "selector_usage": {
    "codes_used": 20,
    "K": 32,
    "hist": [
      3,
      0,
      188,
      359,
      0,
      113,
      247,
      0,
      402,
      459,
      0,
      116,
      213,
      0,
      46,
      18,
      97,
      286,
      0,
      0,
      0,
      36,
      393,
      0,
      0,
      114,
      740,
      81,
      82,
      0,
      0,
      7
    ]
  },
  "operator_spectral_radii": [
    3.9201643466949463,
    1.9421368837356567,
    1.982763409614563,
    3.8771369457244873,
    1.2971299886703491,
    2.634859085083008,
    2.145787477493286,
    1.869782567024231,
    3.2114295959472656,
    2.077692747116089,
    1.380761742591858,
    1.8428066968917847,
    2.564657211303711,
    4.142513275146484,
    2.2473995685577393,
    2.7603044509887695,
    2.5405349731445312,
    2.004589319229126,
    1.3300015926361084,
    1.2423933744430542,
    1.4570481777191162,
    2.1805434226989746,
    2.465803861618042,
    2.870828866958618,
    1.3053141832351685,
    5.957669258117676,
    2.082571506500244,
    2.8464715480804443,
    2.0491061210632324,
    1.4185746908187866,
    1.2264163494110107,
    3.0683906078338623
  ],
  "elapsed_sec": 89.22231483459473,
  "data": "outputs/disc_operator/latent_seq_40k_20260624_0004.npz",
  "N": 40000
}