{
  "arm": "disc_c",
  "codebook": 8,
  "unroll": 5,
  "hist": 3,
  "seed": 2,
  "n_params_M": 0.865672,
  "rollout_mse_vs_k": [
    0.08098199218511581,
    0.15558335185050964,
    0.20413915812969208,
    0.2455902099609375,
    0.2983739674091339,
    0.35586684942245483,
    0.4211238622665405,
    0.49251121282577515,
    0.562546968460083,
    0.6234779953956604
  ],
  "natural_spread": 1.0001367330551147,
  "rollout_mse_over_spread": [
    0.08097092062234879,
    0.15556208789348602,
    0.204111248254776,
    0.24555663764476776,
    0.29833316802978516,
    0.3558182120323181,
    0.4210662841796875,
    0.49244388937950134,
    0.5624700784683228,
    0.6233927607536316
  ],
  "selector_usage": {
    "codes_used": 8,
    "K": 8,
    "hist": [
      338,
      385,
      315,
      480,
      1040,
      287,
      236,
      919
    ]
  },
  "operator_spectral_radii": [
    1.0125380754470825,
    1.0020432472229004,
    1.0224684476852417,
    1.0006753206253052,
    1.000032663345337,
    1.009483814239502,
    1.0107734203338623,
    1.0026307106018066
  ],
  "elapsed_sec": 97.21725702285767,
  "data": "outputs/disc_operator/latent_seq_40k_20260624_0004.npz",
  "N": 40000
}