{
  "arm": "disc_c",
  "codebook": 16,
  "unroll": 1,
  "hist": 3,
  "seed": 1,
  "n_params_M": 1.166224,
  "rollout_mse_vs_k": [
    0.046026408672332764,
    0.10669893026351929,
    0.1762080043554306,
    0.2580457329750061,
    0.34666967391967773,
    0.43821775913238525,
    0.5299486517906189,
    0.6176301836967468,
    0.6962742209434509,
    0.7640255689620972
  ],
  "natural_spread": 1.0001367330551147,
  "rollout_mse_over_spread": [
    0.04602011665701866,
    0.10668434202671051,
    0.17618390917778015,
    0.2580104470252991,
    0.3466222882270813,
    0.438157856464386,
    0.529876172542572,
    0.6175457239151001,
    0.6961790323257446,
    0.7639211416244507
  ],
  "selector_usage": {
    "codes_used": 16,
    "K": 16,
    "hist": [
      704,
      165,
      158,
      268,
      148,
      176,
      128,
      196,
      485,
      159,
      170,
      269,
      325,
      155,
      97,
      397
    ]
  },
  "operator_spectral_radii": [
    1.000012755393982,
    1.0766322612762451,
    1.0752087831497192,
    1.0183942317962646,
    1.0933098793029785,
    1.0827902555465698,
    1.0203273296356201,
    1.0174765586853027,
    1.0000303983688354,
    1.0582410097122192,
    1.0292308330535889,
    1.0288771390914917,
    1.0446174144744873,
    1.068038821220398,
    1.039086103439331,
    1.0000115633010864
  ],
  "elapsed_sec": 38.823357343673706,
  "data": "outputs/disc_operator/latent_seq_40k_20260624_0004.npz",
  "N": 40000
}