{
  "metadata": {
    "policy": "quentinll/lewm-pusht",
    "dataset_name": "pusht_expert_train.h5",
    "env_name": "swm/PushT-v1",
    "num_samples": 200,
    "max_k": 10,
    "goal_offset": 25,
    "action_block": 5,
    "seed": 42,
    "device": "cuda",
    "shifts": {
      "id": [],
      "visual": [
        "background.color",
        "agent.color",
        "block.color",
        "goal.color"
      ],
      "geometry": [
        "block.scale",
        "agent.scale",
        "block.shape",
        "goal.scale"
      ]
    }
  },
  "rollout": {
    "id": {
      "terminated_fraction_by_k": [
        0.0,
        0.0,
        0.0,
        0.015,
        0.185,
        0.995,
        0.995,
        0.995,
        0.995,
        0.995,
        0.995
      ],
      "metrics": {
        "mse": {
          "metric": "mse",
          "mean_curve": [
            9.35385530967045e-14,
            0.02356475405395031,
            0.0554199181497097,
            0.10736916214227676,
            0.17481489479541779,
            0.2600005269050598,
            0.31749361753463745,
            0.3558281362056732,
            0.3985363841056824,
            0.4122192859649658,
            0.436452716588974
          ],
          "mean_curve_tau_k": 2.0,
          "sample_tau_k_mean": 2.6565656661987305,
          "sample_tau_k_median": 2.0,
          "sample_tau_k_valid_fraction": 0.99
        },
        "l2": {
          "metric": "l2",
          "mean_curve": [
            4.22389939558343e-06,
            1.9182298183441162,
            2.9151275157928467,
            3.9952216148376465,
            5.14743185043335,
            6.2779622077941895,
            6.9012627601623535,
            7.264242172241211,
            7.761341571807861,
            7.9347662925720215,
            8.204178810119629
          ],
          "mean_curve_tau_k": 3.0,
          "sample_tau_k_mean": 4.016042709350586,
          "sample_tau_k_median": 4.0,
          "sample_tau_k_valid_fraction": 0.935
        },
        "cosine": {
          "metric": "cosine",
          "mean_curve": [
            7.450580596923828e-09,
            0.013211412355303764,
            0.030559035018086433,
            0.05899002403020859,
            0.09625515341758728,
            0.14171871542930603,
            0.17288963496685028,
            0.1930442750453949,
            0.21772001683712006,
            0.2284821718931198,
            0.24388988316059113
          ],
          "mean_curve_tau_k": 2.0,
          "sample_tau_k_mean": 2.6954314708709717,
          "sample_tau_k_median": 2.0,
          "sample_tau_k_valid_fraction": 0.985
        }
      },
      "elapsed_sec": 9.782374858856201
    },
    "visual": {
      "terminated_fraction_by_k": [
        0.0,
        0.0,
        0.0,
        0.015,
        0.185,
        0.995,
        0.995,
        0.995,
        0.995,
        0.995,
        0.995
      ],
      "metrics": {
        "mse": {
          "metric": "mse",
          "mean_curve": [
            6.124015682583417e-14,
            0.11224852502346039,
            0.2256872057914734,
            0.31330955028533936,
            0.38305312395095825,
            0.45302829146385193,
            0.4898041784763336,
            0.5324599742889404,
            0.5684247016906738,
            0.6069402694702148,
            0.6367685794830322
          ],
          "mean_curve_tau_k": 2.0,
          "sample_tau_k_mean": 2.8071064949035645,
          "sample_tau_k_median": 2.0,
          "sample_tau_k_valid_fraction": 0.985
        },
        "l2": {
          "metric": "l2",
          "mean_curve": [
            3.398878334337496e-06,
            4.35610294342041,
            6.214400768280029,
            7.408910751342773,
            8.245011329650879,
            9.013723373413086,
            9.408764839172363,
            9.830133438110352,
            10.163021087646484,
            10.531829833984375,
            10.814422607421875
          ],
          "mean_curve_tau_k": 5.0,
          "sample_tau_k_mean": 4.656441688537598,
          "sample_tau_k_median": 4.0,
          "sample_tau_k_valid_fraction": 0.815
        },
        "cosine": {
          "metric": "cosine",
          "mean_curve": [
            -1.19209286886246e-09,
            0.14916521310806274,
            0.28383833169937134,
            0.3802264332771301,
            0.44781550765037537,
            0.5053741335868835,
            0.5332023501396179,
            0.5565910935401917,
            0.5773397088050842,
            0.6015400886535645,
            0.61476069688797
          ],
          "mean_curve_tau_k": 3.0,
          "sample_tau_k_mean": 2.6939890384674072,
          "sample_tau_k_median": 2.0,
          "sample_tau_k_valid_fraction": 0.915
        }
      },
      "elapsed_sec": 10.557741641998291
    },
    "geometry": {
      "terminated_fraction_by_k": [
        0.0,
        0.0,
        0.005,
        0.01,
        0.04,
        0.4,
        0.405,
        0.405,
        0.41,
        0.41,
        0.41
      ],
      "metrics": {
        "mse": {
          "metric": "mse",
          "mean_curve": [
            8.703334006179148e-14,
            0.08014539629220963,
            0.14894847571849823,
            0.22495469450950623,
            0.31796255707740784,
            0.3902342915534973,
            0.4912850260734558,
            0.5804092884063721,
            0.6608036160469055,
            0.716414213180542,
            0.7538315653800964
          ],
          "mean_curve_tau_k": 3.0,
          "sample_tau_k_mean": 2.8385417461395264,
          "sample_tau_k_median": 2.0,
          "sample_tau_k_valid_fraction": 0.96
        },
        "l2": {
          "metric": "l2",
          "mean_curve": [
            4.064986569574103e-06,
            3.2113311290740967,
            4.5248122215271,
            5.71177864074707,
            6.868370532989502,
            7.759512424468994,
            8.73953914642334,
            9.557973861694336,
            10.191632270812988,
            10.681539535522461,
            10.96056842803955
          ],
          "mean_curve_tau_k": 4.0,
          "sample_tau_k_mean": 4.173410415649414,
          "sample_tau_k_median": 3.0,
          "sample_tau_k_valid_fraction": 0.865
        },
        "cosine": {
          "metric": "cosine",
          "mean_curve": [
            6.258487506016763e-09,
            0.05250074341893196,
            0.09647256135940552,
            0.14435932040214539,
            0.20446747541427612,
            0.24569223821163177,
            0.30326342582702637,
            0.35054266452789307,
            0.3932672441005707,
            0.42278000712394714,
            0.44146591424942017
          ],
          "mean_curve_tau_k": 3.0,
          "sample_tau_k_mean": 2.8031914234161377,
          "sample_tau_k_median": 2.0,
          "sample_tau_k_valid_fraction": 0.94
        }
      },
      "elapsed_sec": 9.776503562927246
    }
  },
  "encoder_shift": {
    "visual": {
      "mse": {
        "mean_curve": [
          1.3275730609893799,
          1.3169875144958496,
          1.304456353187561,
          1.2855197191238403,
          1.2772679328918457,
          1.2769179344177246,
          1.2542494535446167,
          1.2466734647750854,
          1.238153338432312,
          1.2359976768493652,
          1.2266736030578613
        ],
        "median_curve": [
          1.3327453136444092,
          1.333733320236206,
          1.3116967678070068,
          1.2786359786987305,
          1.277604103088379,
          1.277693748474121,
          1.2733268737792969,
          1.2470455169677734,
          1.2328816652297974,
          1.2451735734939575,
          1.2203242778778076
        ]
      },