{
  "meta": {
    "bank_path": "outputs/lghl_phase7_manifold/id_latent_bank.npy",
    "num_samples": 150,
    "eval_ks": [
      1,
      5,
      10
    ],
    "plan_horizon": 5,
    "num_candidates": 256,
    "projectors": [
      "pca20",
      "pca50",
      "knnsoft0.3",
      "knnsoft0.6",
      "knnsnap"
    ],
    "seed": 42
  },
  "results": {
    "id": {
      "1": {
        "latent_mse": {
          "drift": 0.015369868837296963,
          "proj_pca20": 0.7702552676200867,
          "proj_pca50": 0.4186268448829651,
          "proj_knnsoft0.3": 0.016193637624382973,
          "proj_knnsoft0.6": 0.026037735864520073,
          "proj_knnsnap": 0.05319482460618019
        },
        "top1_same": {
          "drift": 0.7733333333333333,
          "proj_pca20": 0.1,
          "proj_pca50": 0.23333333333333334,
          "proj_knnsoft0.3": 0.7266666666666667,
          "proj_knnsoft0.6": 0.68,
          "proj_knnsnap": 0.49333333333333335
        },
        "top5_overlap": {
          "drift": 0.797333300113678,
          "proj_pca20": 0.13066665828227997,
          "proj_pca50": 0.30933335423469543,
          "proj_knnsoft0.3": 0.784000039100647,
          "proj_knnsoft0.6": 0.7093334197998047,
          "proj_knnsnap": 0.6213333010673523
        },
        "cost_spearman": {
          "drift": 0.9754179120063782,
          "proj_pca20": 0.2642325460910797,
          "proj_pca50": 0.6042651534080505,
          "proj_knnsoft0.3": 0.9716298580169678,
          "proj_knnsoft0.6": 0.9558839201927185,
          "proj_knnsnap": 0.9178393483161926
        },
        "true_cost_regret": {
          "drift": 2.8486552238464355,
          "proj_pca20": 77.21247100830078,
          "proj_pca50": 45.98961639404297,
          "proj_knnsoft0.3": 5.710498809814453,
          "proj_knnsoft0.6": 8.081933975219727,
          "proj_knnsnap": 20.30403709411621
        }
      },
      "5": {
        "latent_mse": {
          "drift": 0.11971543729305267,
          "proj_pca20": 0.6773525476455688,
          "proj_pca50": 0.3696770966053009,
          "proj_knnsoft0.3": 0.0960390642285347,
          "proj_knnsoft0.6": 0.08676397055387497,
          "proj_knnsnap": 0.09679920971393585
        },
        "top1_same": {
          "drift": 0.6533333333333333,
          "proj_pca20": 0.2,
          "proj_pca50": 0.3333333333333333,
          "proj_knnsoft0.3": 0.6333333333333333,
          "proj_knnsoft0.6": 0.68,
          "proj_knnsnap": 0.62
        },
        "top5_overlap": {
          "drift": 0.6200000047683716,
          "proj_pca20": 0.164000004529953,
          "proj_pca50": 0.3293333351612091,
          "proj_knnsoft0.3": 0.6360000371932983,
          "proj_knnsoft0.6": 0.6506665945053101,
          "proj_knnsnap": 0.581333339214325
        },
        "cost_spearman": {
          "drift": 0.9016106128692627,
          "proj_pca20": 0.4075915515422821,
          "proj_pca50": 0.6472910642623901,
          "proj_knnsoft0.3": 0.9135642647743225,
          "proj_knnsoft0.6": 0.914808988571167,
          "proj_knnsnap": 0.8973162770271301
        },
        "true_cost_regret": {
          "drift": 25.970355987548828,
          "proj_pca20": 133.84234619140625,
          "proj_pca50": 90.01343536376953,
          "proj_knnsoft0.3": 26.69186019897461,
          "proj_knnsoft0.6": 25.543001174926758,
          "proj_knnsnap": 30.304061889648438
        }
      },
      "10": {
        "latent_mse": {
          "drift": 0.5117489695549011,
          "proj_pca20": 0.6175728440284729,
          "proj_pca50": 0.5110780596733093,
          "proj_knnsoft0.3": 0.4506186842918396,
          "proj_knnsoft0.6": 0.4115300178527832,
          "proj_knnsnap": 0.39369866251945496
        },
        "top1_same": {
          "drift": 0.17333333333333334,
          "proj_pca20": 0.02666666666666667,
          "proj_pca50": 0.09333333333333334,
          "proj_knnsoft0.3": 0.16,
          "proj_knnsoft0.6": 0.16666666666666666,
          "proj_knnsnap": 0.14
        },
        "top5_overlap": {
          "drift": 0.273333340883255,
          "proj_pca20": 0.06533333659172058,
          "proj_pca50": 0.14400000870227814,
          "proj_knnsoft0.3": 0.2906666696071625,
          "proj_knnsoft0.6": 0.2853333353996277,
          "proj_knnsnap": 0.265333354473114
        },
        "cost_spearman": {
          "drift": 0.7664579153060913,
          "proj_pca20": 0.5058003664016724,
          "proj_pca50": 0.6441915035247803,
          "proj_knnsoft0.3": 0.7695579528808594,
          "proj_knnsoft0.6": 0.762142539024353,
          "proj_knnsnap": 0.738273024559021
        },
        "true_cost_regret": {
          "drift": 32.001651763916016,
          "proj_pca20": 59.32645797729492,
          "proj_pca50": 36.09505081176758,
          "proj_knnsoft0.3": 29.689361572265625,
          "proj_knnsoft0.6": 27.279603958129883,
          "proj_knnsnap": 28.689802169799805
        }
      }
    },
    "visual": {
      "1": {
        "latent_mse": {
          "drift": 0.1288892775774002,
          "proj_pca20": 0.3446952998638153,
          "proj_pca50": 0.24251782894134521,
          "proj_knnsoft0.3": 0.1653112918138504,
          "proj_knnsoft0.6": 0.2571505308151245,
          "proj_knnsnap": 0.46580734848976135
        },
        "top1_same": {
          "drift": 0.18,
          "proj_pca20": 0.14,
          "proj_pca50": 0.15333333333333332,
          "proj_knnsoft0.3": 0.14666666666666667,
          "proj_knnsoft0.6": 0.12,
          "proj_knnsnap": 0.08666666666666667
        },
        "top5_overlap": {
          "drift": 0.2720000147819519,
          "proj_pca20": 0.13733333349227905,
          "proj_pca50": 0.1653333306312561,
          "proj_knnsoft0.3": 0.20400001108646393,
          "proj_knnsoft0.6": 0.15733332931995392,
          "proj_knnsnap": 0.1080000028014183
        },
        "cost_spearman": {
          "drift": 0.6394935250282288,
          "proj_pca20": 0.4028884470462799,
          "proj_pca50": 0.522895097732544,
          "proj_knnsoft0.3": 0.5809450149536133,
          "proj_knnsoft0.6": 0.4941882789134979,
          "proj_knnsnap": 0.37773755192756653
        },
        "true_cost_regret": {
          "drift": 9.396843910217285,
          "proj_pca20": 8.99675464630127,
          "proj_pca50": 8.186210632324219,
          "proj_knnsoft0.3": 9.70687198638916,
          "proj_knnsoft0.6": 11.316575050354004,
          "proj_knnsnap": 12.795055389404297
        }
      },
      "5": {
        "latent_mse": {
          "drift": 0.4648193120956421,
          "proj_pca20": 0.413332998752594,
          "proj_pca50": 0.4142948389053345,
          "proj_knnsoft0.3": 0.47559502720832825,
          "proj_knnsoft0.6": 0.5474603176116943,
          "proj_knnsnap": 0.738308846950531
        },
        "top1_same": {
          "drift": 0.04666666666666667,
          "proj_pca20": 0.05333333333333334,
          "proj_pca50": 0.04,
          "proj_knnsoft0.3": 0.04666666666666667,
          "proj_knnsoft0.6": 0.013333333333333334,
          "proj_knnsnap": 0.013333333333333334
        },
        "top5_overlap": {
          "drift": 0.06133333221077919,
          "proj_pca20": 0.07599999755620956,
          "proj_pca50": 0.0559999980032444,
          "proj_knnsoft0.3": 0.06933333724737167,
          "proj_knnsoft0.6": 0.057333335280418396,
          "proj_knnsnap": 0.04800000041723251
        },
        "cost_spearman": {
          "drift": 0.17968116700649261,
          "proj_pca20": 0.3087102174758911,
          "proj_pca50": 0.25912338495254517,
          "proj_knnsoft0.3": 0.18753410875797272,
          "proj_knnsoft0.6": 0.1910693645477295,
          "proj_knnsnap": 0.1882079541683197
        },
        "true_cost_regret": {
          "drift": 28.287403106689453,
          "proj_pca20": 14.104964256286621,
          "proj_pca50": 18.70589828491211,
          "proj_knnsoft0.3": 25.157697677612305,
          "proj_knnsoft0.6": 24.203121185302734,