strategy,family,generator,selector,selection_space,deployable,tuned_on_dev,state_index,split,dataset_row,episode,start,true,success,selected_step
pd_d192_k3_eval:returned:final,baseline,pd_d192_k3_eval,fixed_step_29,returned_means,True,False,0,dev,30633,278,9,14.565883311376645,True,29
pd_d192_k3_eval:returned:final,baseline,pd_d192_k3_eval,fixed_step_29,returned_means,True,False,1,test,43081,380,39,22.47224416874468,False,29
pd_d192_k3_eval:returned:final,baseline,pd_d192_k3_eval,fixed_step_29,returned_means,True,False,2,dev,68887,624,90,121.97502452501479,False,29
pd_d192_k3_eval:returned:final,baseline,pd_d192_k3_eval,fixed_step_29,returned_means,True,False,3,test,143460,1172,0,461.0571524036827,False,29
pd_d192_k3_eval:returned:final,baseline,pd_d192_k3_eval,fixed_step_29,returned_means,True,False,4,dev,161350,1326,6,87.37559648775289,False,29
pd_d192_k3_eval:returned:final,baseline,pd_d192_k3_eval,fixed_step_29,returned_means,True,False,5,test,164138,1343,91,17.060775102382724,True,29
pd_d192_k3_eval:returned:final,baseline,pd_d192_k3_eval,fixed_step_29,returned_means,True,False,6,dev,283976,2392,36,15.328309121473763,True,29
pd_d192_k3_eval:returned:final,baseline,pd_d192_k3_eval,fixed_step_29,returned_means,True,False,7,test,326635,2812,54,19.909126478981687,True,29
pd_d192_k3_eval:returned:final,baseline,pd_d192_k3_eval,fixed_step_29,returned_means,True,False,8,dev,377817,3108,5,152.60500121741057,False,29
pd_d192_k3_eval:returned:final,baseline,pd_d192_k3_eval,fixed_step_29,returned_means,True,False,9,test,459527,3743,64,36.88325203310997,False,29
pd_d192_k3_eval:returned:final,baseline,pd_d192_k3_eval,fixed_step_29,returned_means,True,False,10,dev,471804,3833,11,35.808295752134555,False,29
pd_d192_k3_eval:returned:final,baseline,pd_d192_k3_eval,fixed_step_29,returned_means,True,False,11,test,496196,3986,69,88.97546130290078,False,29
pd_d192_k3_eval:returned:final,baseline,pd_d192_k3_eval,fixed_step_29,returned_means,True,False,12,dev,502306,4030,19,17.392941174333497,True,29
pd_d192_k3_eval:returned:final,baseline,pd_d192_k3_eval,fixed_step_29,returned_means,True,False,13,test,634492,5065,18,17.696510345437478,True,29
pd_d192_k3_eval:returned:final,baseline,pd_d192_k3_eval,fixed_step_29,returned_means,True,False,14,dev,658744,5204,46,57.41949901935365,False,29
pd_d192_k3_eval:returned:final,baseline,pd_d192_k3_eval,fixed_step_29,returned_means,True,False,15,test,668349,5273,45,12.750893671041526,True,29
pd_d192_k3_eval:returned:final,baseline,pd_d192_k3_eval,fixed_step_29,returned_means,True,False,16,dev,704961,5616,16,85.05589980523325,False,29
pd_d192_k3_eval:returned:final,baseline,pd_d192_k3_eval,fixed_step_29,returned_means,True,False,17,test,734121,5889,10,159.34226039589234,False,29
pd_d192_k3_eval:returned:final,baseline,pd_d192_k3_eval,fixed_step_29,returned_means,True,False,18,dev,746433,5977,36,177.91650331880743,False,29
pd_d192_k3_eval:returned:final,baseline,pd_d192_k3_eval,fixed_step_29,returned_means,True,False,19,test,750681,6017,4,93.56366871444514,False,29
pd_d192_k3_eval:returned:final,baseline,pd_d192_k3_eval,fixed_step_29,returned_means,True,False,20,dev,768392,6137,24,35.454457709993896,False,29
pd_d192_k3_eval:returned:final,baseline,pd_d192_k3_eval,fixed_step_29,returned_means,True,False,21,test,806921,6483,104,111.55996237841646,False,29
pd_d192_k3_eval:returned:final,baseline,pd_d192_k3_eval,fixed_step_29,returned_means,True,False,22,dev,818604,6556,34,17.70297324529608,True,29
pd_d192_k3_eval:returned:final,baseline,pd_d192_k3_eval,fixed_step_29,returned_means,True,False,23,test,850663,6863,40,64.00361733765405,False,29
pd_d192_k3_eval:returned:final,baseline,pd_d192_k3_eval,fixed_step_29,returned_means,True,False,24,dev,865402,6963,19,11.705132076715186,True,29
pd_d192_k3_eval:returned:final,baseline,pd_d192_k3_eval,fixed_step_29,returned_means,True,False,25,test,975584,7930,19,36.98466329164917,False,29
pd_d192_k3_eval:returned:final,baseline,pd_d192_k3_eval,fixed_step_29,returned_means,True,False,26,dev,989447,8042,43,202.42785020893865,False,29
pd_d192_k3_eval:returned:final,baseline,pd_d192_k3_eval,fixed_step_29,returned_means,True,False,27,test,1063727,8577,27,29.11669312173115,False,29
pd_d192_k3_eval:returned:final,baseline,pd_d192_k3_eval,fixed_step_29,returned_means,True,False,28,dev,1085924,8801,58,14.604232973658988,True,29
pd_d192_k3_eval:returned:final,baseline,pd_d192_k3_eval,fixed_step_29,returned_means,True,False,29,test,1094081,8850,32,13.613525778934626,True,29
pd_d192_k3_eval:returned:final,baseline,pd_d192_k3_eval,fixed_step_29,returned_means,True,False,30,dev,1110912,8958,17,27.79064366033146,False,29
pd_d192_k3_eval:returned:final,baseline,pd_d192_k3_eval,fixed_step_29,returned_means,True,False,31,test,1138763,9240,64,772.0331332234927,False,29
pd_d192_k3_eval:returned:final,baseline,pd_d192_k3_eval,fixed_step_29,returned_means,True,False,32,dev,1207664,9876,74,38.48936552495569,False,29
pd_d192_k3_eval:returned:final,baseline,pd_d192_k3_eval,fixed_step_29,returned_means,True,False,33,test,1320555,10683,97,453.1926640108128,False,29
pd_d192_k3_eval:returned:final,baseline,pd_d192_k3_eval,fixed_step_29,returned_means,True,False,34,dev,1338312,10833,60,13.138772891812765,True,29
pd_d192_k3_eval:returned:final,baseline,pd_d192_k3_eval,fixed_step_29,returned_means,True,False,35,test,1370443,11060,102,18.535138447755234,True,29
pd_d192_k3_eval:returned:final,baseline,pd_d192_k3_eval,fixed_step_29,returned_means,True,False,36,dev,1371767,11069,94,16.085563396942426,True,29
pd_d192_k3_eval:returned:final,baseline,pd_d192_k3_eval,fixed_step_29,returned_means,True,False,37,test,1497457,11995,44,18.161719997437498,True,29
pd_d192_k3_eval:returned:final,baseline,pd_d192_k3_eval,fixed_step_29,returned_means,True,False,38,dev,1582932,12595,49,3.1327966853591227,True,29
pd_d192_k3_eval:returned:final,baseline,pd_d192_k3_eval,fixed_step_29,returned_means,True,False,39,test,1592283,12683,2,12.319459486556289,True,29
pd_d192_k3_eval:returned:final,baseline,pd_d192_k3_eval,fixed_step_29,returned_means,True,False,40,dev,1751762,13940,70,15.992798243554473,True,29
pd_d192_k3_eval:returned:final,baseline,pd_d192_k3_eval,fixed_step_29,returned_means,True,False,41,test,1756693,13968,73,8.813020055958786,True,29
pd_d192_k3_eval:returned:final,baseline,pd_d192_k3_eval,fixed_step_29,returned_means,True,False,42,dev,1789810,14200,119,47.08149844862208,False,29
pd_d192_k3_eval:returned:final,baseline,pd_d192_k3_eval,fixed_step_29,returned_means,True,False,43,test,1791388,14209,50,14.831138740339993,True,29
pd_d192_k3_eval:returned:final,baseline,pd_d192_k3_eval,fixed_step_29,returned_means,True,False,44,dev,1817969,14447,33,12.612460713418969,True,29
pd_d192_k3_eval:returned:final,baseline,pd_d192_k3_eval,fixed_step_29,returned_means,True,False,45,test,1836411,14547,67,531.3262213378814,False,29
pd_d192_k3_eval:returned:final,baseline,pd_d192_k3_eval,fixed_step_29,returned_means,True,False,46,dev,1856976,14700,96,309.61122405891086,False,29
pd_d192_k3_eval:returned:final,baseline,pd_d192_k3_eval,fixed_step_29,returned_means,True,False,47,test,1872550,14853,0,20.879767677516544,True,29
pd_d192_k3_eval:returned:final,baseline,pd_d192_k3_eval,fixed_step_29,returned_means,True,False,48,dev,1917206,15248,82,18.105388064811915,True,29
pd_d192_k3_eval:returned:final,baseline,pd_d192_k3_eval,fixed_step_29,returned_means,True,False,49,test,1958883,15683,106,235.9223149677199,False,29
pd_d192_k3_eval:returned:final,baseline,pd_d192_k3_eval,fixed_step_29,returned_means,True,False,50,dev,1996212,15966,38,20.266221148948055,True,29
pd_d192_k3_eval:returned:final,baseline,pd_d192_k3_eval,fixed_step_29,returned_means,True,False,51,test,2027653,16134,150,12.963237174996854,True,29
pd_d192_k3_eval:returned:final,baseline,pd_d192_k3_eval,fixed_step_29,returned_means,True,False,52,dev,2056217,16265,51,84.30451445403551,False,29
pd_d192_k3_eval:returned:final,baseline,pd_d192_k3_eval,fixed_step_29,returned_means,True,False,53,test,2131015,16989,23,12.331134743308754,True,29
pd_d192_k3_eval:returned:final,baseline,pd_d192_k3_eval,fixed_step_29,returned_means,True,False,54,dev,2162795,17252,52,18.454438633687957,True,29
pd_d192_k3_eval:returned:final,baseline,pd_d192_k3_eval,fixed_step_29,returned_means,True,False,55,test,2227454,17719,45,18.862374466672556,True,29
pd_d192_k3_eval:returned:final,baseline,pd_d192_k3_eval,fixed_step_29,returned_means,True,False,56,dev,2237502,17787,47,19.182756084764737,True,29
pd_d192_k3_eval:returned:final,baseline,pd_d192_k3_eval,fixed_step_29,returned_means,True,False,57,test,2278535,18089,35,154.67720625478697,False,29
pd_d192_k3_eval:returned:final,baseline,pd_d192_k3_eval,fixed_step_29,returned_means,True,False,58,dev,2315577,18491,19,19.84431385045581,True,29
pd_d192_k3_eval:returned:final,baseline,pd_d192_k3_eval,fixed_step_29,returned_means,True,False,59,test,2329977,18625,21,325.8203466720749,False,29
pd_d192_k3_eval:returned:fixed_step_4,fixed_round,pd_d192_k3_eval,fixed_step_4,returned_means,True,False,0,dev,30633,278,9,33.35025509434002,False,4
pd_d192_k3_eval:returned:fixed_step_4,fixed_round,pd_d192_k3_eval,fixed_step_4,returned_means,True,False,1,test,43081,380,39,68.73233440862974,False,4
pd_d192_k3_eval:returned:fixed_step_4,fixed_round,pd_d192_k3_eval,fixed_step_4,returned_means,True,False,2,dev,68887,624,90,198.1205480579426,False,4
pd_d192_k3_eval:returned:fixed_step_4,fixed_round,pd_d192_k3_eval,fixed_step_4,returned_means,True,False,3,test,143460,1172,0,412.4461872788333,False,4
pd_d192_k3_eval:returned:fixed_step_4,fixed_round,pd_d192_k3_eval,fixed_step_4,returned_means,True,False,4,dev,161350,1326,6,90.72120385510696,False,4
pd_d192_k3_eval:returned:fixed_step_4,fixed_round,pd_d192_k3_eval,fixed_step_4,returned_means,True,False,5,test,164138,1343,91,17.42529758438328,True,4
pd_d192_k3_eval:returned:fixed_step_4,fixed_round,pd_d192_k3_eval,fixed_step_4,returned_means,True,False,6,dev,283976,2392,36,18.343866823491023,True,4
pd_d192_k3_eval:returned:fixed_step_4,fixed_round,pd_d192_k3_eval,fixed_step_4,returned_means,True,False,7,test,326635,2812,54,20.444393929674785,True,4
pd_d192_k3_eval:returned:fixed_step_4,fixed_round,pd_d192_k3_eval,fixed_step_4,returned_means,True,False,8,dev,377817,3108,5,307.2101222901841,False,4
pd_d192_k3_eval:returned:fixed_step_4,fixed_round,pd_d192_k3_eval,fixed_step_4,returned_means,True,False,9,test,459527,3743,64,57.92551472844108,False,4
pd_d192_k3_eval:returned:fixed_step_4,fixed_round,pd_d192_k3_eval,fixed_step_4,returned_means,True,False,10,dev,471804,3833,11,294.31279380989287,False,4
pd_d192_k3_eval:returned:fixed_step_4,fixed_round,pd_d192_k3_eval,fixed_step_4,returned_means,True,False,11,test,496196,3986,69,59.62058188581418,False,4
pd_d192_k3_eval:returned:fixed_step_4,fixed_round,pd_d192_k3_eval,fixed_step_4,returned_means,True,False,12,dev,502306,4030,19,18.30222305852241,True,4
pd_d192_k3_eval:returned:fixed_step_4,fixed_round,pd_d192_k3_eval,fixed_step_4,returned_means,True,False,13,test,634492,5065,18,12.41484278772626,True,4
pd_d192_k3_eval:returned:fixed_step_4,fixed_round,pd_d192_k3_eval,fixed_step_4,returned_means,True,False,14,dev,658744,5204,46,45.73076612439328,False,4
pd_d192_k3_eval:returned:fixed_step_4,fixed_round,pd_d192_k3_eval,fixed_step_4,returned_means,True,False,15,test,668349,5273,45,65.34887514967325,False,4
pd_d192_k3_eval:returned:fixed_step_4,fixed_round,pd_d192_k3_eval,fixed_step_4,returned_means,True,False,16,dev,704961,5616,16,55.35918402866156,False,4
pd_d192_k3_eval:returned:fixed_step_4,fixed_round,pd_d192_k3_eval,fixed_step_4,returned_means,True,False,17,test,734121,5889,10,162.37262940630347,False,4
pd_d192_k3_eval:returned:fixed_step_4,fixed_round,pd_d192_k3_eval,fixed_step_4,returned_means,True,False,18,dev,746433,5977,36,264.7345547522908,False,4
pd_d192_k3_eval:returned:fixed_step_4,fixed_round,pd_d192_k3_eval,fixed_step_4,returned_means,True,False,19,test,750681,6017,4,131.46328767129543,False,4
pd_d192_k3_eval:returned:fixed_step_4,fixed_round,pd_d192_k3_eval,fixed_step_4,returned_means,True,False,20,dev,768392,6137,24,20.762094153412757,True,4
pd_d192_k3_eval:returned:fixed_step_4,fixed_round,pd_d192_k3_eval,fixed_step_4,returned_means,True,False,21,test,806921,6483,104,107.8558350466926,False,4
pd_d192_k3_eval:returned:fixed_step_4,fixed_round,pd_d192_k3_eval,fixed_step_4,returned_means,True,False,22,dev,818604,6556,34,69.14721003008286,False,4
pd_d192_k3_eval:returned:fixed_step_4,fixed_round,pd_d192_k3_eval,fixed_step_4,returned_means,True,False,23,test,850663,6863,40,59.75266981185234,False,4
pd_d192_k3_eval:returned:fixed_step_4,fixed_round,pd_d192_k3_eval,fixed_step_4,returned_means,True,False,24,dev,865402,6963,19,24.00982642148945,False,4
pd_d192_k3_eval:returned:fixed_step_4,fixed_round,pd_d192_k3_eval,fixed_step_4,returned_means,True,False,25,test,975584,7930,19,242.06569524925692,False,4
pd_d192_k3_eval:returned:fixed_step_4,fixed_round,pd_d192_k3_eval,fixed_step_4,returned_means,True,False,26,dev,989447,8042,43,179.7807788792763,False,4
pd_d192_k3_eval:returned:fixed_step_4,fixed_round,pd_d192_k3_eval,fixed_step_4,returned_means,True,False,27,test,1063727,8577,27,48.09914055149858,False,4
pd_d192_k3_eval:returned:fixed_step_4,fixed_round,pd_d192_k3_eval,fixed_step_4,returned_means,True,False,28,dev,1085924,8801,58,172.86369130968006,False,4
pd_d192_k3_eval:returned:fixed_step_4,fixed_round,pd_d192_k3_eval,fixed_step_4,returned_means,True,False,29,test,1094081,8850,32,57.64338447413095,False,4
pd_d192_k3_eval:returned:fixed_step_4,fixed_round,pd_d192_k3_eval,fixed_step_4,returned_means,True,False,30,dev,1110912,8958,17,134.7918371282938,False,4
pd_d192_k3_eval:returned:fixed_step_4,fixed_round,pd_d192_k3_eval,fixed_step_4,returned_means,True,False,31,test,1138763,9240,64,447.53450621565526,False,4
pd_d192_k3_eval:returned:fixed_step_4,fixed_round,pd_d192_k3_eval,fixed_step_4,returned_means,True,False,32,dev,1207664,9876,74,41.48473844056481,False,4
pd_d192_k3_eval:returned:fixed_step_4,fixed_round,pd_d192_k3_eval,fixed_step_4,returned_means,True,False,33,test,1320555,10683,97,274.92182489980934,False,4
pd_d192_k3_eval:returned:fixed_step_4,fixed_round,pd_d192_k3_eval,fixed_step_4,returned_means,True,False,34,dev,1338312,10833,60,80.3614177015127,False,4
pd_d192_k3_eval:returned:fixed_step_4,fixed_round,pd_d192_k3_eval,fixed_step_4,returned_means,True,False,35,test,1370443,11060,102,33.443057193427634,False,4
pd_d192_k3_eval:returned:fixed_step_4,fixed_round,pd_d192_k3_eval,fixed_step_4,returned_means,True,False,36,dev,1371767,11069,94,101.17638563299352,False,4
pd_d192_k3_eval:returned:fixed_step_4,fixed_round,pd_d192_k3_eval,fixed_step_4,returned_means,True,False,37,test,1497457,11995,44,36.35118677891051,False,4
pd_d192_k3_eval:returned:fixed_step_4,fixed_round,pd_d192_k3_eval,fixed_step_4,returned_means,True,False,38,dev,1582932,12595,49,59.34766054298195,False,4
pd_d192_k3_eval:returned:fixed_step_4,fixed_round,pd_d192_k3_eval,fixed_step_4,returned_means,True,False,39,test,1592283,12683,2,84.63611793644384,False,4
pd_d192_k3_eval:returned:fixed_step_4,fixed_round,pd_d192_k3_eval,fixed_step_4,returned_means,True,False,40,dev,1751762,13940,70,193.37172450111638,False,4
pd_d192_k3_eval:returned:fixed_step_4,fixed_round,pd_d192_k3_eval,fixed_step_4,returned_means,True,False,41,test,1756693,13968,73,150.28647437286514,False,4
pd_d192_k3_eval:returned:fixed_step_4,fixed_round,pd_d192_k3_eval,fixed_step_4,returned_means,True,False,42,dev,1789810,14200,119,23.524449143608624,False,4
pd_d192_k3_eval:returned:fixed_step_4,fixed_round,pd_d192_k3_eval,fixed_step_4,returned_means,True,False,43,test,1791388,14209,50,19.240540526939665,True,4
pd_d192_k3_eval:returned:fixed_step_4,fixed_round,pd_d192_k3_eval,fixed_step_4,returned_means,True,False,44,dev,1817969,14447,33,50.92226332640143,False,4
pd_d192_k3_eval:returned:fixed_step_4,fixed_round,pd_d192_k3_eval,fixed_step_4,returned_means,True,False,45,test,1836411,14547,67,323.0713624439529,False,4
pd_d192_k3_eval:returned:fixed_step_4,fixed_round,pd_d192_k3_eval,fixed_step_4,returned_means,True,False,46,dev,1856976,14700,96,159.00302264892838,False,4
pd_d192_k3_eval:returned:fixed_step_4,fixed_round,pd_d192_k3_eval,fixed_step_4,returned_means,True,False,47,test,1872550,14853,0,201.8540074079582,False,4
pd_d192_k3_eval:returned:fixed_step_4,fixed_round,pd_d192_k3_eval,fixed_step_4,returned_means,True,False,48,dev,1917206,15248,82,17.430145369873543,True,4
pd_d192_k3_eval:returned:fixed_step_4,fixed_round,pd_d192_k3_eval,fixed_step_4,returned_means,True,False,49,test,1958883,15683,106,129.81252620380212,False,4
pd_d192_k3_eval:returned:fixed_step_4,fixed_round,pd_d192_k3_eval,fixed_step_4,returned_means,True,False,50,dev,1996212,15966,38,64.74997982281084,False,4
pd_d192_k3_eval:returned:fixed_step_4,fixed_round,pd_d192_k3_eval,fixed_step_4,returned_means,True,False,51,test,2027653,16134,150,19.554012266073023,True,4
pd_d192_k3_eval:returned:fixed_step_4,fixed_round,pd_d192_k3_eval,fixed_step_4,returned_means,True,False,52,dev,2056217,16265,51,110.23165556572937,False,4
pd_d192_k3_eval:returned:fixed_step_4,fixed_round,pd_d192_k3_eval,fixed_step_4,returned_means,True,False,53,test,2131015,16989,23,56.52078558483009,False,4
pd_d192_k3_eval:returned:fixed_step_4,fixed_round,pd_d192_k3_eval,fixed_step_4,returned_means,True,False,54,dev,2162795,17252,52,18.74032525264777,True,4
pd_d192_k3_eval:returned:fixed_step_4,fixed_round,pd_d192_k3_eval,fixed_step_4,returned_means,True,False,55,test,2227454,17719,45,18.75331239907277,True,4
pd_d192_k3_eval:returned:fixed_step_4,fixed_round,pd_d192_k3_eval,fixed_step_4,returned_means,True,False,56,dev,2237502,17787,47,67.9262420603904,False,4
pd_d192_k3_eval:returned:fixed_step_4,fixed_round,pd_d192_k3_eval,fixed_step_4,returned_means,True,False,57,test,2278535,18089,35,130.65765999870538,False,4
pd_d192_k3_eval:returned:fixed_step_4,fixed_round,pd_d192_k3_eval,fixed_step_4,returned_means,True,False,58,dev,2315577,18491,19,17.96730240895434,True,4
pd_d192_k3_eval:returned:fixed_step_4,fixed_round,pd_d192_k3_eval,fixed_step_4,returned_means,True,False,59,test,2329977,18625,21,270.8647258675698,False,4
pd_d192_k3_eval:returned:fixed_step_9,fixed_round,pd_d192_k3_eval,fixed_step_9,returned_means,True,False,0,dev,30633,278,9,20.96026375134709,True,9
pd_d192_k3_eval:returned:fixed_step_9,fixed_round,pd_d192_k3_eval,fixed_step_9,returned_means,True,False,1,test,43081,380,39,25.03469414719662,False,9
pd_d192_k3_eval:returned:fixed_step_9,fixed_round,pd_d192_k3_eval,fixed_step_9,returned_means,True,False,2,dev,68887,624,90,182.38414205616647,False,9
pd_d192_k3_eval:returned:fixed_step_9,fixed_round,pd_d192_k3_eval,fixed_step_9,returned_means,True,False,3,test,143460,1172,0,454.96949637711884,False,9
pd_d192_k3_eval:returned:fixed_step_9,fixed_round,pd_d192_k3_eval,fixed_step_9,returned_means,True,False,4,dev,161350,1326,6,92.96283032114638,False,9
pd_d192_k3_eval:returned:fixed_step_9,fixed_round,pd_d192_k3_eval,fixed_step_9,returned_means,True,False,5,test,164138,1343,91,19.684688455388272,True,9
pd_d192_k3_eval:returned:fixed_step_9,fixed_round,pd_d192_k3_eval,fixed_step_9,returned_means,True,False,6,dev,283976,2392,36,17.08144386529448,True,9
pd_d192_k3_eval:returned:fixed_step_9,fixed_round,pd_d192_k3_eval,fixed_step_9,returned_means,True,False,7,test,326635,2812,54,19.945293728434667,True,9
pd_d192_k3_eval:returned:fixed_step_9,fixed_round,pd_d192_k3_eval,fixed_step_9,returned_means,True,False,8,dev,377817,3108,5,285.0127858610217,False,9
pd_d192_k3_eval:returned:fixed_step_9,fixed_round,pd_d192_k3_eval,fixed_step_9,returned_means,True,False,9,test,459527,3743,64,49.48866931901302,False,9
pd_d192_k3_eval:returned:fixed_step_9,fixed_round,pd_d192_k3_eval,fixed_step_9,returned_means,True,False,10,dev,471804,3833,11,127.3132425357878,False,9
pd_d192_k3_eval:returned:fixed_step_9,fixed_round,pd_d192_k3_eval,fixed_step_9,returned_means,True,False,11,test,496196,3986,69,74.40373315109125,False,9
pd_d192_k3_eval:returned:fixed_step_9,fixed_round,pd_d192_k3_eval,fixed_step_9,returned_means,True,False,12,dev,502306,4030,19,15.960416002802916,True,9
pd_d192_k3_eval:returned:fixed_step_9,fixed_round,pd_d192_k3_eval,fixed_step_9,returned_means,True,False,13,test,634492,5065,18,15.69106225988492,True,9
pd_d192_k3_eval:returned:fixed_step_9,fixed_round,pd_d192_k3_eval,fixed_step_9,returned_means,True,False,14,dev,658744,5204,46,30.877707757212775,False,9
pd_d192_k3_eval:returned:fixed_step_9,fixed_round,pd_d192_k3_eval,fixed_step_9,returned_means,True,False,15,test,668349,5273,45,48.950385222765355,False,9
pd_d192_k3_eval:returned:fixed_step_9,fixed_round,pd_d192_k3_eval,fixed_step_9,returned_means,True,False,16,dev,704961,5616,16,65.08523565155218,False,9
pd_d192_k3_eval:returned:fixed_step_9,fixed_round,pd_d192_k3_eval,fixed_step_9,returned_means,True,False,17,test,734121,5889,10,148.11081079068958,False,9
pd_d192_k3_eval:returned:fixed_step_9,fixed_round,pd_d192_k3_eval,fixed_step_9,returned_means,True,False,18,dev,746433,5977,36,225.46119343328954,False,9
pd_d192_k3_eval:returned:fixed_step_9,fixed_round,pd_d192_k3_eval,fixed_step_9,returned_means,True,False,19,test,750681,6017,4,68.88787205732274,False,9
pd_d192_k3_eval:returned:fixed_step_9,fixed_round,pd_d192_k3_eval,fixed_step_9,returned_means,True,False,20,dev,768392,6137,24,62.85912995545972,False,9
pd_d192_k3_eval:returned:fixed_step_9,fixed_round,pd_d192_k3_eval,fixed_step_9,returned_means,True,False,21,test,806921,6483,104,110.09814166355456,False,9
pd_d192_k3_eval:returned:fixed_step_9,fixed_round,pd_d192_k3_eval,fixed_step_9,returned_means,True,False,22,dev,818604,6556,34,60.448864227021026,False,9
pd_d192_k3_eval:returned:fixed_step_9,fixed_round,pd_d192_k3_eval,fixed_step_9,returned_means,True,False,23,test,850663,6863,40,59.23100496910951,False,9
pd_d192_k3_eval:returned:fixed_step_9,fixed_round,pd_d192_k3_eval,fixed_step_9,returned_means,True,False,24,dev,865402,6963,19,16.98337609595539,True,9
pd_d192_k3_eval:returned:fixed_step_9,fixed_round,pd_d192_k3_eval,fixed_step_9,returned_means,True,False,25,test,975584,7930,19,125.90593031858872,False,9
pd_d192_k3_eval:returned:fixed_step_9,fixed_round,pd_d192_k3_eval,fixed_step_9,returned_means,True,False,26,dev,989447,8042,43,191.68176133127258,False,9
pd_d192_k3_eval:returned:fixed_step_9,fixed_round,pd_d192_k3_eval,fixed_step_9,returned_means,True,False,27,test,1063727,8577,27,26.028757587047977,False,9
pd_d192_k3_eval:returned:fixed_step_9,fixed_round,pd_d192_k3_eval,fixed_step_9,returned_means,True,False,28,dev,1085924,8801,58,46.043799655403625,False,9
pd_d192_k3_eval:returned:fixed_step_9,fixed_round,pd_d192_k3_eval,fixed_step_9,returned_means,True,False,29,test,1094081,8850,32,20.772163124004848,True,9
pd_d192_k3_eval:returned:fixed_step_9,fixed_round,pd_d192_k3_eval,fixed_step_9,returned_means,True,False,30,dev,1110912,8958,17,96.34776517094254,False,9
pd_d192_k3_eval:returned:fixed_step_9,fixed_round,pd_d192_k3_eval,fixed_step_9,returned_means,True,False,31,test,1138763,9240,64,603.2640002162008,False,9
pd_d192_k3_eval:returned:fixed_step_9,fixed_round,pd_d192_k3_eval,fixed_step_9,returned_means,True,False,32,dev,1207664,9876,74,49.21102123849953,False,9
pd_d192_k3_eval:returned:fixed_step_9,fixed_round,pd_d192_k3_eval,fixed_step_9,returned_means,True,False,33,test,1320555,10683,97,406.993721588242,False,9
pd_d192_k3_eval:returned:fixed_step_9,fixed_round,pd_d192_k3_eval,fixed_step_9,returned_means,True,False,34,dev,1338312,10833,60,41.32791481543386,False,9
pd_d192_k3_eval:returned:fixed_step_9,fixed_round,pd_d192_k3_eval,fixed_step_9,returned_means,True,False,35,test,1370443,11060,102,10.996062098149935,True,9
pd_d192_k3_eval:returned:fixed_step_9,fixed_round,pd_d192_k3_eval,fixed_step_9,returned_means,True,False,36,dev,1371767,11069,94,77.46317894683095,False,9
pd_d192_k3_eval:returned:fixed_step_9,fixed_round,pd_d192_k3_eval,fixed_step_9,returned_means,True,False,37,test,1497457,11995,44,24.569087702360953,False,9
pd_d192_k3_eval:returned:fixed_step_9,fixed_round,pd_d192_k3_eval,fixed_step_9,returned_means,True,False,38,dev,1582932,12595,49,11.22841661894437,True,9
pd_d192_k3_eval:returned:fixed_step_9,fixed_round,pd_d192_k3_eval,fixed_step_9,returned_means,True,False,39,test,1592283,12683,2,55.2593199858392,False,9
pd_d192_k3_eval:returned:fixed_step_9,fixed_round,pd_d192_k3_eval,fixed_step_9,returned_means,True,False,40,dev,1751762,13940,70,143.89895820168252,False,9
pd_d192_k3_eval:returned:fixed_step_9,fixed_round,pd_d192_k3_eval,fixed_step_9,returned_means,True,False,41,test,1756693,13968,73,177.38414982246616,False,9
pd_d192_k3_eval:returned:fixed_step_9,fixed_round,pd_d192_k3_eval,fixed_step_9,returned_means,True,False,42,dev,1789810,14200,119,31.310581916724225,False,9
pd_d192_k3_eval:returned:fixed_step_9,fixed_round,pd_d192_k3_eval,fixed_step_9,returned_means,True,False,43,test,1791388,14209,50,10.886594613564549,True,9
pd_d192_k3_eval:returned:fixed_step_9,fixed_round,pd_d192_k3_eval,fixed_step_9,returned_means,True,False,44,dev,1817969,14447,33,25.075143902210435,False,9
pd_d192_k3_eval:returned:fixed_step_9,fixed_round,pd_d192_k3_eval,fixed_step_9,returned_means,True,False,45,test,1836411,14547,67,416.725829828119,False,9
pd_d192_k3_eval:returned:fixed_step_9,fixed_round,pd_d192_k3_eval,fixed_step_9,returned_means,True,False,46,dev,1856976,14700,96,178.60309924870649,False,9
pd_d192_k3_eval:returned:fixed_step_9,fixed_round,pd_d192_k3_eval,fixed_step_9,returned_means,True,False,47,test,1872550,14853,0,198.6792608648182,False,9
pd_d192_k3_eval:returned:fixed_step_9,fixed_round,pd_d192_k3_eval,fixed_step_9,returned_means,True,False,48,dev,1917206,15248,82,19.384615905387232,True,9
pd_d192_k3_eval:returned:fixed_step_9,fixed_round,pd_d192_k3_eval,fixed_step_9,returned_means,True,False,49,test,1958883,15683,106,145.54756622636395,False,9
pd_d192_k3_eval:returned:fixed_step_9,fixed_round,pd_d192_k3_eval,fixed_step_9,returned_means,True,False,50,dev,1996212,15966,38,42.41965838396999,False,9
pd_d192_k3_eval:returned:fixed_step_9,fixed_round,pd_d192_k3_eval,fixed_step_9,returned_means,True,False,51,test,2027653,16134,150,19.7393178854198,True,9
pd_d192_k3_eval:returned:fixed_step_9,fixed_round,pd_d192_k3_eval,fixed_step_9,returned_means,True,False,52,dev,2056217,16265,51,75.51099481011248,False,9
pd_d192_k3_eval:returned:fixed_step_9,fixed_round,pd_d192_k3_eval,fixed_step_9,returned_means,True,False,53,test,2131015,16989,23,60.465741696395575,False,9
pd_d192_k3_eval:returned:fixed_step_9,fixed_round,pd_d192_k3_eval,fixed_step_9,returned_means,True,False,54,dev,2162795,17252,52,19.054426778889844,True,9
pd_d192_k3_eval:returned:fixed_step_9,fixed_round,pd_d192_k3_eval,fixed_step_9,returned_means,True,False,55,test,2227454,17719,45,15.49410640181715,True,9
pd_d192_k3_eval:returned:fixed_step_9,fixed_round,pd_d192_k3_eval,fixed_step_9,returned_means,True,False,56,dev,2237502,17787,47,25.719306074333815,False,9
pd_d192_k3_eval:returned:fixed_step_9,fixed_round,pd_d192_k3_eval,fixed_step_9,returned_means,True,False,57,test,2278535,18089,35,151.66928849871854,False,9
pd_d192_k3_eval:returned:fixed_step_9,fixed_round,pd_d192_k3_eval,fixed_step_9,returned_means,True,False,58,dev,2315577,18491,19,72.95865086644145,False,9
pd_d192_k3_eval:returned:fixed_step_9,fixed_round,pd_d192_k3_eval,fixed_step_9,returned_means,True,False,59,test,2329977,18625,21,279.28491532961647,False,9
pd_d192_k3_eval:returned:fixed_step_19,fixed_round,pd_d192_k3_eval,fixed_step_19,returned_means,True,False,0,dev,30633,278,9,20.630855591524675,True,19
pd_d192_k3_eval:returned:fixed_step_19,fixed_round,pd_d192_k3_eval,fixed_step_19,returned_means,True,False,1,test,43081,380,39,18.60598540556073,True,19
pd_d192_k3_eval:returned:fixed_step_19,fixed_round,pd_d192_k3_eval,fixed_step_19,returned_means,True,False,2,dev,68887,624,90,152.54441731939556,False,19
pd_d192_k3_eval:returned:fixed_step_19,fixed_round,pd_d192_k3_eval,fixed_step_19,returned_means,True,False,3,test,143460,1172,0,460.276176918234,False,19
pd_d192_k3_eval:returned:fixed_step_19,fixed_round,pd_d192_k3_eval,fixed_step_19,returned_means,True,False,4,dev,161350,1326,6,87.1102947566422,False,19
pd_d192_k3_eval:returned:fixed_step_19,fixed_round,pd_d192_k3_eval,fixed_step_19,returned_means,True,False,5,test,164138,1343,91,17.672234937820384,True,19
pd_d192_k3_eval:returned:fixed_step_19,fixed_round,pd_d192_k3_eval,fixed_step_19,returned_means,True,False,6,dev,283976,2392,36,15.110150832830168,True,19
pd_d192_k3_eval:returned:fixed_step_19,fixed_round,pd_d192_k3_eval,fixed_step_19,returned_means,True,False,7,test,326635,2812,54,19.26545033855619,True,19
pd_d192_k3_eval:returned:fixed_step_19,fixed_round,pd_d192_k3_eval,fixed_step_19,returned_means,True,False,8,dev,377817,3108,5,233.49732705338496,False,19
pd_d192_k3_eval:returned:fixed_step_19,fixed_round,pd_d192_k3_eval,fixed_step_19,returned_means,True,False,9,test,459527,3743,64,37.52329811613557,False,19
pd_d192_k3_eval:returned:fixed_step_19,fixed_round,pd_d192_k3_eval,fixed_step_19,returned_means,True,False,10,dev,471804,3833,11,33.37119027869222,False,19
pd_d192_k3_eval:returned:fixed_step_19,fixed_round,pd_d192_k3_eval,fixed_step_19,returned_means,True,False,11,test,496196,3986,69,83.76630983067801,False,19
pd_d192_k3_eval:returned:fixed_step_19,fixed_round,pd_d192_k3_eval,fixed_step_19,returned_means,True,False,12,dev,502306,4030,19,17.385594098333392,True,19
pd_d192_k3_eval:returned:fixed_step_19,fixed_round,pd_d192_k3_eval,fixed_step_19,returned_means,True,False,13,test,634492,5065,18,19.12502460935854,True,19
pd_d192_k3_eval:returned:fixed_step_19,fixed_round,pd_d192_k3_eval,fixed_step_19,returned_means,True,False,14,dev,658744,5204,46,64.37372400918517,False,19
pd_d192_k3_eval:returned:fixed_step_19,fixed_round,pd_d192_k3_eval,fixed_step_19,returned_means,True,False,15,test,668349,5273,45,15.37947364737966,True,19
pd_d192_k3_eval:returned:fixed_step_19,fixed_round,pd_d192_k3_eval,fixed_step_19,returned_means,True,False,16,dev,704961,5616,16,93.96368136398866,False,19
pd_d192_k3_eval:returned:fixed_step_19,fixed_round,pd_d192_k3_eval,fixed_step_19,returned_means,True,False,17,test,734121,5889,10,153.8462020486539,False,19
pd_d192_k3_eval:returned:fixed_step_19,fixed_round,pd_d192_k3_eval,fixed_step_19,returned_means,True,False,18,dev,746433,5977,36,168.9745150769305,False,19
pd_d192_k3_eval:returned:fixed_step_19,fixed_round,pd_d192_k3_eval,fixed_step_19,returned_means,True,False,19,test,750681,6017,4,95.41212589282992,False,19
pd_d192_k3_eval:returned:fixed_step_19,fixed_round,pd_d192_k3_eval,fixed_step_19,returned_means,True,False,20,dev,768392,6137,24,65.97668903697937,False,19
pd_d192_k3_eval:returned:fixed_step_19,fixed_round,pd_d192_k3_eval,fixed_step_19,returned_means,True,False,21,test,806921,6483,104,111.229359292646,False,19
pd_d192_k3_eval:returned:fixed_step_19,fixed_round,pd_d192_k3_eval,fixed_step_19,returned_means,True,False,22,dev,818604,6556,34,28.934226216121026,False,19
pd_d192_k3_eval:returned:fixed_step_19,fixed_round,pd_d192_k3_eval,fixed_step_19,returned_means,True,False,23,test,850663,6863,40,66.40890651375348,False,19
pd_d192_k3_eval:returned:fixed_step_19,fixed_round,pd_d192_k3_eval,fixed_step_19,returned_means,True,False,24,dev,865402,6963,19,12.160996584978628,True,19
pd_d192_k3_eval:returned:fixed_step_19,fixed_round,pd_d192_k3_eval,fixed_step_19,returned_means,True,False,25,test,975584,7930,19,58.20419044957878,False,19
pd_d192_k3_eval:returned:fixed_step_19,fixed_round,pd_d192_k3_eval,fixed_step_19,returned_means,True,False,26,dev,989447,8042,43,198.3599897262169,False,19
pd_d192_k3_eval:returned:fixed_step_19,fixed_round,pd_d192_k3_eval,fixed_step_19,returned_means,True,False,27,test,1063727,8577,27,29.15530540797372,False,19
pd_d192_k3_eval:returned:fixed_step_19,fixed_round,pd_d192_k3_eval,fixed_step_19,returned_means,True,False,28,dev,1085924,8801,58,17.013235396313902,True,19
pd_d192_k3_eval:returned:fixed_step_19,fixed_round,pd_d192_k3_eval,fixed_step_19,returned_means,True,False,29,test,1094081,8850,32,10.96030204662622,True,19
pd_d192_k3_eval:returned:fixed_step_19,fixed_round,pd_d192_k3_eval,fixed_step_19,returned_means,True,False,30,dev,1110912,8958,17,38.53589477679432,False,19
pd_d192_k3_eval:returned:fixed_step_19,fixed_round,pd_d192_k3_eval,fixed_step_19,returned_means,True,False,31,test,1138763,9240,64,719.2104365016893,False,19
pd_d192_k3_eval:returned:fixed_step_19,fixed_round,pd_d192_k3_eval,fixed_step_19,returned_means,True,False,32,dev,1207664,9876,74,39.6911769394268,False,19
pd_d192_k3_eval:returned:fixed_step_19,fixed_round,pd_d192_k3_eval,fixed_step_19,returned_means,True,False,33,test,1320555,10683,97,480.1185978454788,False,19
pd_d192_k3_eval:returned:fixed_step_19,fixed_round,pd_d192_k3_eval,fixed_step_19,returned_means,True,False,34,dev,1338312,10833,60,12.561643257903874,True,19
pd_d192_k3_eval:returned:fixed_step_19,fixed_round,pd_d192_k3_eval,fixed_step_19,returned_means,True,False,35,test,1370443,11060,102,19.324266052163708,True,19
pd_d192_k3_eval:returned:fixed_step_19,fixed_round,pd_d192_k3_eval,fixed_step_19,returned_means,True,False,36,dev,1371767,11069,94,29.996365019554958,False,19
pd_d192_k3_eval:returned:fixed_step_19,fixed_round,pd_d192_k3_eval,fixed_step_19,returned_means,True,False,37,test,1497457,11995,44,19.96059005513303,True,19
pd_d192_k3_eval:returned:fixed_step_19,fixed_round,pd_d192_k3_eval,fixed_step_19,returned_means,True,False,38,dev,1582932,12595,49,16.49525555719297,True,19
pd_d192_k3_eval:returned:fixed_step_19,fixed_round,pd_d192_k3_eval,fixed_step_19,returned_means,True,False,39,test,1592283,12683,2,11.736176520138336,True,19
pd_d192_k3_eval:returned:fixed_step_19,fixed_round,pd_d192_k3_eval,fixed_step_19,returned_means,True,False,40,dev,1751762,13940,70,15.168985507011795,True,19
pd_d192_k3_eval:returned:fixed_step_19,fixed_round,pd_d192_k3_eval,fixed_step_19,returned_means,True,False,41,test,1756693,13968,73,42.099395298744454,False,19
pd_d192_k3_eval:returned:fixed_step_19,fixed_round,pd_d192_k3_eval,fixed_step_19,returned_means,True,False,42,dev,1789810,14200,119,42.03844130689956,False,19
pd_d192_k3_eval:returned:fixed_step_19,fixed_round,pd_d192_k3_eval,fixed_step_19,returned_means,True,False,43,test,1791388,14209,50,16.737814325760823,True,19
pd_d192_k3_eval:returned:fixed_step_19,fixed_round,pd_d192_k3_eval,fixed_step_19,returned_means,True,False,44,dev,1817969,14447,33,9.715739592245233,True,19
pd_d192_k3_eval:returned:fixed_step_19,fixed_round,pd_d192_k3_eval,fixed_step_19,returned_means,True,False,45,test,1836411,14547,67,503.0749636968132,False,19
pd_d192_k3_eval:returned:fixed_step_19,fixed_round,pd_d192_k3_eval,fixed_step_19,returned_means,True,False,46,dev,1856976,14700,96,243.46376409349932,False,19
pd_d192_k3_eval:returned:fixed_step_19,fixed_round,pd_d192_k3_eval,fixed_step_19,returned_means,True,False,47,test,1872550,14853,0,199.5678753789211,False,19
pd_d192_k3_eval:returned:fixed_step_19,fixed_round,pd_d192_k3_eval,fixed_step_19,returned_means,True,False,48,dev,1917206,15248,82,18.83385377192624,True,19
pd_d192_k3_eval:returned:fixed_step_19,fixed_round,pd_d192_k3_eval,fixed_step_19,returned_means,True,False,49,test,1958883,15683,106,178.67247290356397,False,19
pd_d192_k3_eval:returned:fixed_step_19,fixed_round,pd_d192_k3_eval,fixed_step_19,returned_means,True,False,50,dev,1996212,15966,38,8.77699872479299,True,19
pd_d192_k3_eval:returned:fixed_step_19,fixed_round,pd_d192_k3_eval,fixed_step_19,returned_means,True,False,51,test,2027653,16134,150,18.773338347187458,True,19
pd_d192_k3_eval:returned:fixed_step_19,fixed_round,pd_d192_k3_eval,fixed_step_19,returned_means,True,False,52,dev,2056217,16265,51,80.67249578133283,False,19
pd_d192_k3_eval:returned:fixed_step_19,fixed_round,pd_d192_k3_eval,fixed_step_19,returned_means,True,False,53,test,2131015,16989,23,71.88005431626496,False,19
pd_d192_k3_eval:returned:fixed_step_19,fixed_round,pd_d192_k3_eval,fixed_step_19,returned_means,True,False,54,dev,2162795,17252,52,16.670000830463454,True,19
pd_d192_k3_eval:returned:fixed_step_19,fixed_round,pd_d192_k3_eval,fixed_step_19,returned_means,True,False,55,test,2227454,17719,45,18.029406697910858,True,19
pd_d192_k3_eval:returned:fixed_step_19,fixed_round,pd_d192_k3_eval,fixed_step_19,returned_means,True,False,56,dev,2237502,17787,47,19.999299656980945,True,19
pd_d192_k3_eval:returned:fixed_step_19,fixed_round,pd_d192_k3_eval,fixed_step_19,returned_means,True,False,57,test,2278535,18089,35,166.9184308428479,False,19
pd_d192_k3_eval:returned:fixed_step_19,fixed_round,pd_d192_k3_eval,fixed_step_19,returned_means,True,False,58,dev,2315577,18491,19,21.357226838454675,False,19
pd_d192_k3_eval:returned:fixed_step_19,fixed_round,pd_d192_k3_eval,fixed_step_19,returned_means,True,False,59,test,2329977,18625,21,305.8580101119493,False,19
pd_d192_k3_eval:returned:fixed_step_29,fixed_round,pd_d192_k3_eval,fixed_step_29,returned_means,True,False,0,dev,30633,278,9,14.565883311376645,True,29
pd_d192_k3_eval:returned:fixed_step_29,fixed_round,pd_d192_k3_eval,fixed_step_29,returned_means,True,False,1,test,43081,380,39,22.47224416874468,False,29
pd_d192_k3_eval:returned:fixed_step_29,fixed_round,pd_d192_k3_eval,fixed_step_29,returned_means,True,False,2,dev,68887,624,90,121.97502452501479,False,29
pd_d192_k3_eval:returned:fixed_step_29,fixed_round,pd_d192_k3_eval,fixed_step_29,returned_means,True,False,3,test,143460,1172,0,461.0571524036827,False,29
pd_d192_k3_eval:returned:fixed_step_29,fixed_round,pd_d192_k3_eval,fixed_step_29,returned_means,True,False,4,dev,161350,1326,6,87.37559648775289,False,29
pd_d192_k3_eval:returned:fixed_step_29,fixed_round,pd_d192_k3_eval,fixed_step_29,returned_means,True,False,5,test,164138,1343,91,17.060775102382724,True,29
pd_d192_k3_eval:returned:fixed_step_29,fixed_round,pd_d192_k3_eval,fixed_step_29,returned_means,True,False,6,dev,283976,2392,36,15.328309121473763,True,29
pd_d192_k3_eval:returned:fixed_step_29,fixed_round,pd_d192_k3_eval,fixed_step_29,returned_means,True,False,7,test,326635,2812,54,19.909126478981687,True,29
pd_d192_k3_eval:returned:fixed_step_29,fixed_round,pd_d192_k3_eval,fixed_step_29,returned_means,True,False,8,dev,377817,3108,5,152.60500121741057,False,29
pd_d192_k3_eval:returned:fixed_step_29,fixed_round,pd_d192_k3_eval,fixed_step_29,returned_means,True,False,9,test,459527,3743,64,36.88325203310997,False,29
pd_d192_k3_eval:returned:fixed_step_29,fixed_round,pd_d192_k3_eval,fixed_step_29,returned_means,True,False,10,dev,471804,3833,11,35.808295752134555,False,29
pd_d192_k3_eval:returned:fixed_step_29,fixed_round,pd_d192_k3_eval,fixed_step_29,returned_means,True,False,11,test,496196,3986,69,88.97546130290078,False,29
pd_d192_k3_eval:returned:fixed_step_29,fixed_round,pd_d192_k3_eval,fixed_step_29,returned_means,True,False,12,dev,502306,4030,19,17.392941174333497,True,29
pd_d192_k3_eval:returned:fixed_step_29,fixed_round,pd_d192_k3_eval,fixed_step_29,returned_means,True,False,13,test,634492,5065,18,17.696510345437478,True,29
pd_d192_k3_eval:returned:fixed_step_29,fixed_round,pd_d192_k3_eval,fixed_step_29,returned_means,True,False,14,dev,658744,5204,46,57.41949901935365,False,29
pd_d192_k3_eval:returned:fixed_step_29,fixed_round,pd_d192_k3_eval,fixed_step_29,returned_means,True,False,15,test,668349,5273,45,12.750893671041526,True,29
pd_d192_k3_eval:returned:fixed_step_29,fixed_round,pd_d192_k3_eval,fixed_step_29,returned_means,True,False,16,dev,704961,5616,16,85.05589980523325,False,29
pd_d192_k3_eval:returned:fixed_step_29,fixed_round,pd_d192_k3_eval,fixed_step_29,returned_means,True,False,17,test,734121,5889,10,159.34226039589234,False,29
pd_d192_k3_eval:returned:fixed_step_29,fixed_round,pd_d192_k3_eval,fixed_step_29,returned_means,True,False,18,dev,746433,5977,36,177.91650331880743,False,29
pd_d192_k3_eval:returned:fixed_step_29,fixed_round,pd_d192_k3_eval,fixed_step_29,returned_means,True,False,19,test,750681,6017,4,93.56366871444514,False,29
pd_d192_k3_eval:returned:fixed_step_29,fixed_round,pd_d192_k3_eval,fixed_step_29,returned_means,True,False,20,dev,768392,6137,24,35.454457709993896,False,29
pd_d192_k3_eval:returned:fixed_step_29,fixed_round,pd_d192_k3_eval,fixed_step_29,returned_means,True,False,21,test,806921,6483,104,111.55996237841646,False,29
pd_d192_k3_eval:returned:fixed_step_29,fixed_round,pd_d192_k3_eval,fixed_step_29,returned_means,True,False,22,dev,818604,6556,34,17.70297324529608,True,29
pd_d192_k3_eval:returned:fixed_step_29,fixed_round,pd_d192_k3_eval,fixed_step_29,returned_means,True,False,23,test,850663,6863,40,64.00361733765405,False,29
pd_d192_k3_eval:returned:fixed_step_29,fixed_round,pd_d192_k3_eval,fixed_step_29,returned_means,True,False,24,dev,865402,6963,19,11.705132076715186,True,29
pd_d192_k3_eval:returned:fixed_step_29,fixed_round,pd_d192_k3_eval,fixed_step_29,returned_means,True,False,25,test,975584,7930,19,36.98466329164917,False,29
pd_d192_k3_eval:returned:fixed_step_29,fixed_round,pd_d192_k3_eval,fixed_step_29,returned_means,True,False,26,dev,989447,8042,43,202.42785020893865,False,29
pd_d192_k3_eval:returned:fixed_step_29,fixed_round,pd_d192_k3_eval,fixed_step_29,returned_means,True,False,27,test,1063727,8577,27,29.11669312173115,False,29
pd_d192_k3_eval:returned:fixed_step_29,fixed_round,pd_d192_k3_eval,fixed_step_29,returned_means,True,False,28,dev,1085924,8801,58,14.604232973658988,True,29
pd_d192_k3_eval:returned:fixed_step_29,fixed_round,pd_d192_k3_eval,fixed_step_29,returned_means,True,False,29,test,1094081,8850,32,13.613525778934626,True,29
pd_d192_k3_eval:returned:fixed_step_29,fixed_round,pd_d192_k3_eval,fixed_step_29,returned_means,True,False,30,dev,1110912,8958,17,27.79064366033146,False,29
pd_d192_k3_eval:returned:fixed_step_29,fixed_round,pd_d192_k3_eval,fixed_step_29,returned_means,True,False,31,test,1138763,9240,64,772.0331332234927,False,29
pd_d192_k3_eval:returned:fixed_step_29,fixed_round,pd_d192_k3_eval,fixed_step_29,returned_means,True,False,32,dev,1207664,9876,74,38.48936552495569,False,29
pd_d192_k3_eval:returned:fixed_step_29,fixed_round,pd_d192_k3_eval,fixed_step_29,returned_means,True,False,33,test,1320555,10683,97,453.1926640108128,False,29
pd_d192_k3_eval:returned:fixed_step_29,fixed_round,pd_d192_k3_eval,fixed_step_29,returned_means,True,False,34,dev,1338312,10833,60,13.138772891812765,True,29
pd_d192_k3_eval:returned:fixed_step_29,fixed_round,pd_d192_k3_eval,fixed_step_29,returned_means,True,False,35,test,1370443,11060,102,18.535138447755234,True,29
pd_d192_k3_eval:returned:fixed_step_29,fixed_round,pd_d192_k3_eval,fixed_step_29,returned_means,True,False,36,dev,1371767,11069,94,16.085563396942426,True,29
pd_d192_k3_eval:returned:fixed_step_29,fixed_round,pd_d192_k3_eval,fixed_step_29,returned_means,True,False,37,test,1497457,11995,44,18.161719997437498,True,29
pd_d192_k3_eval:returned:fixed_step_29,fixed_round,pd_d192_k3_eval,fixed_step_29,returned_means,True,False,38,dev,1582932,12595,49,3.1327966853591227,True,29
pd_d192_k3_eval:returned:fixed_step_29,fixed_round,pd_d192_k3_eval,fixed_step_29,returned_means,True,False,39,test,1592283,12683,2,12.319459486556289,True,29
pd_d192_k3_eval:returned:fixed_step_29,fixed_round,pd_d192_k3_eval,fixed_step_29,returned_means,True,False,40,dev,1751762,13940,70,15.992798243554473,True,29
pd_d192_k3_eval:returned:fixed_step_29,fixed_round,pd_d192_k3_eval,fixed_step_29,returned_means,True,False,41,test,1756693,13968,73,8.813020055958786,True,29
pd_d192_k3_eval:returned:fixed_step_29,fixed_round,pd_d192_k3_eval,fixed_step_29,returned_means,True,False,42,dev,1789810,14200,119,47.08149844862208,False,29
pd_d192_k3_eval:returned:fixed_step_29,fixed_round,pd_d192_k3_eval,fixed_step_29,returned_means,True,False,43,test,1791388,14209,50,14.831138740339993,True,29
pd_d192_k3_eval:returned:fixed_step_29,fixed_round,pd_d192_k3_eval,fixed_step_29,returned_means,True,False,44,dev,1817969,14447,33,12.612460713418969,True,29
pd_d192_k3_eval:returned:fixed_step_29,fixed_round,pd_d192_k3_eval,fixed_step_29,returned_means,True,False,45,test,1836411,14547,67,531.3262213378814,False,29
pd_d192_k3_eval:returned:fixed_step_29,fixed_round,pd_d192_k3_eval,fixed_step_29,returned_means,True,False,46,dev,1856976,14700,96,309.61122405891086,False,29
pd_d192_k3_eval:returned:fixed_step_29,fixed_round,pd_d192_k3_eval,fixed_step_29,returned_means,True,False,47,test,1872550,14853,0,20.879767677516544,True,29
pd_d192_k3_eval:returned:fixed_step_29,fixed_round,pd_d192_k3_eval,fixed_step_29,returned_means,True,False,48,dev,1917206,15248,82,18.105388064811915,True,29
pd_d192_k3_eval:returned:fixed_step_29,fixed_round,pd_d192_k3_eval,fixed_step_29,returned_means,True,False,49,test,1958883,15683,106,235.9223149677199,False,29
pd_d192_k3_eval:returned:fixed_step_29,fixed_round,pd_d192_k3_eval,fixed_step_29,returned_means,True,False,50,dev,1996212,15966,38,20.266221148948055,True,29
pd_d192_k3_eval:returned:fixed_step_29,fixed_round,pd_d192_k3_eval,fixed_step_29,returned_means,True,False,51,test,2027653,16134,150,12.963237174996854,True,29
pd_d192_k3_eval:returned:fixed_step_29,fixed_round,pd_d192_k3_eval,fixed_step_29,returned_means,True,False,52,dev,2056217,16265,51,84.30451445403551,False,29
pd_d192_k3_eval:returned:fixed_step_29,fixed_round,pd_d192_k3_eval,fixed_step_29,returned_means,True,False,53,test,2131015,16989,23,12.331134743308754,True,29
pd_d192_k3_eval:returned:fixed_step_29,fixed_round,pd_d192_k3_eval,fixed_step_29,returned_means,True,False,54,dev,2162795,17252,52,18.454438633687957,True,29
pd_d192_k3_eval:returned:fixed_step_29,fixed_round,pd_d192_k3_eval,fixed_step_29,returned_means,True,False,55,test,2227454,17719,45,18.862374466672556,True,29
pd_d192_k3_eval:returned:fixed_step_29,fixed_round,pd_d192_k3_eval,fixed_step_29,returned_means,True,False,56,dev,2237502,17787,47,19.182756084764737,True,29
pd_d192_k3_eval:returned:fixed_step_29,fixed_round,pd_d192_k3_eval,fixed_step_29,returned_means,True,False,57,test,2278535,18089,35,154.67720625478697,False,29
pd_d192_k3_eval:returned:fixed_step_29,fixed_round,pd_d192_k3_eval,fixed_step_29,returned_means,True,False,58,dev,2315577,18491,19,19.84431385045581,True,29
pd_d192_k3_eval:returned:fixed_step_29,fixed_round,pd_d192_k3_eval,fixed_step_29,returned_means,True,False,59,test,2329977,18625,21,325.8203466720749,False,29
pd_d192_k3_eval:returned:dev_best_round,dev_tuned_fixed_round,pd_d192_k3_eval,fixed_step_29,returned_means,True,True,0,dev,30633,278,9,14.565883311376645,True,29
pd_d192_k3_eval:returned:dev_best_round,dev_tuned_fixed_round,pd_d192_k3_eval,fixed_step_29,returned_means,True,True,1,test,43081,380,39,22.47224416874468,False,29
pd_d192_k3_eval:returned:dev_best_round,dev_tuned_fixed_round,pd_d192_k3_eval,fixed_step_29,returned_means,True,True,2,dev,68887,624,90,121.97502452501479,False,29
pd_d192_k3_eval:returned:dev_best_round,dev_tuned_fixed_round,pd_d192_k3_eval,fixed_step_29,returned_means,True,True,3,test,143460,1172,0,461.0571524036827,False,29
pd_d192_k3_eval:returned:dev_best_round,dev_tuned_fixed_round,pd_d192_k3_eval,fixed_step_29,returned_means,True,True,4,dev,161350,1326,6,87.37559648775289,False,29
pd_d192_k3_eval:returned:dev_best_round,dev_tuned_fixed_round,pd_d192_k3_eval,fixed_step_29,returned_means,True,True,5,test,164138,1343,91,17.060775102382724,True,29
pd_d192_k3_eval:returned:dev_best_round,dev_tuned_fixed_round,pd_d192_k3_eval,fixed_step_29,returned_means,True,True,6,dev,283976,2392,36,15.328309121473763,True,29
pd_d192_k3_eval:returned:dev_best_round,dev_tuned_fixed_round,pd_d192_k3_eval,fixed_step_29,returned_means,True,True,7,test,326635,2812,54,19.909126478981687,True,29
pd_d192_k3_eval:returned:dev_best_round,dev_tuned_fixed_round,pd_d192_k3_eval,fixed_step_29,returned_means,True,True,8,dev,377817,3108,5,152.60500121741057,False,29
pd_d192_k3_eval:returned:dev_best_round,dev_tuned_fixed_round,pd_d192_k3_eval,fixed_step_29,returned_means,True,True,9,test,459527,3743,64,36.88325203310997,False,29
pd_d192_k3_eval:returned:dev_best_round,dev_tuned_fixed_round,pd_d192_k3_eval,fixed_step_29,returned_means,True,True,10,dev,471804,3833,11,35.808295752134555,False,29
pd_d192_k3_eval:returned:dev_best_round,dev_tuned_fixed_round,pd_d192_k3_eval,fixed_step_29,returned_means,True,True,11,test,496196,3986,69,88.97546130290078,False,29
pd_d192_k3_eval:returned:dev_best_round,dev_tuned_fixed_round,pd_d192_k3_eval,fixed_step_29,returned_means,True,True,12,dev,502306,4030,19,17.392941174333497,True,29
pd_d192_k3_eval:returned:dev_best_round,dev_tuned_fixed_round,pd_d192_k3_eval,fixed_step_29,returned_means,True,True,13,test,634492,5065,18,17.696510345437478,True,29
pd_d192_k3_eval:returned:dev_best_round,dev_tuned_fixed_round,pd_d192_k3_eval,fixed_step_29,returned_means,True,True,14,dev,658744,5204,46,57.41949901935365,False,29
pd_d192_k3_eval:returned:dev_best_round,dev_tuned_fixed_round,pd_d192_k3_eval,fixed_step_29,returned_means,True,True,15,test,668349,5273,45,12.750893671041526,True,29
pd_d192_k3_eval:returned:dev_best_round,dev_tuned_fixed_round,pd_d192_k3_eval,fixed_step_29,returned_means,True,True,16,dev,704961,5616,16,85.05589980523325,False,29
pd_d192_k3_eval:returned:dev_best_round,dev_tuned_fixed_round,pd_d192_k3_eval,fixed_step_29,returned_means,True,True,17,test,734121,5889,10,159.34226039589234,False,29
pd_d192_k3_eval:returned:dev_best_round,dev_tuned_fixed_round,pd_d192_k3_eval,fixed_step_29,returned_means,True,True,18,dev,746433,5977,36,177.91650331880743,False,29
pd_d192_k3_eval:returned:dev_best_round,dev_tuned_fixed_round,pd_d192_k3_eval,fixed_step_29,returned_means,True,True,19,test,750681,6017,4,93.56366871444514,False,29
pd_d192_k3_eval:returned:dev_best_round,dev_tuned_fixed_round,pd_d192_k3_eval,fixed_step_29,returned_means,True,True,20,dev,768392,6137,24,35.454457709993896,False,29
pd_d192_k3_eval:returned:dev_best_round,dev_tuned_fixed_round,pd_d192_k3_eval,fixed_step_29,returned_means,True,True,21,test,806921,6483,104,111.55996237841646,False,29
pd_d192_k3_eval:returned:dev_best_round,dev_tuned_fixed_round,pd_d192_k3_eval,fixed_step_29,returned_means,True,True,22,dev,818604,6556,34,17.70297324529608,True,29
pd_d192_k3_eval:returned:dev_best_round,dev_tuned_fixed_round,pd_d192_k3_eval,fixed_step_29,returned_means,True,True,23,test,850663,6863,40,64.00361733765405,False,29
pd_d192_k3_eval:returned:dev_best_round,dev_tuned_fixed_round,pd_d192_k3_eval,fixed_step_29,returned_means,True,True,24,dev,865402,6963,19,11.705132076715186,True,29
pd_d192_k3_eval:returned:dev_best_round,dev_tuned_fixed_round,pd_d192_k3_eval,fixed_step_29,returned_means,True,True,25,test,975584,7930,19,36.98466329164917,False,29
pd_d192_k3_eval:returned:dev_best_round,dev_tuned_fixed_round,pd_d192_k3_eval,fixed_step_29,returned_means,True,True,26,dev,989447,8042,43,202.42785020893865,False,29
pd_d192_k3_eval:returned:dev_best_round,dev_tuned_fixed_round,pd_d192_k3_eval,fixed_step_29,returned_means,True,True,27,test,1063727,8577,27,29.11669312173115,False,29
pd_d192_k3_eval:returned:dev_best_round,dev_tuned_fixed_round,pd_d192_k3_eval,fixed_step_29,returned_means,True,True,28,dev,1085924,8801,58,14.604232973658988,True,29
pd_d192_k3_eval:returned:dev_best_round,dev_tuned_fixed_round,pd_d192_k3_eval,fixed_step_29,returned_means,True,True,29,test,1094081,8850,32,13.613525778934626,True,29
pd_d192_k3_eval:returned:dev_best_round,dev_tuned_fixed_round,pd_d192_k3_eval,fixed_step_29,returned_means,True,True,30,dev,1110912,8958,17,27.79064366033146,False,29
pd_d192_k3_eval:returned:dev_best_round,dev_tuned_fixed_round,pd_d192_k3_eval,fixed_step_29,returned_means,True,True,31,test,1138763,9240,64,772.0331332234927,False,29
pd_d192_k3_eval:returned:dev_best_round,dev_tuned_fixed_round,pd_d192_k3_eval,fixed_step_29,returned_means,True,True,32,dev,1207664,9876,74,38.48936552495569,False,29
pd_d192_k3_eval:returned:dev_best_round,dev_tuned_fixed_round,pd_d192_k3_eval,fixed_step_29,returned_means,True,True,33,test,1320555,10683,97,453.1926640108128,False,29
pd_d192_k3_eval:returned:dev_best_round,dev_tuned_fixed_round,pd_d192_k3_eval,fixed_step_29,returned_means,True,True,34,dev,1338312,10833,60,13.138772891812765,True,29
pd_d192_k3_eval:returned:dev_best_round,dev_tuned_fixed_round,pd_d192_k3_eval,fixed_step_29,returned_means,True,True,35,test,1370443,11060,102,18.535138447755234,True,29
pd_d192_k3_eval:returned:dev_best_round,dev_tuned_fixed_round,pd_d192_k3_eval,fixed_step_29,returned_means,True,True,36,dev,1371767,11069,94,16.085563396942426,True,29
pd_d192_k3_eval:returned:dev_best_round,dev_tuned_fixed_round,pd_d192_k3_eval,fixed_step_29,returned_means,True,True,37,test,1497457,11995,44,18.161719997437498,True,29
pd_d192_k3_eval:returned:dev_best_round,dev_tuned_fixed_round,pd_d192_k3_eval,fixed_step_29,returned_means,True,True,38,dev,1582932,12595,49,3.1327966853591227,True,29
pd_d192_k3_eval:returned:dev_best_round,dev_tuned_fixed_round,pd_d192_k3_eval,fixed_step_29,returned_means,True,True,39,test,1592283,12683,2,12.319459486556289,True,29
pd_d192_k3_eval:returned:dev_best_round,dev_tuned_fixed_round,pd_d192_k3_eval,fixed_step_29,returned_means,True,True,40,dev,1751762,13940,70,15.992798243554473,True,29
pd_d192_k3_eval:returned:dev_best_round,dev_tuned_fixed_round,pd_d192_k3_eval,fixed_step_29,returned_means,True,True,41,test,1756693,13968,73,8.813020055958786,True,29
pd_d192_k3_eval:returned:dev_best_round,dev_tuned_fixed_round,pd_d192_k3_eval,fixed_step_29,returned_means,True,True,42,dev,1789810,14200,119,47.08149844862208,False,29
pd_d192_k3_eval:returned:dev_best_round,dev_tuned_fixed_round,pd_d192_k3_eval,fixed_step_29,returned_means,True,True,43,test,1791388,14209,50,14.831138740339993,True,29
pd_d192_k3_eval:returned:dev_best_round,dev_tuned_fixed_round,pd_d192_k3_eval,fixed_step_29,returned_means,True,True,44,dev,1817969,14447,33,12.612460713418969,True,29
pd_d192_k3_eval:returned:dev_best_round,dev_tuned_fixed_round,pd_d192_k3_eval,fixed_step_29,returned_means,True,True,45,test,1836411,14547,67,531.3262213378814,False,29
pd_d192_k3_eval:returned:dev_best_round,dev_tuned_fixed_round,pd_d192_k3_eval,fixed_step_29,returned_means,True,True,46,dev,1856976,14700,96,309.61122405891086,False,29
pd_d192_k3_eval:returned:dev_best_round,dev_tuned_fixed_round,pd_d192_k3_eval,fixed_step_29,returned_means,True,True,47,test,1872550,14853,0,20.879767677516544,True,29
pd_d192_k3_eval:returned:dev_best_round,dev_tuned_fixed_round,pd_d192_k3_eval,fixed_step_29,returned_means,True,True,48,dev,1917206,15248,82,18.105388064811915,True,29
pd_d192_k3_eval:returned:dev_best_round,dev_tuned_fixed_round,pd_d192_k3_eval,fixed_step_29,returned_means,True,True,49,test,1958883,15683,106,235.9223149677199,False,29
pd_d192_k3_eval:returned:dev_best_round,dev_tuned_fixed_round,pd_d192_k3_eval,fixed_step_29,returned_means,True,True,50,dev,1996212,15966,38,20.266221148948055,True,29
pd_d192_k3_eval:returned:dev_best_round,dev_tuned_fixed_round,pd_d192_k3_eval,fixed_step_29,returned_means,True,True,51,test,2027653,16134,150,12.963237174996854,True,29
pd_d192_k3_eval:returned:dev_best_round,dev_tuned_fixed_round,pd_d192_k3_eval,fixed_step_29,returned_means,True,True,52,dev,2056217,16265,51,84.30451445403551,False,29
pd_d192_k3_eval:returned:dev_best_round,dev_tuned_fixed_round,pd_d192_k3_eval,fixed_step_29,returned_means,True,True,53,test,2131015,16989,23,12.331134743308754,True,29
pd_d192_k3_eval:returned:dev_best_round,dev_tuned_fixed_round,pd_d192_k3_eval,fixed_step_29,returned_means,True,True,54,dev,2162795,17252,52,18.454438633687957,True,29
pd_d192_k3_eval:returned:dev_best_round,dev_tuned_fixed_round,pd_d192_k3_eval,fixed_step_29,returned_means,True,True,55,test,2227454,17719,45,18.862374466672556,True,29
pd_d192_k3_eval:returned:dev_best_round,dev_tuned_fixed_round,pd_d192_k3_eval,fixed_step_29,returned_means,True,True,56,dev,2237502,17787,47,19.182756084764737,True,29
pd_d192_k3_eval:returned:dev_best_round,dev_tuned_fixed_round,pd_d192_k3_eval,fixed_step_29,returned_means,True,True,57,test,2278535,18089,35,154.67720625478697,False,29
pd_d192_k3_eval:returned:dev_best_round,dev_tuned_fixed_round,pd_d192_k3_eval,fixed_step_29,returned_means,True,True,58,dev,2315577,18491,19,19.84431385045581,True,29
pd_d192_k3_eval:returned:dev_best_round,dev_tuned_fixed_round,pd_d192_k3_eval,fixed_step_29,returned_means,True,True,59,test,2329977,18625,21,325.8203466720749,False,29
pd_d192_k3_eval:returned:score_by_pd_d192_k3_eval,round_verification,pd_d192_k3_eval,pd_d192_k3_eval,returned_means,True,False,0,dev,30633,278,9,14.565883311376645,True,29
pd_d192_k3_eval:returned:score_by_pd_d192_k3_eval,round_verification,pd_d192_k3_eval,pd_d192_k3_eval,returned_means,True,False,1,test,43081,380,39,22.47224416874468,False,29
pd_d192_k3_eval:returned:score_by_pd_d192_k3_eval,round_verification,pd_d192_k3_eval,pd_d192_k3_eval,returned_means,True,False,2,dev,68887,624,90,121.97502452501479,False,29
pd_d192_k3_eval:returned:score_by_pd_d192_k3_eval,round_verification,pd_d192_k3_eval,pd_d192_k3_eval,returned_means,True,False,3,test,143460,1172,0,461.0571524036827,False,29
pd_d192_k3_eval:returned:score_by_pd_d192_k3_eval,round_verification,pd_d192_k3_eval,pd_d192_k3_eval,returned_means,True,False,4,dev,161350,1326,6,87.37559648775289,False,29
pd_d192_k3_eval:returned:score_by_pd_d192_k3_eval,round_verification,pd_d192_k3_eval,pd_d192_k3_eval,returned_means,True,False,5,test,164138,1343,91,17.060775102382724,True,29
pd_d192_k3_eval:returned:score_by_pd_d192_k3_eval,round_verification,pd_d192_k3_eval,pd_d192_k3_eval,returned_means,True,False,6,dev,283976,2392,36,15.328309121473763,True,29
pd_d192_k3_eval:returned:score_by_pd_d192_k3_eval,round_verification,pd_d192_k3_eval,pd_d192_k3_eval,returned_means,True,False,7,test,326635,2812,54,19.909126478981687,True,29
pd_d192_k3_eval:returned:score_by_pd_d192_k3_eval,round_verification,pd_d192_k3_eval,pd_d192_k3_eval,returned_means,True,False,8,dev,377817,3108,5,152.60500121741057,False,29
pd_d192_k3_eval:returned:score_by_pd_d192_k3_eval,round_verification,pd_d192_k3_eval,pd_d192_k3_eval,returned_means,True,False,9,test,459527,3743,64,36.88325203310997,False,29
pd_d192_k3_eval:returned:score_by_pd_d192_k3_eval,round_verification,pd_d192_k3_eval,pd_d192_k3_eval,returned_means,True,False,10,dev,471804,3833,11,35.808295752134555,False,29
pd_d192_k3_eval:returned:score_by_pd_d192_k3_eval,round_verification,pd_d192_k3_eval,pd_d192_k3_eval,returned_means,True,False,11,test,496196,3986,69,88.97546130290078,False,29
pd_d192_k3_eval:returned:score_by_pd_d192_k3_eval,round_verification,pd_d192_k3_eval,pd_d192_k3_eval,returned_means,True,False,12,dev,502306,4030,19,17.392941174333497,True,29
pd_d192_k3_eval:returned:score_by_pd_d192_k3_eval,round_verification,pd_d192_k3_eval,pd_d192_k3_eval,returned_means,True,False,13,test,634492,5065,18,17.696510345437478,True,29
pd_d192_k3_eval:returned:score_by_pd_d192_k3_eval,round_verification,pd_d192_k3_eval,pd_d192_k3_eval,returned_means,True,False,14,dev,658744,5204,46,57.41949901935365,False,29
pd_d192_k3_eval:returned:score_by_pd_d192_k3_eval,round_verification,pd_d192_k3_eval,pd_d192_k3_eval,returned_means,True,False,15,test,668349,5273,45,12.750893671041526,True,29
pd_d192_k3_eval:returned:score_by_pd_d192_k3_eval,round_verification,pd_d192_k3_eval,pd_d192_k3_eval,returned_means,True,False,16,dev,704961,5616,16,85.05589980523325,False,29
pd_d192_k3_eval:returned:score_by_pd_d192_k3_eval,round_verification,pd_d192_k3_eval,pd_d192_k3_eval,returned_means,True,False,17,test,734121,5889,10,159.34226039589234,False,29
pd_d192_k3_eval:returned:score_by_pd_d192_k3_eval,round_verification,pd_d192_k3_eval,pd_d192_k3_eval,returned_means,True,False,18,dev,746433,5977,36,177.91650331880743,False,29
pd_d192_k3_eval:returned:score_by_pd_d192_k3_eval,round_verification,pd_d192_k3_eval,pd_d192_k3_eval,returned_means,True,False,19,test,750681,6017,4,93.56366871444514,False,29
pd_d192_k3_eval:returned:score_by_pd_d192_k3_eval,round_verification,pd_d192_k3_eval,pd_d192_k3_eval,returned_means,True,False,20,dev,768392,6137,24,35.454457709993896,False,29
pd_d192_k3_eval:returned:score_by_pd_d192_k3_eval,round_verification,pd_d192_k3_eval,pd_d192_k3_eval,returned_means,True,False,21,test,806921,6483,104,111.55996237841646,False,29
pd_d192_k3_eval:returned:score_by_pd_d192_k3_eval,round_verification,pd_d192_k3_eval,pd_d192_k3_eval,returned_means,True,False,22,dev,818604,6556,34,17.70297324529608,True,29
pd_d192_k3_eval:returned:score_by_pd_d192_k3_eval,round_verification,pd_d192_k3_eval,pd_d192_k3_eval,returned_means,True,False,23,test,850663,6863,40,64.00361733765405,False,29
pd_d192_k3_eval:returned:score_by_pd_d192_k3_eval,round_verification,pd_d192_k3_eval,pd_d192_k3_eval,returned_means,True,False,24,dev,865402,6963,19,11.705132076715186,True,29
pd_d192_k3_eval:returned:score_by_pd_d192_k3_eval,round_verification,pd_d192_k3_eval,pd_d192_k3_eval,returned_means,True,False,25,test,975584,7930,19,36.98466329164917,False,29
pd_d192_k3_eval:returned:score_by_pd_d192_k3_eval,round_verification,pd_d192_k3_eval,pd_d192_k3_eval,returned_means,True,False,26,dev,989447,8042,43,202.42785020893865,False,29
pd_d192_k3_eval:returned:score_by_pd_d192_k3_eval,round_verification,pd_d192_k3_eval,pd_d192_k3_eval,returned_means,True,False,27,test,1063727,8577,27,29.11669312173115,False,29
pd_d192_k3_eval:returned:score_by_pd_d192_k3_eval,round_verification,pd_d192_k3_eval,pd_d192_k3_eval,returned_means,True,False,28,dev,1085924,8801,58,14.604232973658988,True,29
pd_d192_k3_eval:returned:score_by_pd_d192_k3_eval,round_verification,pd_d192_k3_eval,pd_d192_k3_eval,returned_means,True,False,29,test,1094081,8850,32,13.613525778934626,True,29
pd_d192_k3_eval:returned:score_by_pd_d192_k3_eval,round_verification,pd_d192_k3_eval,pd_d192_k3_eval,returned_means,True,False,30,dev,1110912,8958,17,27.79064366033146,False,29
pd_d192_k3_eval:returned:score_by_pd_d192_k3_eval,round_verification,pd_d192_k3_eval,pd_d192_k3_eval,returned_means,True,False,31,test,1138763,9240,64,772.0331332234927,False,29
pd_d192_k3_eval:returned:score_by_pd_d192_k3_eval,round_verification,pd_d192_k3_eval,pd_d192_k3_eval,returned_means,True,False,32,dev,1207664,9876,74,38.48936552495569,False,29
pd_d192_k3_eval:returned:score_by_pd_d192_k3_eval,round_verification,pd_d192_k3_eval,pd_d192_k3_eval,returned_means,True,False,33,test,1320555,10683,97,453.1926640108128,False,29
pd_d192_k3_eval:returned:score_by_pd_d192_k3_eval,round_verification,pd_d192_k3_eval,pd_d192_k3_eval,returned_means,True,False,34,dev,1338312,10833,60,13.138772891812765,True,29
pd_d192_k3_eval:returned:score_by_pd_d192_k3_eval,round_verification,pd_d192_k3_eval,pd_d192_k3_eval,returned_means,True,False,35,test,1370443,11060,102,18.535138447755234,True,29
pd_d192_k3_eval:returned:score_by_pd_d192_k3_eval,round_verification,pd_d192_k3_eval,pd_d192_k3_eval,returned_means,True,False,36,dev,1371767,11069,94,16.085563396942426,True,29
pd_d192_k3_eval:returned:score_by_pd_d192_k3_eval,round_verification,pd_d192_k3_eval,pd_d192_k3_eval,returned_means,True,False,37,test,1497457,11995,44,18.161719997437498,True,29
pd_d192_k3_eval:returned:score_by_pd_d192_k3_eval,round_verification,pd_d192_k3_eval,pd_d192_k3_eval,returned_means,True,False,38,dev,1582932,12595,49,3.1327966853591227,True,29
pd_d192_k3_eval:returned:score_by_pd_d192_k3_eval,round_verification,pd_d192_k3_eval,pd_d192_k3_eval,returned_means,True,False,39,test,1592283,12683,2,12.319459486556289,True,29
pd_d192_k3_eval:returned:score_by_pd_d192_k3_eval,round_verification,pd_d192_k3_eval,pd_d192_k3_eval,returned_means,True,False,40,dev,1751762,13940,70,15.992798243554473,True,29
pd_d192_k3_eval:returned:score_by_pd_d192_k3_eval,round_verification,pd_d192_k3_eval,pd_d192_k3_eval,returned_means,True,False,41,test,1756693,13968,73,8.813020055958786,True,29
pd_d192_k3_eval:returned:score_by_pd_d192_k3_eval,round_verification,pd_d192_k3_eval,pd_d192_k3_eval,returned_means,True,False,42,dev,1789810,14200,119,47.08149844862208,False,29
pd_d192_k3_eval:returned:score_by_pd_d192_k3_eval,round_verification,pd_d192_k3_eval,pd_d192_k3_eval,returned_means,True,False,43,test,1791388,14209,50,14.831138740339993,True,29
pd_d192_k3_eval:returned:score_by_pd_d192_k3_eval,round_verification,pd_d192_k3_eval,pd_d192_k3_eval,returned_means,True,False,44,dev,1817969,14447,33,12.612460713418969,True,29
pd_d192_k3_eval:returned:score_by_pd_d192_k3_eval,round_verification,pd_d192_k3_eval,pd_d192_k3_eval,returned_means,True,False,45,test,1836411,14547,67,531.3262213378814,False,29
pd_d192_k3_eval:returned:score_by_pd_d192_k3_eval,round_verification,pd_d192_k3_eval,pd_d192_k3_eval,returned_means,True,False,46,dev,1856976,14700,96,309.61122405891086,False,29
pd_d192_k3_eval:returned:score_by_pd_d192_k3_eval,round_verification,pd_d192_k3_eval,pd_d192_k3_eval,returned_means,True,False,47,test,1872550,14853,0,20.879767677516544,True,29
pd_d192_k3_eval:returned:score_by_pd_d192_k3_eval,round_verification,pd_d192_k3_eval,pd_d192_k3_eval,returned_means,True,False,48,dev,1917206,15248,82,18.105388064811915,True,29
pd_d192_k3_eval:returned:score_by_pd_d192_k3_eval,round_verification,pd_d192_k3_eval,pd_d192_k3_eval,returned_means,True,False,49,test,1958883,15683,106,235.9223149677199,False,29
pd_d192_k3_eval:returned:score_by_pd_d192_k3_eval,round_verification,pd_d192_k3_eval,pd_d192_k3_eval,returned_means,True,False,50,dev,1996212,15966,38,20.266221148948055,True,29
pd_d192_k3_eval:returned:score_by_pd_d192_k3_eval,round_verification,pd_d192_k3_eval,pd_d192_k3_eval,returned_means,True,False,51,test,2027653,16134,150,12.963237174996854,True,29
pd_d192_k3_eval:returned:score_by_pd_d192_k3_eval,round_verification,pd_d192_k3_eval,pd_d192_k3_eval,returned_means,True,False,52,dev,2056217,16265,51,84.30451445403551,False,29
pd_d192_k3_eval:returned:score_by_pd_d192_k3_eval,round_verification,pd_d192_k3_eval,pd_d192_k3_eval,returned_means,True,False,53,test,2131015,16989,23,12.331134743308754,True,29
pd_d192_k3_eval:returned:score_by_pd_d192_k3_eval,round_verification,pd_d192_k3_eval,pd_d192_k3_eval,returned_means,True,False,54,dev,2162795,17252,52,18.454438633687957,True,29
pd_d192_k3_eval:returned:score_by_pd_d192_k3_eval,round_verification,pd_d192_k3_eval,pd_d192_k3_eval,returned_means,True,False,55,test,2227454,17719,45,18.862374466672556,True,29
pd_d192_k3_eval:returned:score_by_pd_d192_k3_eval,round_verification,pd_d192_k3_eval,pd_d192_k3_eval,returned_means,True,False,56,dev,2237502,17787,47,19.182756084764737,True,29
pd_d192_k3_eval:returned:score_by_pd_d192_k3_eval,round_verification,pd_d192_k3_eval,pd_d192_k3_eval,returned_means,True,False,57,test,2278535,18089,35,154.67720625478697,False,29
pd_d192_k3_eval:returned:score_by_pd_d192_k3_eval,round_verification,pd_d192_k3_eval,pd_d192_k3_eval,returned_means,True,False,58,dev,2315577,18491,19,19.84431385045581,True,29
pd_d192_k3_eval:returned:score_by_pd_d192_k3_eval,round_verification,pd_d192_k3_eval,pd_d192_k3_eval,returned_means,True,False,59,test,2329977,18625,21,325.8203466720749,False,29
pd_d192_k3_eval:returned:consensus,round_verification,pd_d192_k3_eval,all_rank_consensus,returned_means,True,False,0,dev,30633,278,9,14.565883311376645,True,29
pd_d192_k3_eval:returned:consensus,round_verification,pd_d192_k3_eval,all_rank_consensus,returned_means,True,False,1,test,43081,380,39,22.47224416874468,False,29
pd_d192_k3_eval:returned:consensus,round_verification,pd_d192_k3_eval,all_rank_consensus,returned_means,True,False,2,dev,68887,624,90,121.97502452501479,False,29
pd_d192_k3_eval:returned:consensus,round_verification,pd_d192_k3_eval,all_rank_consensus,returned_means,True,False,3,test,143460,1172,0,461.0571524036827,False,29
pd_d192_k3_eval:returned:consensus,round_verification,pd_d192_k3_eval,all_rank_consensus,returned_means,True,False,4,dev,161350,1326,6,87.37559648775289,False,29
pd_d192_k3_eval:returned:consensus,round_verification,pd_d192_k3_eval,all_rank_consensus,returned_means,True,False,5,test,164138,1343,91,17.060775102382724,True,29
pd_d192_k3_eval:returned:consensus,round_verification,pd_d192_k3_eval,all_rank_consensus,returned_means,True,False,6,dev,283976,2392,36,15.328309121473763,True,29
pd_d192_k3_eval:returned:consensus,round_verification,pd_d192_k3_eval,all_rank_consensus,returned_means,True,False,7,test,326635,2812,54,19.909126478981687,True,29
pd_d192_k3_eval:returned:consensus,round_verification,pd_d192_k3_eval,all_rank_consensus,returned_means,True,False,8,dev,377817,3108,5,152.60500121741057,False,29
pd_d192_k3_eval:returned:consensus,round_verification,pd_d192_k3_eval,all_rank_consensus,returned_means,True,False,9,test,459527,3743,64,36.88325203310997,False,29
pd_d192_k3_eval:returned:consensus,round_verification,pd_d192_k3_eval,all_rank_consensus,returned_means,True,False,10,dev,471804,3833,11,35.808295752134555,False,29
pd_d192_k3_eval:returned:consensus,round_verification,pd_d192_k3_eval,all_rank_consensus,returned_means,True,False,11,test,496196,3986,69,88.97546130290078,False,29
pd_d192_k3_eval:returned:consensus,round_verification,pd_d192_k3_eval,all_rank_consensus,returned_means,True,False,12,dev,502306,4030,19,17.392941174333497,True,29
pd_d192_k3_eval:returned:consensus,round_verification,pd_d192_k3_eval,all_rank_consensus,returned_means,True,False,13,test,634492,5065,18,17.696510345437478,True,29
pd_d192_k3_eval:returned:consensus,round_verification,pd_d192_k3_eval,all_rank_consensus,returned_means,True,False,14,dev,658744,5204,46,57.41949901935365,False,29
pd_d192_k3_eval:returned:consensus,round_verification,pd_d192_k3_eval,all_rank_consensus,returned_means,True,False,15,test,668349,5273,45,12.750893671041526,True,29
pd_d192_k3_eval:returned:consensus,round_verification,pd_d192_k3_eval,all_rank_consensus,returned_means,True,False,16,dev,704961,5616,16,85.05589980523325,False,29
pd_d192_k3_eval:returned:consensus,round_verification,pd_d192_k3_eval,all_rank_consensus,returned_means,True,False,17,test,734121,5889,10,159.34226039589234,False,29
pd_d192_k3_eval:returned:consensus,round_verification,pd_d192_k3_eval,all_rank_consensus,returned_means,True,False,18,dev,746433,5977,36,177.91650331880743,False,29
pd_d192_k3_eval:returned:consensus,round_verification,pd_d192_k3_eval,all_rank_consensus,returned_means,True,False,19,test,750681,6017,4,93.56366871444514,False,29
pd_d192_k3_eval:returned:consensus,round_verification,pd_d192_k3_eval,all_rank_consensus,returned_means,True,False,20,dev,768392,6137,24,35.454457709993896,False,29
pd_d192_k3_eval:returned:consensus,round_verification,pd_d192_k3_eval,all_rank_consensus,returned_means,True,False,21,test,806921,6483,104,111.55996237841646,False,29
pd_d192_k3_eval:returned:consensus,round_verification,pd_d192_k3_eval,all_rank_consensus,returned_means,True,False,22,dev,818604,6556,34,17.70297324529608,True,29
pd_d192_k3_eval:returned:consensus,round_verification,pd_d192_k3_eval,all_rank_consensus,returned_means,True,False,23,test,850663,6863,40,64.00361733765405,False,29
pd_d192_k3_eval:returned:consensus,round_verification,pd_d192_k3_eval,all_rank_consensus,returned_means,True,False,24,dev,865402,6963,19,11.705132076715186,True,29
pd_d192_k3_eval:returned:consensus,round_verification,pd_d192_k3_eval,all_rank_consensus,returned_means,True,False,25,test,975584,7930,19,36.98466329164917,False,29
pd_d192_k3_eval:returned:consensus,round_verification,pd_d192_k3_eval,all_rank_consensus,returned_means,True,False,26,dev,989447,8042,43,202.42785020893865,False,29
pd_d192_k3_eval:returned:consensus,round_verification,pd_d192_k3_eval,all_rank_consensus,returned_means,True,False,27,test,1063727,8577,27,29.11669312173115,False,29
pd_d192_k3_eval:returned:consensus,round_verification,pd_d192_k3_eval,all_rank_consensus,returned_means,True,False,28,dev,1085924,8801,58,14.604232973658988,True,29
pd_d192_k3_eval:returned:consensus,round_verification,pd_d192_k3_eval,all_rank_consensus,returned_means,True,False,29,test,1094081,8850,32,13.613525778934626,True,29
pd_d192_k3_eval:returned:consensus,round_verification,pd_d192_k3_eval,all_rank_consensus,returned_means,True,False,30,dev,1110912,8958,17,27.79064366033146,False,29
pd_d192_k3_eval:returned:consensus,round_verification,pd_d192_k3_eval,all_rank_consensus,returned_means,True,False,31,test,1138763,9240,64,772.0331332234927,False,29
pd_d192_k3_eval:returned:consensus,round_verification,pd_d192_k3_eval,all_rank_consensus,returned_means,True,False,32,dev,1207664,9876,74,38.48936552495569,False,29
pd_d192_k3_eval:returned:consensus,round_verification,pd_d192_k3_eval,all_rank_consensus,returned_means,True,False,33,test,1320555,10683,97,453.1926640108128,False,29
pd_d192_k3_eval:returned:consensus,round_verification,pd_d192_k3_eval,all_rank_consensus,returned_means,True,False,34,dev,1338312,10833,60,13.138772891812765,True,29
pd_d192_k3_eval:returned:consensus,round_verification,pd_d192_k3_eval,all_rank_consensus,returned_means,True,False,35,test,1370443,11060,102,18.535138447755234,True,29
pd_d192_k3_eval:returned:consensus,round_verification,pd_d192_k3_eval,all_rank_consensus,returned_means,True,False,36,dev,1371767,11069,94,16.085563396942426,True,29
pd_d192_k3_eval:returned:consensus,round_verification,pd_d192_k3_eval,all_rank_consensus,returned_means,True,False,37,test,1497457,11995,44,18.161719997437498,True,29
pd_d192_k3_eval:returned:consensus,round_verification,pd_d192_k3_eval,all_rank_consensus,returned_means,True,False,38,dev,1582932,12595,49,3.1327966853591227,True,29
pd_d192_k3_eval:returned:consensus,round_verification,pd_d192_k3_eval,all_rank_consensus,returned_means,True,False,39,test,1592283,12683,2,12.319459486556289,True,29
pd_d192_k3_eval:returned:consensus,round_verification,pd_d192_k3_eval,all_rank_consensus,returned_means,True,False,40,dev,1751762,13940,70,15.992798243554473,True,29
pd_d192_k3_eval:returned:consensus,round_verification,pd_d192_k3_eval,all_rank_consensus,returned_means,True,False,41,test,1756693,13968,73,8.813020055958786,True,29
pd_d192_k3_eval:returned:consensus,round_verification,pd_d192_k3_eval,all_rank_consensus,returned_means,True,False,42,dev,1789810,14200,119,47.08149844862208,False,29
pd_d192_k3_eval:returned:consensus,round_verification,pd_d192_k3_eval,all_rank_consensus,returned_means,True,False,43,test,1791388,14209,50,14.831138740339993,True,29
pd_d192_k3_eval:returned:consensus,round_verification,pd_d192_k3_eval,all_rank_consensus,returned_means,True,False,44,dev,1817969,14447,33,12.612460713418969,True,29
pd_d192_k3_eval:returned:consensus,round_verification,pd_d192_k3_eval,all_rank_consensus,returned_means,True,False,45,test,1836411,14547,67,531.3262213378814,False,29
pd_d192_k3_eval:returned:consensus,round_verification,pd_d192_k3_eval,all_rank_consensus,returned_means,True,False,46,dev,1856976,14700,96,309.61122405891086,False,29
pd_d192_k3_eval:returned:consensus,round_verification,pd_d192_k3_eval,all_rank_consensus,returned_means,True,False,47,test,1872550,14853,0,20.879767677516544,True,29
pd_d192_k3_eval:returned:consensus,round_verification,pd_d192_k3_eval,all_rank_consensus,returned_means,True,False,48,dev,1917206,15248,82,18.105388064811915,True,29
pd_d192_k3_eval:returned:consensus,round_verification,pd_d192_k3_eval,all_rank_consensus,returned_means,True,False,49,test,1958883,15683,106,235.9223149677199,False,29
pd_d192_k3_eval:returned:consensus,round_verification,pd_d192_k3_eval,all_rank_consensus,returned_means,True,False,50,dev,1996212,15966,38,20.266221148948055,True,29
pd_d192_k3_eval:returned:consensus,round_verification,pd_d192_k3_eval,all_rank_consensus,returned_means,True,False,51,test,2027653,16134,150,12.963237174996854,True,29
pd_d192_k3_eval:returned:consensus,round_verification,pd_d192_k3_eval,all_rank_consensus,returned_means,True,False,52,dev,2056217,16265,51,84.30451445403551,False,29
pd_d192_k3_eval:returned:consensus,round_verification,pd_d192_k3_eval,all_rank_consensus,returned_means,True,False,53,test,2131015,16989,23,12.331134743308754,True,29
pd_d192_k3_eval:returned:consensus,round_verification,pd_d192_k3_eval,all_rank_consensus,returned_means,True,False,54,dev,2162795,17252,52,18.454438633687957,True,29
pd_d192_k3_eval:returned:consensus,round_verification,pd_d192_k3_eval,all_rank_consensus,returned_means,True,False,55,test,2227454,17719,45,18.862374466672556,True,29
pd_d192_k3_eval:returned:consensus,round_verification,pd_d192_k3_eval,all_rank_consensus,returned_means,True,False,56,dev,2237502,17787,47,19.182756084764737,True,29
pd_d192_k3_eval:returned:consensus,round_verification,pd_d192_k3_eval,all_rank_consensus,returned_means,True,False,57,test,2278535,18089,35,154.67720625478697,False,29
pd_d192_k3_eval:returned:consensus,round_verification,pd_d192_k3_eval,all_rank_consensus,returned_means,True,False,58,dev,2315577,18491,19,19.84431385045581,True,29
pd_d192_k3_eval:returned:consensus,round_verification,pd_d192_k3_eval,all_rank_consensus,returned_means,True,False,59,test,2329977,18625,21,325.8203466720749,False,29
pd_d192_k3_eval:returned:nonself_consensus,round_verification,pd_d192_k3_eval,nonself_rank_consensus,returned_means,True,False,0,dev,30633,278,9,14.565883311376645,True,29
pd_d192_k3_eval:returned:nonself_consensus,round_verification,pd_d192_k3_eval,nonself_rank_consensus,returned_means,True,False,1,test,43081,380,39,22.47224416874468,False,29
pd_d192_k3_eval:returned:nonself_consensus,round_verification,pd_d192_k3_eval,nonself_rank_consensus,returned_means,True,False,2,dev,68887,624,90,121.97502452501479,False,29
pd_d192_k3_eval:returned:nonself_consensus,round_verification,pd_d192_k3_eval,nonself_rank_consensus,returned_means,True,False,3,test,143460,1172,0,461.0571524036827,False,29
pd_d192_k3_eval:returned:nonself_consensus,round_verification,pd_d192_k3_eval,nonself_rank_consensus,returned_means,True,False,4,dev,161350,1326,6,87.37559648775289,False,29
pd_d192_k3_eval:returned:nonself_consensus,round_verification,pd_d192_k3_eval,nonself_rank_consensus,returned_means,True,False,5,test,164138,1343,91,17.060775102382724,True,29
pd_d192_k3_eval:returned:nonself_consensus,round_verification,pd_d192_k3_eval,nonself_rank_consensus,returned_means,True,False,6,dev,283976,2392,36,15.328309121473763,True,29
pd_d192_k3_eval:returned:nonself_consensus,round_verification,pd_d192_k3_eval,nonself_rank_consensus,returned_means,True,False,7,test,326635,2812,54,19.909126478981687,True,29
pd_d192_k3_eval:returned:nonself_consensus,round_verification,pd_d192_k3_eval,nonself_rank_consensus,returned_means,True,False,8,dev,377817,3108,5,152.60500121741057,False,29
pd_d192_k3_eval:returned:nonself_consensus,round_verification,pd_d192_k3_eval,nonself_rank_consensus,returned_means,True,False,9,test,459527,3743,64,36.88325203310997,False,29
pd_d192_k3_eval:returned:nonself_consensus,round_verification,pd_d192_k3_eval,nonself_rank_consensus,returned_means,True,False,10,dev,471804,3833,11,35.808295752134555,False,29
pd_d192_k3_eval:returned:nonself_consensus,round_verification,pd_d192_k3_eval,nonself_rank_consensus,returned_means,True,False,11,test,496196,3986,69,88.97546130290078,False,29
pd_d192_k3_eval:returned:nonself_consensus,round_verification,pd_d192_k3_eval,nonself_rank_consensus,returned_means,True,False,12,dev,502306,4030,19,17.392941174333497,True,29
pd_d192_k3_eval:returned:nonself_consensus,round_verification,pd_d192_k3_eval,nonself_rank_consensus,returned_means,True,False,13,test,634492,5065,18,17.696510345437478,True,29
pd_d192_k3_eval:returned:nonself_consensus,round_verification,pd_d192_k3_eval,nonself_rank_consensus,returned_means,True,False,14,dev,658744,5204,46,57.41949901935365,False,29
pd_d192_k3_eval:returned:nonself_consensus,round_verification,pd_d192_k3_eval,nonself_rank_consensus,returned_means,True,False,15,test,668349,5273,45,12.750893671041526,True,29
pd_d192_k3_eval:returned:nonself_consensus,round_verification,pd_d192_k3_eval,nonself_rank_consensus,returned_means,True,False,16,dev,704961,5616,16,85.05589980523325,False,29
pd_d192_k3_eval:returned:nonself_consensus,round_verification,pd_d192_k3_eval,nonself_rank_consensus,returned_means,True,False,17,test,734121,5889,10,159.34226039589234,False,29
pd_d192_k3_eval:returned:nonself_consensus,round_verification,pd_d192_k3_eval,nonself_rank_consensus,returned_means,True,False,18,dev,746433,5977,36,177.91650331880743,False,29
pd_d192_k3_eval:returned:nonself_consensus,round_verification,pd_d192_k3_eval,nonself_rank_consensus,returned_means,True,False,19,test,750681,6017,4,93.56366871444514,False,29
pd_d192_k3_eval:returned:nonself_consensus,round_verification,pd_d192_k3_eval,nonself_rank_consensus,returned_means,True,False,20,dev,768392,6137,24,35.454457709993896,False,29
pd_d192_k3_eval:returned:nonself_consensus,round_verification,pd_d192_k3_eval,nonself_rank_consensus,returned_means,True,False,21,test,806921,6483,104,111.55996237841646,False,29
pd_d192_k3_eval:returned:nonself_consensus,round_verification,pd_d192_k3_eval,nonself_rank_consensus,returned_means,True,False,22,dev,818604,6556,34,17.70297324529608,True,29
pd_d192_k3_eval:returned:nonself_consensus,round_verification,pd_d192_k3_eval,nonself_rank_consensus,returned_means,True,False,23,test,850663,6863,40,64.00361733765405,False,29
pd_d192_k3_eval:returned:nonself_consensus,round_verification,pd_d192_k3_eval,nonself_rank_consensus,returned_means,True,False,24,dev,865402,6963,19,11.705132076715186,True,29
pd_d192_k3_eval:returned:nonself_consensus,round_verification,pd_d192_k3_eval,nonself_rank_consensus,returned_means,True,False,25,test,975584,7930,19,36.98466329164917,False,29
pd_d192_k3_eval:returned:nonself_consensus,round_verification,pd_d192_k3_eval,nonself_rank_consensus,returned_means,True,False,26,dev,989447,8042,43,202.42785020893865,False,29
pd_d192_k3_eval:returned:nonself_consensus,round_verification,pd_d192_k3_eval,nonself_rank_consensus,returned_means,True,False,27,test,1063727,8577,27,29.11669312173115,False,29
pd_d192_k3_eval:returned:nonself_consensus,round_verification,pd_d192_k3_eval,nonself_rank_consensus,returned_means,True,False,28,dev,1085924,8801,58,14.604232973658988,True,29
pd_d192_k3_eval:returned:nonself_consensus,round_verification,pd_d192_k3_eval,nonself_rank_consensus,returned_means,True,False,29,test,1094081,8850,32,13.613525778934626,True,29
pd_d192_k3_eval:returned:nonself_consensus,round_verification,pd_d192_k3_eval,nonself_rank_consensus,returned_means,True,False,30,dev,1110912,8958,17,27.79064366033146,False,29
pd_d192_k3_eval:returned:nonself_consensus,round_verification,pd_d192_k3_eval,nonself_rank_consensus,returned_means,True,False,31,test,1138763,9240,64,772.0331332234927,False,29
pd_d192_k3_eval:returned:nonself_consensus,round_verification,pd_d192_k3_eval,nonself_rank_consensus,returned_means,True,False,32,dev,1207664,9876,74,38.48936552495569,False,29
pd_d192_k3_eval:returned:nonself_consensus,round_verification,pd_d192_k3_eval,nonself_rank_consensus,returned_means,True,False,33,test,1320555,10683,97,453.1926640108128,False,29
pd_d192_k3_eval:returned:nonself_consensus,round_verification,pd_d192_k3_eval,nonself_rank_consensus,returned_means,True,False,34,dev,1338312,10833,60,13.138772891812765,True,29
pd_d192_k3_eval:returned:nonself_consensus,round_verification,pd_d192_k3_eval,nonself_rank_consensus,returned_means,True,False,35,test,1370443,11060,102,18.535138447755234,True,29
pd_d192_k3_eval:returned:nonself_consensus,round_verification,pd_d192_k3_eval,nonself_rank_consensus,returned_means,True,False,36,dev,1371767,11069,94,16.085563396942426,True,29
pd_d192_k3_eval:returned:nonself_consensus,round_verification,pd_d192_k3_eval,nonself_rank_consensus,returned_means,True,False,37,test,1497457,11995,44,18.161719997437498,True,29
pd_d192_k3_eval:returned:nonself_consensus,round_verification,pd_d192_k3_eval,nonself_rank_consensus,returned_means,True,False,38,dev,1582932,12595,49,3.1327966853591227,True,29
pd_d192_k3_eval:returned:nonself_consensus,round_verification,pd_d192_k3_eval,nonself_rank_consensus,returned_means,True,False,39,test,1592283,12683,2,12.319459486556289,True,29
pd_d192_k3_eval:returned:nonself_consensus,round_verification,pd_d192_k3_eval,nonself_rank_consensus,returned_means,True,False,40,dev,1751762,13940,70,15.992798243554473,True,29
pd_d192_k3_eval:returned:nonself_consensus,round_verification,pd_d192_k3_eval,nonself_rank_consensus,returned_means,True,False,41,test,1756693,13968,73,8.813020055958786,True,29
pd_d192_k3_eval:returned:nonself_consensus,round_verification,pd_d192_k3_eval,nonself_rank_consensus,returned_means,True,False,42,dev,1789810,14200,119,47.08149844862208,False,29
pd_d192_k3_eval:returned:nonself_consensus,round_verification,pd_d192_k3_eval,nonself_rank_consensus,returned_means,True,False,43,test,1791388,14209,50,14.831138740339993,True,29
pd_d192_k3_eval:returned:nonself_consensus,round_verification,pd_d192_k3_eval,nonself_rank_consensus,returned_means,True,False,44,dev,1817969,14447,33,12.612460713418969,True,29
pd_d192_k3_eval:returned:nonself_consensus,round_verification,pd_d192_k3_eval,nonself_rank_consensus,returned_means,True,False,45,test,1836411,14547,67,531.3262213378814,False,29
pd_d192_k3_eval:returned:nonself_consensus,round_verification,pd_d192_k3_eval,nonself_rank_consensus,returned_means,True,False,46,dev,1856976,14700,96,309.61122405891086,False,29
pd_d192_k3_eval:returned:nonself_consensus,round_verification,pd_d192_k3_eval,nonself_rank_consensus,returned_means,True,False,47,test,1872550,14853,0,20.879767677516544,True,29
pd_d192_k3_eval:returned:nonself_consensus,round_verification,pd_d192_k3_eval,nonself_rank_consensus,returned_means,True,False,48,dev,1917206,15248,82,18.105388064811915,True,29
pd_d192_k3_eval:returned:nonself_consensus,round_verification,pd_d192_k3_eval,nonself_rank_consensus,returned_means,True,False,49,test,1958883,15683,106,235.9223149677199,False,29
pd_d192_k3_eval:returned:nonself_consensus,round_verification,pd_d192_k3_eval,nonself_rank_consensus,returned_means,True,False,50,dev,1996212,15966,38,20.266221148948055,True,29
pd_d192_k3_eval:returned:nonself_consensus,round_verification,pd_d192_k3_eval,nonself_rank_consensus,returned_means,True,False,51,test,2027653,16134,150,12.963237174996854,True,29
pd_d192_k3_eval:returned:nonself_consensus,round_verification,pd_d192_k3_eval,nonself_rank_consensus,returned_means,True,False,52,dev,2056217,16265,51,84.30451445403551,False,29
pd_d192_k3_eval:returned:nonself_consensus,round_verification,pd_d192_k3_eval,nonself_rank_consensus,returned_means,True,False,53,test,2131015,16989,23,12.331134743308754,True,29
pd_d192_k3_eval:returned:nonself_consensus,round_verification,pd_d192_k3_eval,nonself_rank_consensus,returned_means,True,False,54,dev,2162795,17252,52,18.454438633687957,True,29
pd_d192_k3_eval:returned:nonself_consensus,round_verification,pd_d192_k3_eval,nonself_rank_consensus,returned_means,True,False,55,test,2227454,17719,45,18.862374466672556,True,29
pd_d192_k3_eval:returned:nonself_consensus,round_verification,pd_d192_k3_eval,nonself_rank_consensus,returned_means,True,False,56,dev,2237502,17787,47,19.182756084764737,True,29
pd_d192_k3_eval:returned:nonself_consensus,round_verification,pd_d192_k3_eval,nonself_rank_consensus,returned_means,True,False,57,test,2278535,18089,35,154.67720625478697,False,29
pd_d192_k3_eval:returned:nonself_consensus,round_verification,pd_d192_k3_eval,nonself_rank_consensus,returned_means,True,False,58,dev,2315577,18491,19,19.84431385045581,True,29
pd_d192_k3_eval:returned:nonself_consensus,round_verification,pd_d192_k3_eval,nonself_rank_consensus,returned_means,True,False,59,test,2329977,18625,21,325.8203466720749,False,29
pd_d192_k3_eval:returned:oracle_round,oracle_ceiling,pd_d192_k3_eval,true_simulator_cost,returned_means,False,False,0,dev,30633,278,9,14.565883311376645,True,29
pd_d192_k3_eval:returned:oracle_round,oracle_ceiling,pd_d192_k3_eval,true_simulator_cost,returned_means,False,False,1,test,43081,380,39,18.60598540556073,True,19
pd_d192_k3_eval:returned:oracle_round,oracle_ceiling,pd_d192_k3_eval,true_simulator_cost,returned_means,False,False,2,dev,68887,624,90,121.97502452501479,False,29
pd_d192_k3_eval:returned:oracle_round,oracle_ceiling,pd_d192_k3_eval,true_simulator_cost,returned_means,False,False,3,test,143460,1172,0,412.4461872788333,False,4
pd_d192_k3_eval:returned:oracle_round,oracle_ceiling,pd_d192_k3_eval,true_simulator_cost,returned_means,False,False,4,dev,161350,1326,6,87.1102947566422,False,19
pd_d192_k3_eval:returned:oracle_round,oracle_ceiling,pd_d192_k3_eval,true_simulator_cost,returned_means,False,False,5,test,164138,1343,91,17.060775102382724,True,29
pd_d192_k3_eval:returned:oracle_round,oracle_ceiling,pd_d192_k3_eval,true_simulator_cost,returned_means,False,False,6,dev,283976,2392,36,15.110150832830168,True,19
pd_d192_k3_eval:returned:oracle_round,oracle_ceiling,pd_d192_k3_eval,true_simulator_cost,returned_means,False,False,7,test,326635,2812,54,19.26545033855619,True,19
pd_d192_k3_eval:returned:oracle_round,oracle_ceiling,pd_d192_k3_eval,true_simulator_cost,returned_means,False,False,8,dev,377817,3108,5,152.60500121741057,False,29
pd_d192_k3_eval:returned:oracle_round,oracle_ceiling,pd_d192_k3_eval,true_simulator_cost,returned_means,False,False,9,test,459527,3743,64,36.88325203310997,False,29
pd_d192_k3_eval:returned:oracle_round,oracle_ceiling,pd_d192_k3_eval,true_simulator_cost,returned_means,False,False,10,dev,471804,3833,11,33.37119027869222,False,19
pd_d192_k3_eval:returned:oracle_round,oracle_ceiling,pd_d192_k3_eval,true_simulator_cost,returned_means,False,False,11,test,496196,3986,69,59.62058188581418,False,4
pd_d192_k3_eval:returned:oracle_round,oracle_ceiling,pd_d192_k3_eval,true_simulator_cost,returned_means,False,False,12,dev,502306,4030,19,15.960416002802916,True,9
pd_d192_k3_eval:returned:oracle_round,oracle_ceiling,pd_d192_k3_eval,true_simulator_cost,returned_means,False,False,13,test,634492,5065,18,12.41484278772626,True,4
pd_d192_k3_eval:returned:oracle_round,oracle_ceiling,pd_d192_k3_eval,true_simulator_cost,returned_means,False,False,14,dev,658744,5204,46,30.877707757212775,False,9
pd_d192_k3_eval:returned:oracle_round,oracle_ceiling,pd_d192_k3_eval,true_simulator_cost,returned_means,False,False,15,test,668349,5273,45,12.750893671041526,True,29
pd_d192_k3_eval:returned:oracle_round,oracle_ceiling,pd_d192_k3_eval,true_simulator_cost,returned_means,False,False,16,dev,704961,5616,16,55.35918402866156,False,4
pd_d192_k3_eval:returned:oracle_round,oracle_ceiling,pd_d192_k3_eval,true_simulator_cost,returned_means,False,False,17,test,734121,5889,10,148.11081079068958,False,9
pd_d192_k3_eval:returned:oracle_round,oracle_ceiling,pd_d192_k3_eval,true_simulator_cost,returned_means,False,False,18,dev,746433,5977,36,168.9745150769305,False,19
pd_d192_k3_eval:returned:oracle_round,oracle_ceiling,pd_d192_k3_eval,true_simulator_cost,returned_means,False,False,19,test,750681,6017,4,68.88787205732274,False,9
pd_d192_k3_eval:returned:oracle_round,oracle_ceiling,pd_d192_k3_eval,true_simulator_cost,returned_means,False,False,20,dev,768392,6137,24,20.762094153412757,True,4
pd_d192_k3_eval:returned:oracle_round,oracle_ceiling,pd_d192_k3_eval,true_simulator_cost,returned_means,False,False,21,test,806921,6483,104,107.8558350466926,False,4
pd_d192_k3_eval:returned:oracle_round,oracle_ceiling,pd_d192_k3_eval,true_simulator_cost,returned_means,False,False,22,dev,818604,6556,34,17.70297324529608,True,29
pd_d192_k3_eval:returned:oracle_round,oracle_ceiling,pd_d192_k3_eval,true_simulator_cost,returned_means,False,False,23,test,850663,6863,40,59.23100496910951,False,9
pd_d192_k3_eval:returned:oracle_round,oracle_ceiling,pd_d192_k3_eval,true_simulator_cost,returned_means,False,False,24,dev,865402,6963,19,11.705132076715186,True,29
pd_d192_k3_eval:returned:oracle_round,oracle_ceiling,pd_d192_k3_eval,true_simulator_cost,returned_means,False,False,25,test,975584,7930,19,36.98466329164917,False,29
pd_d192_k3_eval:returned:oracle_round,oracle_ceiling,pd_d192_k3_eval,true_simulator_cost,returned_means,False,False,26,dev,989447,8042,43,179.7807788792763,False,4
pd_d192_k3_eval:returned:oracle_round,oracle_ceiling,pd_d192_k3_eval,true_simulator_cost,returned_means,False,False,27,test,1063727,8577,27,26.028757587047977,False,9
pd_d192_k3_eval:returned:oracle_round,oracle_ceiling,pd_d192_k3_eval,true_simulator_cost,returned_means,False,False,28,dev,1085924,8801,58,14.604232973658988,True,29
pd_d192_k3_eval:returned:oracle_round,oracle_ceiling,pd_d192_k3_eval,true_simulator_cost,returned_means,False,False,29,test,1094081,8850,32,10.96030204662622,True,19
pd_d192_k3_eval:returned:oracle_round,oracle_ceiling,pd_d192_k3_eval,true_simulator_cost,returned_means,False,False,30,dev,1110912,8958,17,27.79064366033146,False,29
pd_d192_k3_eval:returned:oracle_round,oracle_ceiling,pd_d192_k3_eval,true_simulator_cost,returned_means,False,False,31,test,1138763,9240,64,447.53450621565526,False,4
pd_d192_k3_eval:returned:oracle_round,oracle_ceiling,pd_d192_k3_eval,true_simulator_cost,returned_means,False,False,32,dev,1207664,9876,74,38.48936552495569,False,29
pd_d192_k3_eval:returned:oracle_round,oracle_ceiling,pd_d192_k3_eval,true_simulator_cost,returned_means,False,False,33,test,1320555,10683,97,274.92182489980934,False,4
pd_d192_k3_eval:returned:oracle_round,oracle_ceiling,pd_d192_k3_eval,true_simulator_cost,returned_means,False,False,34,dev,1338312,10833,60,12.561643257903874,True,19
pd_d192_k3_eval:returned:oracle_round,oracle_ceiling,pd_d192_k3_eval,true_simulator_cost,returned_means,False,False,35,test,1370443,11060,102,10.996062098149935,True,9
pd_d192_k3_eval:returned:oracle_round,oracle_ceiling,pd_d192_k3_eval,true_simulator_cost,returned_means,False,False,36,dev,1371767,11069,94,16.085563396942426,True,29
pd_d192_k3_eval:returned:oracle_round,oracle_ceiling,pd_d192_k3_eval,true_simulator_cost,returned_means,False,False,37,test,1497457,11995,44,18.161719997437498,True,29
pd_d192_k3_eval:returned:oracle_round,oracle_ceiling,pd_d192_k3_eval,true_simulator_cost,returned_means,False,False,38,dev,1582932,12595,49,3.1327966853591227,True,29
pd_d192_k3_eval:returned:oracle_round,oracle_ceiling,pd_d192_k3_eval,true_simulator_cost,returned_means,False,False,39,test,1592283,12683,2,11.736176520138336,True,19
pd_d192_k3_eval:returned:oracle_round,oracle_ceiling,pd_d192_k3_eval,true_simulator_cost,returned_means,False,False,40,dev,1751762,13940,70,15.168985507011795,True,19
pd_d192_k3_eval:returned:oracle_round,oracle_ceiling,pd_d192_k3_eval,true_simulator_cost,returned_means,False,False,41,test,1756693,13968,73,8.813020055958786,True,29
pd_d192_k3_eval:returned:oracle_round,oracle_ceiling,pd_d192_k3_eval,true_simulator_cost,returned_means,False,False,42,dev,1789810,14200,119,23.524449143608624,False,4
pd_d192_k3_eval:returned:oracle_round,oracle_ceiling,pd_d192_k3_eval,true_simulator_cost,returned_means,False,False,43,test,1791388,14209,50,10.886594613564549,True,9
pd_d192_k3_eval:returned:oracle_round,oracle_ceiling,pd_d192_k3_eval,true_simulator_cost,returned_means,False,False,44,dev,1817969,14447,33,9.715739592245233,True,19
pd_d192_k3_eval:returned:oracle_round,oracle_ceiling,pd_d192_k3_eval,true_simulator_cost,returned_means,False,False,45,test,1836411,14547,67,323.0713624439529,False,4
pd_d192_k3_eval:returned:oracle_round,oracle_ceiling,pd_d192_k3_eval,true_simulator_cost,returned_means,False,False,46,dev,1856976,14700,96,159.00302264892838,False,4
pd_d192_k3_eval:returned:oracle_round,oracle_ceiling,pd_d192_k3_eval,true_simulator_cost,returned_means,False,False,47,test,1872550,14853,0,20.879767677516544,True,29
pd_d192_k3_eval:returned:oracle_round,oracle_ceiling,pd_d192_k3_eval,true_simulator_cost,returned_means,False,False,48,dev,1917206,15248,82,17.430145369873543,True,4
pd_d192_k3_eval:returned:oracle_round,oracle_ceiling,pd_d192_k3_eval,true_simulator_cost,returned_means,False,False,49,test,1958883,15683,106,129.81252620380212,False,4
pd_d192_k3_eval:returned:oracle_round,oracle_ceiling,pd_d192_k3_eval,true_simulator_cost,returned_means,False,False,50,dev,1996212,15966,38,8.77699872479299,True,19
pd_d192_k3_eval:returned:oracle_round,oracle_ceiling,pd_d192_k3_eval,true_simulator_cost,returned_means,False,False,51,test,2027653,16134,150,12.963237174996854,True,29
pd_d192_k3_eval:returned:oracle_round,oracle_ceiling,pd_d192_k3_eval,true_simulator_cost,returned_means,False,False,52,dev,2056217,16265,51,75.51099481011248,False,9
pd_d192_k3_eval:returned:oracle_round,oracle_ceiling,pd_d192_k3_eval,true_simulator_cost,returned_means,False,False,53,test,2131015,16989,23,12.331134743308754,True,29
pd_d192_k3_eval:returned:oracle_round,oracle_ceiling,pd_d192_k3_eval,true_simulator_cost,returned_means,False,False,54,dev,2162795,17252,52,16.670000830463454,True,19
pd_d192_k3_eval:returned:oracle_round,oracle_ceiling,pd_d192_k3_eval,true_simulator_cost,returned_means,False,False,55,test,2227454,17719,45,15.49410640181715,True,9
pd_d192_k3_eval:returned:oracle_round,oracle_ceiling,pd_d192_k3_eval,true_simulator_cost,returned_means,False,False,56,dev,2237502,17787,47,19.182756084764737,True,29
pd_d192_k3_eval:returned:oracle_round,oracle_ceiling,pd_d192_k3_eval,true_simulator_cost,returned_means,False,False,57,test,2278535,18089,35,130.65765999870538,False,4
pd_d192_k3_eval:returned:oracle_round,oracle_ceiling,pd_d192_k3_eval,true_simulator_cost,returned_means,False,False,58,dev,2315577,18491,19,17.96730240895434,True,4
pd_d192_k3_eval:returned:oracle_round,oracle_ceiling,pd_d192_k3_eval,true_simulator_cost,returned_means,False,False,59,test,2329977,18625,21,270.8647258675698,False,4
pd_d192_k3_eval:population_all:score_by_pd_d192_k3_eval,population_verification,pd_d192_k3_eval,pd_d192_k3_eval,all_recorded_populations,True,False,0,dev,30633,278,9,17.125175656067185,True,29
pd_d192_k3_eval:population_all:score_by_pd_d192_k3_eval,population_verification,pd_d192_k3_eval,pd_d192_k3_eval,all_recorded_populations,True,False,1,test,43081,380,39,21.784307333787993,False,29
pd_d192_k3_eval:population_all:score_by_pd_d192_k3_eval,population_verification,pd_d192_k3_eval,pd_d192_k3_eval,all_recorded_populations,True,False,2,dev,68887,624,90,115.60639456633004,False,29
pd_d192_k3_eval:population_all:score_by_pd_d192_k3_eval,population_verification,pd_d192_k3_eval,pd_d192_k3_eval,all_recorded_populations,True,False,3,test,143460,1172,0,458.4671017370954,False,29
pd_d192_k3_eval:population_all:score_by_pd_d192_k3_eval,population_verification,pd_d192_k3_eval,pd_d192_k3_eval,all_recorded_populations,True,False,4,dev,161350,1326,6,86.65381675379656,False,29
pd_d192_k3_eval:population_all:score_by_pd_d192_k3_eval,population_verification,pd_d192_k3_eval,pd_d192_k3_eval,all_recorded_populations,True,False,5,test,164138,1343,91,17.81023271741795,True,29
pd_d192_k3_eval:population_all:score_by_pd_d192_k3_eval,population_verification,pd_d192_k3_eval,pd_d192_k3_eval,all_recorded_populations,True,False,6,dev,283976,2392,36,16.05259873945064,True,29
pd_d192_k3_eval:population_all:score_by_pd_d192_k3_eval,population_verification,pd_d192_k3_eval,pd_d192_k3_eval,all_recorded_populations,True,False,7,test,326635,2812,54,18.66822672555273,True,29
pd_d192_k3_eval:population_all:score_by_pd_d192_k3_eval,population_verification,pd_d192_k3_eval,pd_d192_k3_eval,all_recorded_populations,True,False,8,dev,377817,3108,5,151.11059141659803,False,29
pd_d192_k3_eval:population_all:score_by_pd_d192_k3_eval,population_verification,pd_d192_k3_eval,pd_d192_k3_eval,all_recorded_populations,True,False,9,test,459527,3743,64,40.185536461624594,False,29
pd_d192_k3_eval:population_all:score_by_pd_d192_k3_eval,population_verification,pd_d192_k3_eval,pd_d192_k3_eval,all_recorded_populations,True,False,10,dev,471804,3833,11,35.804808776015875,False,29
pd_d192_k3_eval:population_all:score_by_pd_d192_k3_eval,population_verification,pd_d192_k3_eval,pd_d192_k3_eval,all_recorded_populations,True,False,11,test,496196,3986,69,90.19041305510031,False,29
pd_d192_k3_eval:population_all:score_by_pd_d192_k3_eval,population_verification,pd_d192_k3_eval,pd_d192_k3_eval,all_recorded_populations,True,False,12,dev,502306,4030,19,17.627307719782777,True,29
pd_d192_k3_eval:population_all:score_by_pd_d192_k3_eval,population_verification,pd_d192_k3_eval,pd_d192_k3_eval,all_recorded_populations,True,False,13,test,634492,5065,18,18.069828413691205,True,29
pd_d192_k3_eval:population_all:score_by_pd_d192_k3_eval,population_verification,pd_d192_k3_eval,pd_d192_k3_eval,all_recorded_populations,True,False,14,dev,658744,5204,46,57.552948835104324,False,29
pd_d192_k3_eval:population_all:score_by_pd_d192_k3_eval,population_verification,pd_d192_k3_eval,pd_d192_k3_eval,all_recorded_populations,True,False,15,test,668349,5273,45,12.425150740217362,True,29
pd_d192_k3_eval:population_all:score_by_pd_d192_k3_eval,population_verification,pd_d192_k3_eval,pd_d192_k3_eval,all_recorded_populations,True,False,16,dev,704961,5616,16,83.53345553258563,False,29
pd_d192_k3_eval:population_all:score_by_pd_d192_k3_eval,population_verification,pd_d192_k3_eval,pd_d192_k3_eval,all_recorded_populations,True,False,17,test,734121,5889,10,160.21739058439263,False,29
pd_d192_k3_eval:population_all:score_by_pd_d192_k3_eval,population_verification,pd_d192_k3_eval,pd_d192_k3_eval,all_recorded_populations,True,False,18,dev,746433,5977,36,179.39958632354097,False,29
pd_d192_k3_eval:population_all:score_by_pd_d192_k3_eval,population_verification,pd_d192_k3_eval,pd_d192_k3_eval,all_recorded_populations,True,False,19,test,750681,6017,4,91.00917723258299,False,29
pd_d192_k3_eval:population_all:score_by_pd_d192_k3_eval,population_verification,pd_d192_k3_eval,pd_d192_k3_eval,all_recorded_populations,True,False,20,dev,768392,6137,24,40.08608728637143,False,29
pd_d192_k3_eval:population_all:score_by_pd_d192_k3_eval,population_verification,pd_d192_k3_eval,pd_d192_k3_eval,all_recorded_populations,True,False,21,test,806921,6483,104,111.69495318873406,False,29
pd_d192_k3_eval:population_all:score_by_pd_d192_k3_eval,population_verification,pd_d192_k3_eval,pd_d192_k3_eval,all_recorded_populations,True,False,22,dev,818604,6556,34,13.63378439918308,True,29
pd_d192_k3_eval:population_all:score_by_pd_d192_k3_eval,population_verification,pd_d192_k3_eval,pd_d192_k3_eval,all_recorded_populations,True,False,23,test,850663,6863,40,63.0483535619649,False,29
pd_d192_k3_eval:population_all:score_by_pd_d192_k3_eval,population_verification,pd_d192_k3_eval,pd_d192_k3_eval,all_recorded_populations,True,False,24,dev,865402,6963,19,12.494266883668857,True,29
pd_d192_k3_eval:population_all:score_by_pd_d192_k3_eval,population_verification,pd_d192_k3_eval,pd_d192_k3_eval,all_recorded_populations,True,False,25,test,975584,7930,19,36.93879079284209,False,29
pd_d192_k3_eval:population_all:score_by_pd_d192_k3_eval,population_verification,pd_d192_k3_eval,pd_d192_k3_eval,all_recorded_populations,True,False,26,dev,989447,8042,43,85.439859729801,False,4
pd_d192_k3_eval:population_all:score_by_pd_d192_k3_eval,population_verification,pd_d192_k3_eval,pd_d192_k3_eval,all_recorded_populations,True,False,27,test,1063727,8577,27,29.293072492891987,False,29
pd_d192_k3_eval:population_all:score_by_pd_d192_k3_eval,population_verification,pd_d192_k3_eval,pd_d192_k3_eval,all_recorded_populations,True,False,28,dev,1085924,8801,58,14.41435913564607,True,29
pd_d192_k3_eval:population_all:score_by_pd_d192_k3_eval,population_verification,pd_d192_k3_eval,pd_d192_k3_eval,all_recorded_populations,True,False,29,test,1094081,8850,32,13.429345135552952,True,29
pd_d192_k3_eval:population_all:score_by_pd_d192_k3_eval,population_verification,pd_d192_k3_eval,pd_d192_k3_eval,all_recorded_populations,True,False,30,dev,1110912,8958,17,27.300139670633403,False,29
pd_d192_k3_eval:population_all:score_by_pd_d192_k3_eval,population_verification,pd_d192_k3_eval,pd_d192_k3_eval,all_recorded_populations,True,False,31,test,1138763,9240,64,783.9658504889085,False,29
pd_d192_k3_eval:population_all:score_by_pd_d192_k3_eval,population_verification,pd_d192_k3_eval,pd_d192_k3_eval,all_recorded_populations,True,False,32,dev,1207664,9876,74,38.62341225102952,False,29
pd_d192_k3_eval:population_all:score_by_pd_d192_k3_eval,population_verification,pd_d192_k3_eval,pd_d192_k3_eval,all_recorded_populations,True,False,33,test,1320555,10683,97,451.2370145817299,False,29
pd_d192_k3_eval:population_all:score_by_pd_d192_k3_eval,population_verification,pd_d192_k3_eval,pd_d192_k3_eval,all_recorded_populations,True,False,34,dev,1338312,10833,60,12.974747316798457,True,29
pd_d192_k3_eval:population_all:score_by_pd_d192_k3_eval,population_verification,pd_d192_k3_eval,pd_d192_k3_eval,all_recorded_populations,True,False,35,test,1370443,11060,102,19.215711557706225,True,29
pd_d192_k3_eval:population_all:score_by_pd_d192_k3_eval,population_verification,pd_d192_k3_eval,pd_d192_k3_eval,all_recorded_populations,True,False,36,dev,1371767,11069,94,16.629456619184932,True,29
pd_d192_k3_eval:population_all:score_by_pd_d192_k3_eval,population_verification,pd_d192_k3_eval,pd_d192_k3_eval,all_recorded_populations,True,False,37,test,1497457,11995,44,20.124435173023247,True,29
pd_d192_k3_eval:population_all:score_by_pd_d192_k3_eval,population_verification,pd_d192_k3_eval,pd_d192_k3_eval,all_recorded_populations,True,False,38,dev,1582932,12595,49,4.424139186051941,True,29
pd_d192_k3_eval:population_all:score_by_pd_d192_k3_eval,population_verification,pd_d192_k3_eval,pd_d192_k3_eval,all_recorded_populations,True,False,39,test,1592283,12683,2,13.399126376294825,True,29
pd_d192_k3_eval:population_all:score_by_pd_d192_k3_eval,population_verification,pd_d192_k3_eval,pd_d192_k3_eval,all_recorded_populations,True,False,40,dev,1751762,13940,70,16.254982497734847,True,29
pd_d192_k3_eval:population_all:score_by_pd_d192_k3_eval,population_verification,pd_d192_k3_eval,pd_d192_k3_eval,all_recorded_populations,True,False,41,test,1756693,13968,73,11.563586289028747,True,29
pd_d192_k3_eval:population_all:score_by_pd_d192_k3_eval,population_verification,pd_d192_k3_eval,pd_d192_k3_eval,all_recorded_populations,True,False,42,dev,1789810,14200,119,46.263334415594805,False,29
pd_d192_k3_eval:population_all:score_by_pd_d192_k3_eval,population_verification,pd_d192_k3_eval,pd_d192_k3_eval,all_recorded_populations,True,False,43,test,1791388,14209,50,18.055848906806087,True,29
pd_d192_k3_eval:population_all:score_by_pd_d192_k3_eval,population_verification,pd_d192_k3_eval,pd_d192_k3_eval,all_recorded_populations,True,False,44,dev,1817969,14447,33,14.830182868148965,True,29
pd_d192_k3_eval:population_all:score_by_pd_d192_k3_eval,population_verification,pd_d192_k3_eval,pd_d192_k3_eval,all_recorded_populations,True,False,45,test,1836411,14547,67,533.3231801346576,False,29
pd_d192_k3_eval:population_all:score_by_pd_d192_k3_eval,population_verification,pd_d192_k3_eval,pd_d192_k3_eval,all_recorded_populations,True,False,46,dev,1856976,14700,96,317.9511282788703,False,29
pd_d192_k3_eval:population_all:score_by_pd_d192_k3_eval,population_verification,pd_d192_k3_eval,pd_d192_k3_eval,all_recorded_populations,True,False,47,test,1872550,14853,0,17.507878581246,True,29
pd_d192_k3_eval:population_all:score_by_pd_d192_k3_eval,population_verification,pd_d192_k3_eval,pd_d192_k3_eval,all_recorded_populations,True,False,48,dev,1917206,15248,82,18.774433009103355,True,29
pd_d192_k3_eval:population_all:score_by_pd_d192_k3_eval,population_verification,pd_d192_k3_eval,pd_d192_k3_eval,all_recorded_populations,True,False,49,test,1958883,15683,106,245.2682210014082,False,29
pd_d192_k3_eval:population_all:score_by_pd_d192_k3_eval,population_verification,pd_d192_k3_eval,pd_d192_k3_eval,all_recorded_populations,True,False,50,dev,1996212,15966,38,9.531027333002342,True,29
pd_d192_k3_eval:population_all:score_by_pd_d192_k3_eval,population_verification,pd_d192_k3_eval,pd_d192_k3_eval,all_recorded_populations,True,False,51,test,2027653,16134,150,15.002018087698207,True,29
pd_d192_k3_eval:population_all:score_by_pd_d192_k3_eval,population_verification,pd_d192_k3_eval,pd_d192_k3_eval,all_recorded_populations,True,False,52,dev,2056217,16265,51,20.827495819134274,False,29
pd_d192_k3_eval:population_all:score_by_pd_d192_k3_eval,population_verification,pd_d192_k3_eval,pd_d192_k3_eval,all_recorded_populations,True,False,53,test,2131015,16989,23,110.67693641313761,False,29
pd_d192_k3_eval:population_all:score_by_pd_d192_k3_eval,population_verification,pd_d192_k3_eval,pd_d192_k3_eval,all_recorded_populations,True,False,54,dev,2162795,17252,52,16.56905846573359,True,29
pd_d192_k3_eval:population_all:score_by_pd_d192_k3_eval,population_verification,pd_d192_k3_eval,pd_d192_k3_eval,all_recorded_populations,True,False,55,test,2227454,17719,45,18.41607083836817,True,29
pd_d192_k3_eval:population_all:score_by_pd_d192_k3_eval,population_verification,pd_d192_k3_eval,pd_d192_k3_eval,all_recorded_populations,True,False,56,dev,2237502,17787,47,20.04783915345073,True,29
pd_d192_k3_eval:population_all:score_by_pd_d192_k3_eval,population_verification,pd_d192_k3_eval,pd_d192_k3_eval,all_recorded_populations,True,False,57,test,2278535,18089,35,63.383540487042126,False,9
pd_d192_k3_eval:population_all:score_by_pd_d192_k3_eval,population_verification,pd_d192_k3_eval,pd_d192_k3_eval,all_recorded_populations,True,False,58,dev,2315577,18491,19,20.826859265278994,False,29
pd_d192_k3_eval:population_all:score_by_pd_d192_k3_eval,population_verification,pd_d192_k3_eval,pd_d192_k3_eval,all_recorded_populations,True,False,59,test,2329977,18625,21,325.04781984677027,False,29
pd_d192_k3_eval:population_elite:score_by_pd_d192_k3_eval,elite_verification,pd_d192_k3_eval,pd_d192_k3_eval,recorded_generator_elites,True,False,0,dev,30633,278,9,17.125175656067185,True,29
pd_d192_k3_eval:population_elite:score_by_pd_d192_k3_eval,elite_verification,pd_d192_k3_eval,pd_d192_k3_eval,recorded_generator_elites,True,False,1,test,43081,380,39,21.784307333787993,False,29
pd_d192_k3_eval:population_elite:score_by_pd_d192_k3_eval,elite_verification,pd_d192_k3_eval,pd_d192_k3_eval,recorded_generator_elites,True,False,2,dev,68887,624,90,115.60639456633004,False,29
pd_d192_k3_eval:population_elite:score_by_pd_d192_k3_eval,elite_verification,pd_d192_k3_eval,pd_d192_k3_eval,recorded_generator_elites,True,False,3,test,143460,1172,0,458.4671017370954,False,29
pd_d192_k3_eval:population_elite:score_by_pd_d192_k3_eval,elite_verification,pd_d192_k3_eval,pd_d192_k3_eval,recorded_generator_elites,True,False,4,dev,161350,1326,6,86.65381675379656,False,29
pd_d192_k3_eval:population_elite:score_by_pd_d192_k3_eval,elite_verification,pd_d192_k3_eval,pd_d192_k3_eval,recorded_generator_elites,True,False,5,test,164138,1343,91,17.81023271741795,True,29
pd_d192_k3_eval:population_elite:score_by_pd_d192_k3_eval,elite_verification,pd_d192_k3_eval,pd_d192_k3_eval,recorded_generator_elites,True,False,6,dev,283976,2392,36,16.05259873945064,True,29
pd_d192_k3_eval:population_elite:score_by_pd_d192_k3_eval,elite_verification,pd_d192_k3_eval,pd_d192_k3_eval,recorded_generator_elites,True,False,7,test,326635,2812,54,18.66822672555273,True,29
pd_d192_k3_eval:population_elite:score_by_pd_d192_k3_eval,elite_verification,pd_d192_k3_eval,pd_d192_k3_eval,recorded_generator_elites,True,False,8,dev,377817,3108,5,151.11059141659803,False,29
pd_d192_k3_eval:population_elite:score_by_pd_d192_k3_eval,elite_verification,pd_d192_k3_eval,pd_d192_k3_eval,recorded_generator_elites,True,False,9,test,459527,3743,64,40.185536461624594,False,29
pd_d192_k3_eval:population_elite:score_by_pd_d192_k3_eval,elite_verification,pd_d192_k3_eval,pd_d192_k3_eval,recorded_generator_elites,True,False,10,dev,471804,3833,11,35.804808776015875,False,29
pd_d192_k3_eval:population_elite:score_by_pd_d192_k3_eval,elite_verification,pd_d192_k3_eval,pd_d192_k3_eval,recorded_generator_elites,True,False,11,test,496196,3986,69,90.19041305510031,False,29
pd_d192_k3_eval:population_elite:score_by_pd_d192_k3_eval,elite_verification,pd_d192_k3_eval,pd_d192_k3_eval,recorded_generator_elites,True,False,12,dev,502306,4030,19,17.627307719782777,True,29
pd_d192_k3_eval:population_elite:score_by_pd_d192_k3_eval,elite_verification,pd_d192_k3_eval,pd_d192_k3_eval,recorded_generator_elites,True,False,13,test,634492,5065,18,18.069828413691205,True,29
pd_d192_k3_eval:population_elite:score_by_pd_d192_k3_eval,elite_verification,pd_d192_k3_eval,pd_d192_k3_eval,recorded_generator_elites,True,False,14,dev,658744,5204,46,57.552948835104324,False,29
pd_d192_k3_eval:population_elite:score_by_pd_d192_k3_eval,elite_verification,pd_d192_k3_eval,pd_d192_k3_eval,recorded_generator_elites,True,False,15,test,668349,5273,45,12.425150740217362,True,29
pd_d192_k3_eval:population_elite:score_by_pd_d192_k3_eval,elite_verification,pd_d192_k3_eval,pd_d192_k3_eval,recorded_generator_elites,True,False,16,dev,704961,5616,16,83.53345553258563,False,29
pd_d192_k3_eval:population_elite:score_by_pd_d192_k3_eval,elite_verification,pd_d192_k3_eval,pd_d192_k3_eval,recorded_generator_elites,True,False,17,test,734121,5889,10,160.21739058439263,False,29
pd_d192_k3_eval:population_elite:score_by_pd_d192_k3_eval,elite_verification,pd_d192_k3_eval,pd_d192_k3_eval,recorded_generator_elites,True,False,18,dev,746433,5977,36,179.39958632354097,False,29
pd_d192_k3_eval:population_elite:score_by_pd_d192_k3_eval,elite_verification,pd_d192_k3_eval,pd_d192_k3_eval,recorded_generator_elites,True,False,19,test,750681,6017,4,91.00917723258299,False,29
pd_d192_k3_eval:population_elite:score_by_pd_d192_k3_eval,elite_verification,pd_d192_k3_eval,pd_d192_k3_eval,recorded_generator_elites,True,False,20,dev,768392,6137,24,40.08608728637143,False,29
pd_d192_k3_eval:population_elite:score_by_pd_d192_k3_eval,elite_verification,pd_d192_k3_eval,pd_d192_k3_eval,recorded_generator_elites,True,False,21,test,806921,6483,104,111.69495318873406,False,29
pd_d192_k3_eval:population_elite:score_by_pd_d192_k3_eval,elite_verification,pd_d192_k3_eval,pd_d192_k3_eval,recorded_generator_elites,True,False,22,dev,818604,6556,34,13.63378439918308,True,29
pd_d192_k3_eval:population_elite:score_by_pd_d192_k3_eval,elite_verification,pd_d192_k3_eval,pd_d192_k3_eval,recorded_generator_elites,True,False,23,test,850663,6863,40,63.0483535619649,False,29
pd_d192_k3_eval:population_elite:score_by_pd_d192_k3_eval,elite_verification,pd_d192_k3_eval,pd_d192_k3_eval,recorded_generator_elites,True,False,24,dev,865402,6963,19,12.494266883668857,True,29
pd_d192_k3_eval:population_elite:score_by_pd_d192_k3_eval,elite_verification,pd_d192_k3_eval,pd_d192_k3_eval,recorded_generator_elites,True,False,25,test,975584,7930,19,36.93879079284209,False,29
pd_d192_k3_eval:population_elite:score_by_pd_d192_k3_eval,elite_verification,pd_d192_k3_eval,pd_d192_k3_eval,recorded_generator_elites,True,False,26,dev,989447,8042,43,85.439859729801,False,4
pd_d192_k3_eval:population_elite:score_by_pd_d192_k3_eval,elite_verification,pd_d192_k3_eval,pd_d192_k3_eval,recorded_generator_elites,True,False,27,test,1063727,8577,27,29.293072492891987,False,29
pd_d192_k3_eval:population_elite:score_by_pd_d192_k3_eval,elite_verification,pd_d192_k3_eval,pd_d192_k3_eval,recorded_generator_elites,True,False,28,dev,1085924,8801,58,14.41435913564607,True,29
pd_d192_k3_eval:population_elite:score_by_pd_d192_k3_eval,elite_verification,pd_d192_k3_eval,pd_d192_k3_eval,recorded_generator_elites,True,False,29,test,1094081,8850,32,13.429345135552952,True,29
pd_d192_k3_eval:population_elite:score_by_pd_d192_k3_eval,elite_verification,pd_d192_k3_eval,pd_d192_k3_eval,recorded_generator_elites,True,False,30,dev,1110912,8958,17,27.300139670633403,False,29
pd_d192_k3_eval:population_elite:score_by_pd_d192_k3_eval,elite_verification,pd_d192_k3_eval,pd_d192_k3_eval,recorded_generator_elites,True,False,31,test,1138763,9240,64,783.9658504889085,False,29
pd_d192_k3_eval:population_elite:score_by_pd_d192_k3_eval,elite_verification,pd_d192_k3_eval,pd_d192_k3_eval,recorded_generator_elites,True,False,32,dev,1207664,9876,74,38.62341225102952,False,29
pd_d192_k3_eval:population_elite:score_by_pd_d192_k3_eval,elite_verification,pd_d192_k3_eval,pd_d192_k3_eval,recorded_generator_elites,True,False,33,test,1320555,10683,97,451.2370145817299,False,29
pd_d192_k3_eval:population_elite:score_by_pd_d192_k3_eval,elite_verification,pd_d192_k3_eval,pd_d192_k3_eval,recorded_generator_elites,True,False,34,dev,1338312,10833,60,12.974747316798457,True,29
pd_d192_k3_eval:population_elite:score_by_pd_d192_k3_eval,elite_verification,pd_d192_k3_eval,pd_d192_k3_eval,recorded_generator_elites,True,False,35,test,1370443,11060,102,19.215711557706225,True,29
pd_d192_k3_eval:population_elite:score_by_pd_d192_k3_eval,elite_verification,pd_d192_k3_eval,pd_d192_k3_eval,recorded_generator_elites,True,False,36,dev,1371767,11069,94,16.629456619184932,True,29
pd_d192_k3_eval:population_elite:score_by_pd_d192_k3_eval,elite_verification,pd_d192_k3_eval,pd_d192_k3_eval,recorded_generator_elites,True,False,37,test,1497457,11995,44,20.124435173023247,True,29
pd_d192_k3_eval:population_elite:score_by_pd_d192_k3_eval,elite_verification,pd_d192_k3_eval,pd_d192_k3_eval,recorded_generator_elites,True,False,38,dev,1582932,12595,49,4.424139186051941,True,29
pd_d192_k3_eval:population_elite:score_by_pd_d192_k3_eval,elite_verification,pd_d192_k3_eval,pd_d192_k3_eval,recorded_generator_elites,True,False,39,test,1592283,12683,2,13.399126376294825,True,29
pd_d192_k3_eval:population_elite:score_by_pd_d192_k3_eval,elite_verification,pd_d192_k3_eval,pd_d192_k3_eval,recorded_generator_elites,True,False,40,dev,1751762,13940,70,16.254982497734847,True,29
pd_d192_k3_eval:population_elite:score_by_pd_d192_k3_eval,elite_verification,pd_d192_k3_eval,pd_d192_k3_eval,recorded_generator_elites,True,False,41,test,1756693,13968,73,11.563586289028747,True,29
pd_d192_k3_eval:population_elite:score_by_pd_d192_k3_eval,elite_verification,pd_d192_k3_eval,pd_d192_k3_eval,recorded_generator_elites,True,False,42,dev,1789810,14200,119,46.263334415594805,False,29
pd_d192_k3_eval:population_elite:score_by_pd_d192_k3_eval,elite_verification,pd_d192_k3_eval,pd_d192_k3_eval,recorded_generator_elites,True,False,43,test,1791388,14209,50,18.055848906806087,True,29
pd_d192_k3_eval:population_elite:score_by_pd_d192_k3_eval,elite_verification,pd_d192_k3_eval,pd_d192_k3_eval,recorded_generator_elites,True,False,44,dev,1817969,14447,33,14.830182868148965,True,29
pd_d192_k3_eval:population_elite:score_by_pd_d192_k3_eval,elite_verification,pd_d192_k3_eval,pd_d192_k3_eval,recorded_generator_elites,True,False,45,test,1836411,14547,67,533.3231801346576,False,29
pd_d192_k3_eval:population_elite:score_by_pd_d192_k3_eval,elite_verification,pd_d192_k3_eval,pd_d192_k3_eval,recorded_generator_elites,True,False,46,dev,1856976,14700,96,317.9511282788703,False,29
pd_d192_k3_eval:population_elite:score_by_pd_d192_k3_eval,elite_verification,pd_d192_k3_eval,pd_d192_k3_eval,recorded_generator_elites,True,False,47,test,1872550,14853,0,17.507878581246,True,29
pd_d192_k3_eval:population_elite:score_by_pd_d192_k3_eval,elite_verification,pd_d192_k3_eval,pd_d192_k3_eval,recorded_generator_elites,True,False,48,dev,1917206,15248,82,18.774433009103355,True,29
pd_d192_k3_eval:population_elite:score_by_pd_d192_k3_eval,elite_verification,pd_d192_k3_eval,pd_d192_k3_eval,recorded_generator_elites,True,False,49,test,1958883,15683,106,245.2682210014082,False,29
pd_d192_k3_eval:population_elite:score_by_pd_d192_k3_eval,elite_verification,pd_d192_k3_eval,pd_d192_k3_eval,recorded_generator_elites,True,False,50,dev,1996212,15966,38,9.531027333002342,True,29
pd_d192_k3_eval:population_elite:score_by_pd_d192_k3_eval,elite_verification,pd_d192_k3_eval,pd_d192_k3_eval,recorded_generator_elites,True,False,51,test,2027653,16134,150,15.002018087698207,True,29
pd_d192_k3_eval:population_elite:score_by_pd_d192_k3_eval,elite_verification,pd_d192_k3_eval,pd_d192_k3_eval,recorded_generator_elites,True,False,52,dev,2056217,16265,51,20.827495819134274,False,29
pd_d192_k3_eval:population_elite:score_by_pd_d192_k3_eval,elite_verification,pd_d192_k3_eval,pd_d192_k3_eval,recorded_generator_elites,True,False,53,test,2131015,16989,23,110.67693641313761,False,29
pd_d192_k3_eval:population_elite:score_by_pd_d192_k3_eval,elite_verification,pd_d192_k3_eval,pd_d192_k3_eval,recorded_generator_elites,True,False,54,dev,2162795,17252,52,16.56905846573359,True,29
pd_d192_k3_eval:population_elite:score_by_pd_d192_k3_eval,elite_verification,pd_d192_k3_eval,pd_d192_k3_eval,recorded_generator_elites,True,False,55,test,2227454,17719,45,18.41607083836817,True,29
pd_d192_k3_eval:population_elite:score_by_pd_d192_k3_eval,elite_verification,pd_d192_k3_eval,pd_d192_k3_eval,recorded_generator_elites,True,False,56,dev,2237502,17787,47,20.04783915345073,True,29
pd_d192_k3_eval:population_elite:score_by_pd_d192_k3_eval,elite_verification,pd_d192_k3_eval,pd_d192_k3_eval,recorded_generator_elites,True,False,57,test,2278535,18089,35,63.383540487042126,False,9
pd_d192_k3_eval:population_elite:score_by_pd_d192_k3_eval,elite_verification,pd_d192_k3_eval,pd_d192_k3_eval,recorded_generator_elites,True,False,58,dev,2315577,18491,19,20.826859265278994,False,29
pd_d192_k3_eval:population_elite:score_by_pd_d192_k3_eval,elite_verification,pd_d192_k3_eval,pd_d192_k3_eval,recorded_generator_elites,True,False,59,test,2329977,18625,21,325.04781984677027,False,29
pd_d192_k3_eval:population_all:all_rank_consensus,population_verification,pd_d192_k3_eval,all_rank_consensus,all_recorded_populations,True,False,0,dev,30633,278,9,17.125175656067185,True,29
pd_d192_k3_eval:population_all:all_rank_consensus,population_verification,pd_d192_k3_eval,all_rank_consensus,all_recorded_populations,True,False,1,test,43081,380,39,21.784307333787993,False,29
pd_d192_k3_eval:population_all:all_rank_consensus,population_verification,pd_d192_k3_eval,all_rank_consensus,all_recorded_populations,True,False,2,dev,68887,624,90,115.60639456633004,False,29
pd_d192_k3_eval:population_all:all_rank_consensus,population_verification,pd_d192_k3_eval,all_rank_consensus,all_recorded_populations,True,False,3,test,143460,1172,0,458.4671017370954,False,29
pd_d192_k3_eval:population_all:all_rank_consensus,population_verification,pd_d192_k3_eval,all_rank_consensus,all_recorded_populations,True,False,4,dev,161350,1326,6,86.65381675379656,False,29
pd_d192_k3_eval:population_all:all_rank_consensus,population_verification,pd_d192_k3_eval,all_rank_consensus,all_recorded_populations,True,False,5,test,164138,1343,91,17.81023271741795,True,29
pd_d192_k3_eval:population_all:all_rank_consensus,population_verification,pd_d192_k3_eval,all_rank_consensus,all_recorded_populations,True,False,6,dev,283976,2392,36,16.05259873945064,True,29
pd_d192_k3_eval:population_all:all_rank_consensus,population_verification,pd_d192_k3_eval,all_rank_consensus,all_recorded_populations,True,False,7,test,326635,2812,54,18.66822672555273,True,29
pd_d192_k3_eval:population_all:all_rank_consensus,population_verification,pd_d192_k3_eval,all_rank_consensus,all_recorded_populations,True,False,8,dev,377817,3108,5,151.11059141659803,False,29
pd_d192_k3_eval:population_all:all_rank_consensus,population_verification,pd_d192_k3_eval,all_rank_consensus,all_recorded_populations,True,False,9,test,459527,3743,64,40.185536461624594,False,29
pd_d192_k3_eval:population_all:all_rank_consensus,population_verification,pd_d192_k3_eval,all_rank_consensus,all_recorded_populations,True,False,10,dev,471804,3833,11,35.804808776015875,False,29
pd_d192_k3_eval:population_all:all_rank_consensus,population_verification,pd_d192_k3_eval,all_rank_consensus,all_recorded_populations,True,False,11,test,496196,3986,69,90.19041305510031,False,29
pd_d192_k3_eval:population_all:all_rank_consensus,population_verification,pd_d192_k3_eval,all_rank_consensus,all_recorded_populations,True,False,12,dev,502306,4030,19,17.627307719782777,True,29
pd_d192_k3_eval:population_all:all_rank_consensus,population_verification,pd_d192_k3_eval,all_rank_consensus,all_recorded_populations,True,False,13,test,634492,5065,18,18.069828413691205,True,29
pd_d192_k3_eval:population_all:all_rank_consensus,population_verification,pd_d192_k3_eval,all_rank_consensus,all_recorded_populations,True,False,14,dev,658744,5204,46,57.552948835104324,False,29
pd_d192_k3_eval:population_all:all_rank_consensus,population_verification,pd_d192_k3_eval,all_rank_consensus,all_recorded_populations,True,False,15,test,668349,5273,45,12.425150740217362,True,29
pd_d192_k3_eval:population_all:all_rank_consensus,population_verification,pd_d192_k3_eval,all_rank_consensus,all_recorded_populations,True,False,16,dev,704961,5616,16,83.53345553258563,False,29
pd_d192_k3_eval:population_all:all_rank_consensus,population_verification,pd_d192_k3_eval,all_rank_consensus,all_recorded_populations,True,False,17,test,734121,5889,10,160.21739058439263,False,29
pd_d192_k3_eval:population_all:all_rank_consensus,population_verification,pd_d192_k3_eval,all_rank_consensus,all_recorded_populations,True,False,18,dev,746433,5977,36,179.39958632354097,False,29
pd_d192_k3_eval:population_all:all_rank_consensus,population_verification,pd_d192_k3_eval,all_rank_consensus,all_recorded_populations,True,False,19,test,750681,6017,4,91.00917723258299,False,29
pd_d192_k3_eval:population_all:all_rank_consensus,population_verification,pd_d192_k3_eval,all_rank_consensus,all_recorded_populations,True,False,20,dev,768392,6137,24,40.08608728637143,False,29
pd_d192_k3_eval:population_all:all_rank_consensus,population_verification,pd_d192_k3_eval,all_rank_consensus,all_recorded_populations,True,False,21,test,806921,6483,104,111.69495318873406,False,29
pd_d192_k3_eval:population_all:all_rank_consensus,population_verification,pd_d192_k3_eval,all_rank_consensus,all_recorded_populations,True,False,22,dev,818604,6556,34,13.63378439918308,True,29
pd_d192_k3_eval:population_all:all_rank_consensus,population_verification,pd_d192_k3_eval,all_rank_consensus,all_recorded_populations,True,False,23,test,850663,6863,40,63.0483535619649,False,29
pd_d192_k3_eval:population_all:all_rank_consensus,population_verification,pd_d192_k3_eval,all_rank_consensus,all_recorded_populations,True,False,24,dev,865402,6963,19,12.494266883668857,True,29
pd_d192_k3_eval:population_all:all_rank_consensus,population_verification,pd_d192_k3_eval,all_rank_consensus,all_recorded_populations,True,False,25,test,975584,7930,19,36.93879079284209,False,29
pd_d192_k3_eval:population_all:all_rank_consensus,population_verification,pd_d192_k3_eval,all_rank_consensus,all_recorded_populations,True,False,26,dev,989447,8042,43,85.439859729801,False,4
pd_d192_k3_eval:population_all:all_rank_consensus,population_verification,pd_d192_k3_eval,all_rank_consensus,all_recorded_populations,True,False,27,test,1063727,8577,27,29.293072492891987,False,29
pd_d192_k3_eval:population_all:all_rank_consensus,population_verification,pd_d192_k3_eval,all_rank_consensus,all_recorded_populations,True,False,28,dev,1085924,8801,58,14.41435913564607,True,29
pd_d192_k3_eval:population_all:all_rank_consensus,population_verification,pd_d192_k3_eval,all_rank_consensus,all_recorded_populations,True,False,29,test,1094081,8850,32,13.429345135552952,True,29
pd_d192_k3_eval:population_all:all_rank_consensus,population_verification,pd_d192_k3_eval,all_rank_consensus,all_recorded_populations,True,False,30,dev,1110912,8958,17,27.300139670633403,False,29
pd_d192_k3_eval:population_all:all_rank_consensus,population_verification,pd_d192_k3_eval,all_rank_consensus,all_recorded_populations,True,False,31,test,1138763,9240,64,783.9658504889085,False,29
pd_d192_k3_eval:population_all:all_rank_consensus,population_verification,pd_d192_k3_eval,all_rank_consensus,all_recorded_populations,True,False,32,dev,1207664,9876,74,38.62341225102952,False,29
pd_d192_k3_eval:population_all:all_rank_consensus,population_verification,pd_d192_k3_eval,all_rank_consensus,all_recorded_populations,True,False,33,test,1320555,10683,97,451.2370145817299,False,29
pd_d192_k3_eval:population_all:all_rank_consensus,population_verification,pd_d192_k3_eval,all_rank_consensus,all_recorded_populations,True,False,34,dev,1338312,10833,60,12.974747316798457,True,29
pd_d192_k3_eval:population_all:all_rank_consensus,population_verification,pd_d192_k3_eval,all_rank_consensus,all_recorded_populations,True,False,35,test,1370443,11060,102,19.215711557706225,True,29
pd_d192_k3_eval:population_all:all_rank_consensus,population_verification,pd_d192_k3_eval,all_rank_consensus,all_recorded_populations,True,False,36,dev,1371767,11069,94,16.629456619184932,True,29
pd_d192_k3_eval:population_all:all_rank_consensus,population_verification,pd_d192_k3_eval,all_rank_consensus,all_recorded_populations,True,False,37,test,1497457,11995,44,20.124435173023247,True,29
pd_d192_k3_eval:population_all:all_rank_consensus,population_verification,pd_d192_k3_eval,all_rank_consensus,all_recorded_populations,True,False,38,dev,1582932,12595,49,4.424139186051941,True,29
pd_d192_k3_eval:population_all:all_rank_consensus,population_verification,pd_d192_k3_eval,all_rank_consensus,all_recorded_populations,True,False,39,test,1592283,12683,2,13.399126376294825,True,29
pd_d192_k3_eval:population_all:all_rank_consensus,population_verification,pd_d192_k3_eval,all_rank_consensus,all_recorded_populations,True,False,40,dev,1751762,13940,70,16.254982497734847,True,29
pd_d192_k3_eval:population_all:all_rank_consensus,population_verification,pd_d192_k3_eval,all_rank_consensus,all_recorded_populations,True,False,41,test,1756693,13968,73,11.563586289028747,True,29
pd_d192_k3_eval:population_all:all_rank_consensus,population_verification,pd_d192_k3_eval,all_rank_consensus,all_recorded_populations,True,False,42,dev,1789810,14200,119,46.263334415594805,False,29
pd_d192_k3_eval:population_all:all_rank_consensus,population_verification,pd_d192_k3_eval,all_rank_consensus,all_recorded_populations,True,False,43,test,1791388,14209,50,18.055848906806087,True,29
pd_d192_k3_eval:population_all:all_rank_consensus,population_verification,pd_d192_k3_eval,all_rank_consensus,all_recorded_populations,True,False,44,dev,1817969,14447,33,14.830182868148965,True,29
pd_d192_k3_eval:population_all:all_rank_consensus,population_verification,pd_d192_k3_eval,all_rank_consensus,all_recorded_populations,True,False,45,test,1836411,14547,67,533.3231801346576,False,29
pd_d192_k3_eval:population_all:all_rank_consensus,population_verification,pd_d192_k3_eval,all_rank_consensus,all_recorded_populations,True,False,46,dev,1856976,14700,96,317.9511282788703,False,29
pd_d192_k3_eval:population_all:all_rank_consensus,population_verification,pd_d192_k3_eval,all_rank_consensus,all_recorded_populations,True,False,47,test,1872550,14853,0,17.507878581246,True,29
pd_d192_k3_eval:population_all:all_rank_consensus,population_verification,pd_d192_k3_eval,all_rank_consensus,all_recorded_populations,True,False,48,dev,1917206,15248,82,18.774433009103355,True,29
pd_d192_k3_eval:population_all:all_rank_consensus,population_verification,pd_d192_k3_eval,all_rank_consensus,all_recorded_populations,True,False,49,test,1958883,15683,106,245.2682210014082,False,29
pd_d192_k3_eval:population_all:all_rank_consensus,population_verification,pd_d192_k3_eval,all_rank_consensus,all_recorded_populations,True,False,50,dev,1996212,15966,38,9.531027333002342,True,29
pd_d192_k3_eval:population_all:all_rank_consensus,population_verification,pd_d192_k3_eval,all_rank_consensus,all_recorded_populations,True,False,51,test,2027653,16134,150,15.002018087698207,True,29
pd_d192_k3_eval:population_all:all_rank_consensus,population_verification,pd_d192_k3_eval,all_rank_consensus,all_recorded_populations,True,False,52,dev,2056217,16265,51,20.827495819134274,False,29
pd_d192_k3_eval:population_all:all_rank_consensus,population_verification,pd_d192_k3_eval,all_rank_consensus,all_recorded_populations,True,False,53,test,2131015,16989,23,110.67693641313761,False,29
pd_d192_k3_eval:population_all:all_rank_consensus,population_verification,pd_d192_k3_eval,all_rank_consensus,all_recorded_populations,True,False,54,dev,2162795,17252,52,16.56905846573359,True,29
pd_d192_k3_eval:population_all:all_rank_consensus,population_verification,pd_d192_k3_eval,all_rank_consensus,all_recorded_populations,True,False,55,test,2227454,17719,45,18.41607083836817,True,29
pd_d192_k3_eval:population_all:all_rank_consensus,population_verification,pd_d192_k3_eval,all_rank_consensus,all_recorded_populations,True,False,56,dev,2237502,17787,47,20.04783915345073,True,29
pd_d192_k3_eval:population_all:all_rank_consensus,population_verification,pd_d192_k3_eval,all_rank_consensus,all_recorded_populations,True,False,57,test,2278535,18089,35,63.383540487042126,False,9
pd_d192_k3_eval:population_all:all_rank_consensus,population_verification,pd_d192_k3_eval,all_rank_consensus,all_recorded_populations,True,False,58,dev,2315577,18491,19,20.826859265278994,False,29
pd_d192_k3_eval:population_all:all_rank_consensus,population_verification,pd_d192_k3_eval,all_rank_consensus,all_recorded_populations,True,False,59,test,2329977,18625,21,325.04781984677027,False,29
pd_d192_k3_eval:population_elite:all_rank_consensus,elite_verification,pd_d192_k3_eval,all_rank_consensus,recorded_generator_elites,True,False,0,dev,30633,278,9,17.125175656067185,True,29
pd_d192_k3_eval:population_elite:all_rank_consensus,elite_verification,pd_d192_k3_eval,all_rank_consensus,recorded_generator_elites,True,False,1,test,43081,380,39,21.784307333787993,False,29
pd_d192_k3_eval:population_elite:all_rank_consensus,elite_verification,pd_d192_k3_eval,all_rank_consensus,recorded_generator_elites,True,False,2,dev,68887,624,90,115.60639456633004,False,29
pd_d192_k3_eval:population_elite:all_rank_consensus,elite_verification,pd_d192_k3_eval,all_rank_consensus,recorded_generator_elites,True,False,3,test,143460,1172,0,458.4671017370954,False,29
pd_d192_k3_eval:population_elite:all_rank_consensus,elite_verification,pd_d192_k3_eval,all_rank_consensus,recorded_generator_elites,True,False,4,dev,161350,1326,6,86.65381675379656,False,29
pd_d192_k3_eval:population_elite:all_rank_consensus,elite_verification,pd_d192_k3_eval,all_rank_consensus,recorded_generator_elites,True,False,5,test,164138,1343,91,17.81023271741795,True,29
pd_d192_k3_eval:population_elite:all_rank_consensus,elite_verification,pd_d192_k3_eval,all_rank_consensus,recorded_generator_elites,True,False,6,dev,283976,2392,36,16.05259873945064,True,29
pd_d192_k3_eval:population_elite:all_rank_consensus,elite_verification,pd_d192_k3_eval,all_rank_consensus,recorded_generator_elites,True,False,7,test,326635,2812,54,18.66822672555273,True,29
pd_d192_k3_eval:population_elite:all_rank_consensus,elite_verification,pd_d192_k3_eval,all_rank_consensus,recorded_generator_elites,True,False,8,dev,377817,3108,5,151.11059141659803,False,29
pd_d192_k3_eval:population_elite:all_rank_consensus,elite_verification,pd_d192_k3_eval,all_rank_consensus,recorded_generator_elites,True,False,9,test,459527,3743,64,40.185536461624594,False,29
pd_d192_k3_eval:population_elite:all_rank_consensus,elite_verification,pd_d192_k3_eval,all_rank_consensus,recorded_generator_elites,True,False,10,dev,471804,3833,11,35.804808776015875,False,29
pd_d192_k3_eval:population_elite:all_rank_consensus,elite_verification,pd_d192_k3_eval,all_rank_consensus,recorded_generator_elites,True,False,11,test,496196,3986,69,90.19041305510031,False,29
pd_d192_k3_eval:population_elite:all_rank_consensus,elite_verification,pd_d192_k3_eval,all_rank_consensus,recorded_generator_elites,True,False,12,dev,502306,4030,19,17.627307719782777,True,29
pd_d192_k3_eval:population_elite:all_rank_consensus,elite_verification,pd_d192_k3_eval,all_rank_consensus,recorded_generator_elites,True,False,13,test,634492,5065,18,18.069828413691205,True,29
pd_d192_k3_eval:population_elite:all_rank_consensus,elite_verification,pd_d192_k3_eval,all_rank_consensus,recorded_generator_elites,True,False,14,dev,658744,5204,46,57.552948835104324,False,29
pd_d192_k3_eval:population_elite:all_rank_consensus,elite_verification,pd_d192_k3_eval,all_rank_consensus,recorded_generator_elites,True,False,15,test,668349,5273,45,12.425150740217362,True,29
pd_d192_k3_eval:population_elite:all_rank_consensus,elite_verification,pd_d192_k3_eval,all_rank_consensus,recorded_generator_elites,True,False,16,dev,704961,5616,16,83.53345553258563,False,29
pd_d192_k3_eval:population_elite:all_rank_consensus,elite_verification,pd_d192_k3_eval,all_rank_consensus,recorded_generator_elites,True,False,17,test,734121,5889,10,160.21739058439263,False,29
pd_d192_k3_eval:population_elite:all_rank_consensus,elite_verification,pd_d192_k3_eval,all_rank_consensus,recorded_generator_elites,True,False,18,dev,746433,5977,36,179.39958632354097,False,29
pd_d192_k3_eval:population_elite:all_rank_consensus,elite_verification,pd_d192_k3_eval,all_rank_consensus,recorded_generator_elites,True,False,19,test,750681,6017,4,91.00917723258299,False,29
pd_d192_k3_eval:population_elite:all_rank_consensus,elite_verification,pd_d192_k3_eval,all_rank_consensus,recorded_generator_elites,True,False,20,dev,768392,6137,24,40.08608728637143,False,29
pd_d192_k3_eval:population_elite:all_rank_consensus,elite_verification,pd_d192_k3_eval,all_rank_consensus,recorded_generator_elites,True,False,21,test,806921,6483,104,111.69495318873406,False,29
pd_d192_k3_eval:population_elite:all_rank_consensus,elite_verification,pd_d192_k3_eval,all_rank_consensus,recorded_generator_elites,True,False,22,dev,818604,6556,34,13.63378439918308,True,29
pd_d192_k3_eval:population_elite:all_rank_consensus,elite_verification,pd_d192_k3_eval,all_rank_consensus,recorded_generator_elites,True,False,23,test,850663,6863,40,63.0483535619649,False,29
pd_d192_k3_eval:population_elite:all_rank_consensus,elite_verification,pd_d192_k3_eval,all_rank_consensus,recorded_generator_elites,True,False,24,dev,865402,6963,19,12.494266883668857,True,29
pd_d192_k3_eval:population_elite:all_rank_consensus,elite_verification,pd_d192_k3_eval,all_rank_consensus,recorded_generator_elites,True,False,25,test,975584,7930,19,36.93879079284209,False,29
pd_d192_k3_eval:population_elite:all_rank_consensus,elite_verification,pd_d192_k3_eval,all_rank_consensus,recorded_generator_elites,True,False,26,dev,989447,8042,43,85.439859729801,False,4
pd_d192_k3_eval:population_elite:all_rank_consensus,elite_verification,pd_d192_k3_eval,all_rank_consensus,recorded_generator_elites,True,False,27,test,1063727,8577,27,29.293072492891987,False,29
pd_d192_k3_eval:population_elite:all_rank_consensus,elite_verification,pd_d192_k3_eval,all_rank_consensus,recorded_generator_elites,True,False,28,dev,1085924,8801,58,14.41435913564607,True,29
pd_d192_k3_eval:population_elite:all_rank_consensus,elite_verification,pd_d192_k3_eval,all_rank_consensus,recorded_generator_elites,True,False,29,test,1094081,8850,32,13.429345135552952,True,29
pd_d192_k3_eval:population_elite:all_rank_consensus,elite_verification,pd_d192_k3_eval,all_rank_consensus,recorded_generator_elites,True,False,30,dev,1110912,8958,17,27.300139670633403,False,29
pd_d192_k3_eval:population_elite:all_rank_consensus,elite_verification,pd_d192_k3_eval,all_rank_consensus,recorded_generator_elites,True,False,31,test,1138763,9240,64,783.9658504889085,False,29
pd_d192_k3_eval:population_elite:all_rank_consensus,elite_verification,pd_d192_k3_eval,all_rank_consensus,recorded_generator_elites,True,False,32,dev,1207664,9876,74,38.62341225102952,False,29
pd_d192_k3_eval:population_elite:all_rank_consensus,elite_verification,pd_d192_k3_eval,all_rank_consensus,recorded_generator_elites,True,False,33,test,1320555,10683,97,451.2370145817299,False,29
pd_d192_k3_eval:population_elite:all_rank_consensus,elite_verification,pd_d192_k3_eval,all_rank_consensus,recorded_generator_elites,True,False,34,dev,1338312,10833,60,12.974747316798457,True,29
pd_d192_k3_eval:population_elite:all_rank_consensus,elite_verification,pd_d192_k3_eval,all_rank_consensus,recorded_generator_elites,True,False,35,test,1370443,11060,102,19.215711557706225,True,29
pd_d192_k3_eval:population_elite:all_rank_consensus,elite_verification,pd_d192_k3_eval,all_rank_consensus,recorded_generator_elites,True,False,36,dev,1371767,11069,94,16.629456619184932,True,29
pd_d192_k3_eval:population_elite:all_rank_consensus,elite_verification,pd_d192_k3_eval,all_rank_consensus,recorded_generator_elites,True,False,37,test,1497457,11995,44,20.124435173023247,True,29
pd_d192_k3_eval:population_elite:all_rank_consensus,elite_verification,pd_d192_k3_eval,all_rank_consensus,recorded_generator_elites,True,False,38,dev,1582932,12595,49,4.424139186051941,True,29
pd_d192_k3_eval:population_elite:all_rank_consensus,elite_verification,pd_d192_k3_eval,all_rank_consensus,recorded_generator_elites,True,False,39,test,1592283,12683,2,13.399126376294825,True,29
pd_d192_k3_eval:population_elite:all_rank_consensus,elite_verification,pd_d192_k3_eval,all_rank_consensus,recorded_generator_elites,True,False,40,dev,1751762,13940,70,16.254982497734847,True,29
pd_d192_k3_eval:population_elite:all_rank_consensus,elite_verification,pd_d192_k3_eval,all_rank_consensus,recorded_generator_elites,True,False,41,test,1756693,13968,73,11.563586289028747,True,29
pd_d192_k3_eval:population_elite:all_rank_consensus,elite_verification,pd_d192_k3_eval,all_rank_consensus,recorded_generator_elites,True,False,42,dev,1789810,14200,119,46.263334415594805,False,29
pd_d192_k3_eval:population_elite:all_rank_consensus,elite_verification,pd_d192_k3_eval,all_rank_consensus,recorded_generator_elites,True,False,43,test,1791388,14209,50,18.055848906806087,True,29
pd_d192_k3_eval:population_elite:all_rank_consensus,elite_verification,pd_d192_k3_eval,all_rank_consensus,recorded_generator_elites,True,False,44,dev,1817969,14447,33,14.830182868148965,True,29
pd_d192_k3_eval:population_elite:all_rank_consensus,elite_verification,pd_d192_k3_eval,all_rank_consensus,recorded_generator_elites,True,False,45,test,1836411,14547,67,533.3231801346576,False,29
pd_d192_k3_eval:population_elite:all_rank_consensus,elite_verification,pd_d192_k3_eval,all_rank_consensus,recorded_generator_elites,True,False,46,dev,1856976,14700,96,317.9511282788703,False,29
pd_d192_k3_eval:population_elite:all_rank_consensus,elite_verification,pd_d192_k3_eval,all_rank_consensus,recorded_generator_elites,True,False,47,test,1872550,14853,0,17.507878581246,True,29
pd_d192_k3_eval:population_elite:all_rank_consensus,elite_verification,pd_d192_k3_eval,all_rank_consensus,recorded_generator_elites,True,False,48,dev,1917206,15248,82,18.774433009103355,True,29
pd_d192_k3_eval:population_elite:all_rank_consensus,elite_verification,pd_d192_k3_eval,all_rank_consensus,recorded_generator_elites,True,False,49,test,1958883,15683,106,245.2682210014082,False,29
pd_d192_k3_eval:population_elite:all_rank_consensus,elite_verification,pd_d192_k3_eval,all_rank_consensus,recorded_generator_elites,True,False,50,dev,1996212,15966,38,9.531027333002342,True,29
pd_d192_k3_eval:population_elite:all_rank_consensus,elite_verification,pd_d192_k3_eval,all_rank_consensus,recorded_generator_elites,True,False,51,test,2027653,16134,150,15.002018087698207,True,29
pd_d192_k3_eval:population_elite:all_rank_consensus,elite_verification,pd_d192_k3_eval,all_rank_consensus,recorded_generator_elites,True,False,52,dev,2056217,16265,51,20.827495819134274,False,29
pd_d192_k3_eval:population_elite:all_rank_consensus,elite_verification,pd_d192_k3_eval,all_rank_consensus,recorded_generator_elites,True,False,53,test,2131015,16989,23,110.67693641313761,False,29
pd_d192_k3_eval:population_elite:all_rank_consensus,elite_verification,pd_d192_k3_eval,all_rank_consensus,recorded_generator_elites,True,False,54,dev,2162795,17252,52,16.56905846573359,True,29
pd_d192_k3_eval:population_elite:all_rank_consensus,elite_verification,pd_d192_k3_eval,all_rank_consensus,recorded_generator_elites,True,False,55,test,2227454,17719,45,18.41607083836817,True,29
pd_d192_k3_eval:population_elite:all_rank_consensus,elite_verification,pd_d192_k3_eval,all_rank_consensus,recorded_generator_elites,True,False,56,dev,2237502,17787,47,20.04783915345073,True,29
pd_d192_k3_eval:population_elite:all_rank_consensus,elite_verification,pd_d192_k3_eval,all_rank_consensus,recorded_generator_elites,True,False,57,test,2278535,18089,35,63.383540487042126,False,9
pd_d192_k3_eval:population_elite:all_rank_consensus,elite_verification,pd_d192_k3_eval,all_rank_consensus,recorded_generator_elites,True,False,58,dev,2315577,18491,19,20.826859265278994,False,29
pd_d192_k3_eval:population_elite:all_rank_consensus,elite_verification,pd_d192_k3_eval,all_rank_consensus,recorded_generator_elites,True,False,59,test,2329977,18625,21,325.04781984677027,False,29
pd_d192_k3_eval:population_all:nonself_rank_consensus,population_verification,pd_d192_k3_eval,nonself_rank_consensus,all_recorded_populations,True,False,0,dev,30633,278,9,17.125175656067185,True,29
pd_d192_k3_eval:population_all:nonself_rank_consensus,population_verification,pd_d192_k3_eval,nonself_rank_consensus,all_recorded_populations,True,False,1,test,43081,380,39,21.784307333787993,False,29
pd_d192_k3_eval:population_all:nonself_rank_consensus,population_verification,pd_d192_k3_eval,nonself_rank_consensus,all_recorded_populations,True,False,2,dev,68887,624,90,115.60639456633004,False,29
pd_d192_k3_eval:population_all:nonself_rank_consensus,population_verification,pd_d192_k3_eval,nonself_rank_consensus,all_recorded_populations,True,False,3,test,143460,1172,0,458.4671017370954,False,29
pd_d192_k3_eval:population_all:nonself_rank_consensus,population_verification,pd_d192_k3_eval,nonself_rank_consensus,all_recorded_populations,True,False,4,dev,161350,1326,6,86.65381675379656,False,29
pd_d192_k3_eval:population_all:nonself_rank_consensus,population_verification,pd_d192_k3_eval,nonself_rank_consensus,all_recorded_populations,True,False,5,test,164138,1343,91,17.81023271741795,True,29
pd_d192_k3_eval:population_all:nonself_rank_consensus,population_verification,pd_d192_k3_eval,nonself_rank_consensus,all_recorded_populations,True,False,6,dev,283976,2392,36,16.05259873945064,True,29
pd_d192_k3_eval:population_all:nonself_rank_consensus,population_verification,pd_d192_k3_eval,nonself_rank_consensus,all_recorded_populations,True,False,7,test,326635,2812,54,18.66822672555273,True,29
pd_d192_k3_eval:population_all:nonself_rank_consensus,population_verification,pd_d192_k3_eval,nonself_rank_consensus,all_recorded_populations,True,False,8,dev,377817,3108,5,151.11059141659803,False,29
pd_d192_k3_eval:population_all:nonself_rank_consensus,population_verification,pd_d192_k3_eval,nonself_rank_consensus,all_recorded_populations,True,False,9,test,459527,3743,64,40.185536461624594,False,29
pd_d192_k3_eval:population_all:nonself_rank_consensus,population_verification,pd_d192_k3_eval,nonself_rank_consensus,all_recorded_populations,True,False,10,dev,471804,3833,11,35.804808776015875,False,29
pd_d192_k3_eval:population_all:nonself_rank_consensus,population_verification,pd_d192_k3_eval,nonself_rank_consensus,all_recorded_populations,True,False,11,test,496196,3986,69,90.19041305510031,False,29
pd_d192_k3_eval:population_all:nonself_rank_consensus,population_verification,pd_d192_k3_eval,nonself_rank_consensus,all_recorded_populations,True,False,12,dev,502306,4030,19,17.627307719782777,True,29
pd_d192_k3_eval:population_all:nonself_rank_consensus,population_verification,pd_d192_k3_eval,nonself_rank_consensus,all_recorded_populations,True,False,13,test,634492,5065,18,18.069828413691205,True,29
pd_d192_k3_eval:population_all:nonself_rank_consensus,population_verification,pd_d192_k3_eval,nonself_rank_consensus,all_recorded_populations,True,False,14,dev,658744,5204,46,57.552948835104324,False,29
pd_d192_k3_eval:population_all:nonself_rank_consensus,population_verification,pd_d192_k3_eval,nonself_rank_consensus,all_recorded_populations,True,False,15,test,668349,5273,45,12.425150740217362,True,29
pd_d192_k3_eval:population_all:nonself_rank_consensus,population_verification,pd_d192_k3_eval,nonself_rank_consensus,all_recorded_populations,True,False,16,dev,704961,5616,16,83.53345553258563,False,29
pd_d192_k3_eval:population_all:nonself_rank_consensus,population_verification,pd_d192_k3_eval,nonself_rank_consensus,all_recorded_populations,True,False,17,test,734121,5889,10,160.21739058439263,False,29
pd_d192_k3_eval:population_all:nonself_rank_consensus,population_verification,pd_d192_k3_eval,nonself_rank_consensus,all_recorded_populations,True,False,18,dev,746433,5977,36,179.39958632354097,False,29
pd_d192_k3_eval:population_all:nonself_rank_consensus,population_verification,pd_d192_k3_eval,nonself_rank_consensus,all_recorded_populations,True,False,19,test,750681,6017,4,91.00917723258299,False,29
pd_d192_k3_eval:population_all:nonself_rank_consensus,population_verification,pd_d192_k3_eval,nonself_rank_consensus,all_recorded_populations,True,False,20,dev,768392,6137,24,40.08608728637143,False,29
pd_d192_k3_eval:population_all:nonself_rank_consensus,population_verification,pd_d192_k3_eval,nonself_rank_consensus,all_recorded_populations,True,False,21,test,806921,6483,104,111.69495318873406,False,29
pd_d192_k3_eval:population_all:nonself_rank_consensus,population_verification,pd_d192_k3_eval,nonself_rank_consensus,all_recorded_populations,True,False,22,dev,818604,6556,34,13.63378439918308,True,29
pd_d192_k3_eval:population_all:nonself_rank_consensus,population_verification,pd_d192_k3_eval,nonself_rank_consensus,all_recorded_populations,True,False,23,test,850663,6863,40,63.0483535619649,False,29
pd_d192_k3_eval:population_all:nonself_rank_consensus,population_verification,pd_d192_k3_eval,nonself_rank_consensus,all_recorded_populations,True,False,24,dev,865402,6963,19,12.494266883668857,True,29
pd_d192_k3_eval:population_all:nonself_rank_consensus,population_verification,pd_d192_k3_eval,nonself_rank_consensus,all_recorded_populations,True,False,25,test,975584,7930,19,36.93879079284209,False,29
pd_d192_k3_eval:population_all:nonself_rank_consensus,population_verification,pd_d192_k3_eval,nonself_rank_consensus,all_recorded_populations,True,False,26,dev,989447,8042,43,85.439859729801,False,4
pd_d192_k3_eval:population_all:nonself_rank_consensus,population_verification,pd_d192_k3_eval,nonself_rank_consensus,all_recorded_populations,True,False,27,test,1063727,8577,27,29.293072492891987,False,29
pd_d192_k3_eval:population_all:nonself_rank_consensus,population_verification,pd_d192_k3_eval,nonself_rank_consensus,all_recorded_populations,True,False,28,dev,1085924,8801,58,14.41435913564607,True,29
pd_d192_k3_eval:population_all:nonself_rank_consensus,population_verification,pd_d192_k3_eval,nonself_rank_consensus,all_recorded_populations,True,False,29,test,1094081,8850,32,13.429345135552952,True,29
pd_d192_k3_eval:population_all:nonself_rank_consensus,population_verification,pd_d192_k3_eval,nonself_rank_consensus,all_recorded_populations,True,False,30,dev,1110912,8958,17,27.300139670633403,False,29
pd_d192_k3_eval:population_all:nonself_rank_consensus,population_verification,pd_d192_k3_eval,nonself_rank_consensus,all_recorded_populations,True,False,31,test,1138763,9240,64,783.9658504889085,False,29
pd_d192_k3_eval:population_all:nonself_rank_consensus,population_verification,pd_d192_k3_eval,nonself_rank_consensus,all_recorded_populations,True,False,32,dev,1207664,9876,74,38.62341225102952,False,29
pd_d192_k3_eval:population_all:nonself_rank_consensus,population_verification,pd_d192_k3_eval,nonself_rank_consensus,all_recorded_populations,True,False,33,test,1320555,10683,97,451.2370145817299,False,29
pd_d192_k3_eval:population_all:nonself_rank_consensus,population_verification,pd_d192_k3_eval,nonself_rank_consensus,all_recorded_populations,True,False,34,dev,1338312,10833,60,12.974747316798457,True,29
pd_d192_k3_eval:population_all:nonself_rank_consensus,population_verification,pd_d192_k3_eval,nonself_rank_consensus,all_recorded_populations,True,False,35,test,1370443,11060,102,19.215711557706225,True,29
pd_d192_k3_eval:population_all:nonself_rank_consensus,population_verification,pd_d192_k3_eval,nonself_rank_consensus,all_recorded_populations,True,False,36,dev,1371767,11069,94,16.629456619184932,True,29
pd_d192_k3_eval:population_all:nonself_rank_consensus,population_verification,pd_d192_k3_eval,nonself_rank_consensus,all_recorded_populations,True,False,37,test,1497457,11995,44,20.124435173023247,True,29
pd_d192_k3_eval:population_all:nonself_rank_consensus,population_verification,pd_d192_k3_eval,nonself_rank_consensus,all_recorded_populations,True,False,38,dev,1582932,12595,49,4.424139186051941,True,29
pd_d192_k3_eval:population_all:nonself_rank_consensus,population_verification,pd_d192_k3_eval,nonself_rank_consensus,all_recorded_populations,True,False,39,test,1592283,12683,2,13.399126376294825,True,29
pd_d192_k3_eval:population_all:nonself_rank_consensus,population_verification,pd_d192_k3_eval,nonself_rank_consensus,all_recorded_populations,True,False,40,dev,1751762,13940,70,16.254982497734847,True,29
pd_d192_k3_eval:population_all:nonself_rank_consensus,population_verification,pd_d192_k3_eval,nonself_rank_consensus,all_recorded_populations,True,False,41,test,1756693,13968,73,11.563586289028747,True,29
pd_d192_k3_eval:population_all:nonself_rank_consensus,population_verification,pd_d192_k3_eval,nonself_rank_consensus,all_recorded_populations,True,False,42,dev,1789810,14200,119,46.263334415594805,False,29
pd_d192_k3_eval:population_all:nonself_rank_consensus,population_verification,pd_d192_k3_eval,nonself_rank_consensus,all_recorded_populations,True,False,43,test,1791388,14209,50,18.055848906806087,True,29
pd_d192_k3_eval:population_all:nonself_rank_consensus,population_verification,pd_d192_k3_eval,nonself_rank_consensus,all_recorded_populations,True,False,44,dev,1817969,14447,33,14.830182868148965,True,29
pd_d192_k3_eval:population_all:nonself_rank_consensus,population_verification,pd_d192_k3_eval,nonself_rank_consensus,all_recorded_populations,True,False,45,test,1836411,14547,67,533.3231801346576,False,29
pd_d192_k3_eval:population_all:nonself_rank_consensus,population_verification,pd_d192_k3_eval,nonself_rank_consensus,all_recorded_populations,True,False,46,dev,1856976,14700,96,317.9511282788703,False,29
pd_d192_k3_eval:population_all:nonself_rank_consensus,population_verification,pd_d192_k3_eval,nonself_rank_consensus,all_recorded_populations,True,False,47,test,1872550,14853,0,17.507878581246,True,29
pd_d192_k3_eval:population_all:nonself_rank_consensus,population_verification,pd_d192_k3_eval,nonself_rank_consensus,all_recorded_populations,True,False,48,dev,1917206,15248,82,18.774433009103355,True,29
pd_d192_k3_eval:population_all:nonself_rank_consensus,population_verification,pd_d192_k3_eval,nonself_rank_consensus,all_recorded_populations,True,False,49,test,1958883,15683,106,245.2682210014082,False,29
pd_d192_k3_eval:population_all:nonself_rank_consensus,population_verification,pd_d192_k3_eval,nonself_rank_consensus,all_recorded_populations,True,False,50,dev,1996212,15966,38,9.531027333002342,True,29
pd_d192_k3_eval:population_all:nonself_rank_consensus,population_verification,pd_d192_k3_eval,nonself_rank_consensus,all_recorded_populations,True,False,51,test,2027653,16134,150,15.002018087698207,True,29
pd_d192_k3_eval:population_all:nonself_rank_consensus,population_verification,pd_d192_k3_eval,nonself_rank_consensus,all_recorded_populations,True,False,52,dev,2056217,16265,51,20.827495819134274,False,29
pd_d192_k3_eval:population_all:nonself_rank_consensus,population_verification,pd_d192_k3_eval,nonself_rank_consensus,all_recorded_populations,True,False,53,test,2131015,16989,23,110.67693641313761,False,29
pd_d192_k3_eval:population_all:nonself_rank_consensus,population_verification,pd_d192_k3_eval,nonself_rank_consensus,all_recorded_populations,True,False,54,dev,2162795,17252,52,16.56905846573359,True,29
pd_d192_k3_eval:population_all:nonself_rank_consensus,population_verification,pd_d192_k3_eval,nonself_rank_consensus,all_recorded_populations,True,False,55,test,2227454,17719,45,18.41607083836817,True,29
pd_d192_k3_eval:population_all:nonself_rank_consensus,population_verification,pd_d192_k3_eval,nonself_rank_consensus,all_recorded_populations,True,False,56,dev,2237502,17787,47,20.04783915345073,True,29
pd_d192_k3_eval:population_all:nonself_rank_consensus,population_verification,pd_d192_k3_eval,nonself_rank_consensus,all_recorded_populations,True,False,57,test,2278535,18089,35,63.383540487042126,False,9
pd_d192_k3_eval:population_all:nonself_rank_consensus,population_verification,pd_d192_k3_eval,nonself_rank_consensus,all_recorded_populations,True,False,58,dev,2315577,18491,19,20.826859265278994,False,29
pd_d192_k3_eval:population_all:nonself_rank_consensus,population_verification,pd_d192_k3_eval,nonself_rank_consensus,all_recorded_populations,True,False,59,test,2329977,18625,21,325.04781984677027,False,29
pd_d192_k3_eval:population_elite:nonself_rank_consensus,elite_verification,pd_d192_k3_eval,nonself_rank_consensus,recorded_generator_elites,True,False,0,dev,30633,278,9,17.125175656067185,True,29
pd_d192_k3_eval:population_elite:nonself_rank_consensus,elite_verification,pd_d192_k3_eval,nonself_rank_consensus,recorded_generator_elites,True,False,1,test,43081,380,39,21.784307333787993,False,29
pd_d192_k3_eval:population_elite:nonself_rank_consensus,elite_verification,pd_d192_k3_eval,nonself_rank_consensus,recorded_generator_elites,True,False,2,dev,68887,624,90,115.60639456633004,False,29
pd_d192_k3_eval:population_elite:nonself_rank_consensus,elite_verification,pd_d192_k3_eval,nonself_rank_consensus,recorded_generator_elites,True,False,3,test,143460,1172,0,458.4671017370954,False,29
pd_d192_k3_eval:population_elite:nonself_rank_consensus,elite_verification,pd_d192_k3_eval,nonself_rank_consensus,recorded_generator_elites,True,False,4,dev,161350,1326,6,86.65381675379656,False,29
pd_d192_k3_eval:population_elite:nonself_rank_consensus,elite_verification,pd_d192_k3_eval,nonself_rank_consensus,recorded_generator_elites,True,False,5,test,164138,1343,91,17.81023271741795,True,29
pd_d192_k3_eval:population_elite:nonself_rank_consensus,elite_verification,pd_d192_k3_eval,nonself_rank_consensus,recorded_generator_elites,True,False,6,dev,283976,2392,36,16.05259873945064,True,29
pd_d192_k3_eval:population_elite:nonself_rank_consensus,elite_verification,pd_d192_k3_eval,nonself_rank_consensus,recorded_generator_elites,True,False,7,test,326635,2812,54,18.66822672555273,True,29
pd_d192_k3_eval:population_elite:nonself_rank_consensus,elite_verification,pd_d192_k3_eval,nonself_rank_consensus,recorded_generator_elites,True,False,8,dev,377817,3108,5,151.11059141659803,False,29
pd_d192_k3_eval:population_elite:nonself_rank_consensus,elite_verification,pd_d192_k3_eval,nonself_rank_consensus,recorded_generator_elites,True,False,9,test,459527,3743,64,40.185536461624594,False,29
pd_d192_k3_eval:population_elite:nonself_rank_consensus,elite_verification,pd_d192_k3_eval,nonself_rank_consensus,recorded_generator_elites,True,False,10,dev,471804,3833,11,35.804808776015875,False,29
pd_d192_k3_eval:population_elite:nonself_rank_consensus,elite_verification,pd_d192_k3_eval,nonself_rank_consensus,recorded_generator_elites,True,False,11,test,496196,3986,69,90.19041305510031,False,29
pd_d192_k3_eval:population_elite:nonself_rank_consensus,elite_verification,pd_d192_k3_eval,nonself_rank_consensus,recorded_generator_elites,True,False,12,dev,502306,4030,19,17.627307719782777,True,29
pd_d192_k3_eval:population_elite:nonself_rank_consensus,elite_verification,pd_d192_k3_eval,nonself_rank_consensus,recorded_generator_elites,True,False,13,test,634492,5065,18,18.069828413691205,True,29
pd_d192_k3_eval:population_elite:nonself_rank_consensus,elite_verification,pd_d192_k3_eval,nonself_rank_consensus,recorded_generator_elites,True,False,14,dev,658744,5204,46,57.552948835104324,False,29
pd_d192_k3_eval:population_elite:nonself_rank_consensus,elite_verification,pd_d192_k3_eval,nonself_rank_consensus,recorded_generator_elites,True,False,15,test,668349,5273,45,12.425150740217362,True,29
pd_d192_k3_eval:population_elite:nonself_rank_consensus,elite_verification,pd_d192_k3_eval,nonself_rank_consensus,recorded_generator_elites,True,False,16,dev,704961,5616,16,83.53345553258563,False,29
pd_d192_k3_eval:population_elite:nonself_rank_consensus,elite_verification,pd_d192_k3_eval,nonself_rank_consensus,recorded_generator_elites,True,False,17,test,734121,5889,10,160.21739058439263,False,29
pd_d192_k3_eval:population_elite:nonself_rank_consensus,elite_verification,pd_d192_k3_eval,nonself_rank_consensus,recorded_generator_elites,True,False,18,dev,746433,5977,36,179.39958632354097,False,29
pd_d192_k3_eval:population_elite:nonself_rank_consensus,elite_verification,pd_d192_k3_eval,nonself_rank_consensus,recorded_generator_elites,True,False,19,test,750681,6017,4,91.00917723258299,False,29
pd_d192_k3_eval:population_elite:nonself_rank_consensus,elite_verification,pd_d192_k3_eval,nonself_rank_consensus,recorded_generator_elites,True,False,20,dev,768392,6137,24,40.08608728637143,False,29
pd_d192_k3_eval:population_elite:nonself_rank_consensus,elite_verification,pd_d192_k3_eval,nonself_rank_consensus,recorded_generator_elites,True,False,21,test,806921,6483,104,111.69495318873406,False,29
pd_d192_k3_eval:population_elite:nonself_rank_consensus,elite_verification,pd_d192_k3_eval,nonself_rank_consensus,recorded_generator_elites,True,False,22,dev,818604,6556,34,13.63378439918308,True,29
pd_d192_k3_eval:population_elite:nonself_rank_consensus,elite_verification,pd_d192_k3_eval,nonself_rank_consensus,recorded_generator_elites,True,False,23,test,850663,6863,40,63.0483535619649,False,29
pd_d192_k3_eval:population_elite:nonself_rank_consensus,elite_verification,pd_d192_k3_eval,nonself_rank_consensus,recorded_generator_elites,True,False,24,dev,865402,6963,19,12.494266883668857,True,29
pd_d192_k3_eval:population_elite:nonself_rank_consensus,elite_verification,pd_d192_k3_eval,nonself_rank_consensus,recorded_generator_elites,True,False,25,test,975584,7930,19,36.93879079284209,False,29
pd_d192_k3_eval:population_elite:nonself_rank_consensus,elite_verification,pd_d192_k3_eval,nonself_rank_consensus,recorded_generator_elites,True,False,26,dev,989447,8042,43,85.439859729801,False,4
pd_d192_k3_eval:population_elite:nonself_rank_consensus,elite_verification,pd_d192_k3_eval,nonself_rank_consensus,recorded_generator_elites,True,False,27,test,1063727,8577,27,29.293072492891987,False,29
pd_d192_k3_eval:population_elite:nonself_rank_consensus,elite_verification,pd_d192_k3_eval,nonself_rank_consensus,recorded_generator_elites,True,False,28,dev,1085924,8801,58,14.41435913564607,True,29
pd_d192_k3_eval:population_elite:nonself_rank_consensus,elite_verification,pd_d192_k3_eval,nonself_rank_consensus,recorded_generator_elites,True,False,29,test,1094081,8850,32,13.429345135552952,True,29
pd_d192_k3_eval:population_elite:nonself_rank_consensus,elite_verification,pd_d192_k3_eval,nonself_rank_consensus,recorded_generator_elites,True,False,30,dev,1110912,8958,17,27.300139670633403,False,29
pd_d192_k3_eval:population_elite:nonself_rank_consensus,elite_verification,pd_d192_k3_eval,nonself_rank_consensus,recorded_generator_elites,True,False,31,test,1138763,9240,64,783.9658504889085,False,29
pd_d192_k3_eval:population_elite:nonself_rank_consensus,elite_verification,pd_d192_k3_eval,nonself_rank_consensus,recorded_generator_elites,True,False,32,dev,1207664,9876,74,38.62341225102952,False,29
pd_d192_k3_eval:population_elite:nonself_rank_consensus,elite_verification,pd_d192_k3_eval,nonself_rank_consensus,recorded_generator_elites,True,False,33,test,1320555,10683,97,451.2370145817299,False,29
pd_d192_k3_eval:population_elite:nonself_rank_consensus,elite_verification,pd_d192_k3_eval,nonself_rank_consensus,recorded_generator_elites,True,False,34,dev,1338312,10833,60,12.974747316798457,True,29
pd_d192_k3_eval:population_elite:nonself_rank_consensus,elite_verification,pd_d192_k3_eval,nonself_rank_consensus,recorded_generator_elites,True,False,35,test,1370443,11060,102,19.215711557706225,True,29
pd_d192_k3_eval:population_elite:nonself_rank_consensus,elite_verification,pd_d192_k3_eval,nonself_rank_consensus,recorded_generator_elites,True,False,36,dev,1371767,11069,94,16.629456619184932,True,29
pd_d192_k3_eval:population_elite:nonself_rank_consensus,elite_verification,pd_d192_k3_eval,nonself_rank_consensus,recorded_generator_elites,True,False,37,test,1497457,11995,44,20.124435173023247,True,29
pd_d192_k3_eval:population_elite:nonself_rank_consensus,elite_verification,pd_d192_k3_eval,nonself_rank_consensus,recorded_generator_elites,True,False,38,dev,1582932,12595,49,4.424139186051941,True,29
pd_d192_k3_eval:population_elite:nonself_rank_consensus,elite_verification,pd_d192_k3_eval,nonself_rank_consensus,recorded_generator_elites,True,False,39,test,1592283,12683,2,13.399126376294825,True,29
pd_d192_k3_eval:population_elite:nonself_rank_consensus,elite_verification,pd_d192_k3_eval,nonself_rank_consensus,recorded_generator_elites,True,False,40,dev,1751762,13940,70,16.254982497734847,True,29
pd_d192_k3_eval:population_elite:nonself_rank_consensus,elite_verification,pd_d192_k3_eval,nonself_rank_consensus,recorded_generator_elites,True,False,41,test,1756693,13968,73,11.563586289028747,True,29
pd_d192_k3_eval:population_elite:nonself_rank_consensus,elite_verification,pd_d192_k3_eval,nonself_rank_consensus,recorded_generator_elites,True,False,42,dev,1789810,14200,119,46.263334415594805,False,29
pd_d192_k3_eval:population_elite:nonself_rank_consensus,elite_verification,pd_d192_k3_eval,nonself_rank_consensus,recorded_generator_elites,True,False,43,test,1791388,14209,50,18.055848906806087,True,29
pd_d192_k3_eval:population_elite:nonself_rank_consensus,elite_verification,pd_d192_k3_eval,nonself_rank_consensus,recorded_generator_elites,True,False,44,dev,1817969,14447,33,14.830182868148965,True,29
pd_d192_k3_eval:population_elite:nonself_rank_consensus,elite_verification,pd_d192_k3_eval,nonself_rank_consensus,recorded_generator_elites,True,False,45,test,1836411,14547,67,533.3231801346576,False,29
pd_d192_k3_eval:population_elite:nonself_rank_consensus,elite_verification,pd_d192_k3_eval,nonself_rank_consensus,recorded_generator_elites,True,False,46,dev,1856976,14700,96,317.9511282788703,False,29
pd_d192_k3_eval:population_elite:nonself_rank_consensus,elite_verification,pd_d192_k3_eval,nonself_rank_consensus,recorded_generator_elites,True,False,47,test,1872550,14853,0,17.507878581246,True,29
pd_d192_k3_eval:population_elite:nonself_rank_consensus,elite_verification,pd_d192_k3_eval,nonself_rank_consensus,recorded_generator_elites,True,False,48,dev,1917206,15248,82,18.774433009103355,True,29
pd_d192_k3_eval:population_elite:nonself_rank_consensus,elite_verification,pd_d192_k3_eval,nonself_rank_consensus,recorded_generator_elites,True,False,49,test,1958883,15683,106,245.2682210014082,False,29
pd_d192_k3_eval:population_elite:nonself_rank_consensus,elite_verification,pd_d192_k3_eval,nonself_rank_consensus,recorded_generator_elites,True,False,50,dev,1996212,15966,38,9.531027333002342,True,29
pd_d192_k3_eval:population_elite:nonself_rank_consensus,elite_verification,pd_d192_k3_eval,nonself_rank_consensus,recorded_generator_elites,True,False,51,test,2027653,16134,150,15.002018087698207,True,29
pd_d192_k3_eval:population_elite:nonself_rank_consensus,elite_verification,pd_d192_k3_eval,nonself_rank_consensus,recorded_generator_elites,True,False,52,dev,2056217,16265,51,20.827495819134274,False,29
pd_d192_k3_eval:population_elite:nonself_rank_consensus,elite_verification,pd_d192_k3_eval,nonself_rank_consensus,recorded_generator_elites,True,False,53,test,2131015,16989,23,110.67693641313761,False,29
pd_d192_k3_eval:population_elite:nonself_rank_consensus,elite_verification,pd_d192_k3_eval,nonself_rank_consensus,recorded_generator_elites,True,False,54,dev,2162795,17252,52,16.56905846573359,True,29
pd_d192_k3_eval:population_elite:nonself_rank_consensus,elite_verification,pd_d192_k3_eval,nonself_rank_consensus,recorded_generator_elites,True,False,55,test,2227454,17719,45,18.41607083836817,True,29
pd_d192_k3_eval:population_elite:nonself_rank_consensus,elite_verification,pd_d192_k3_eval,nonself_rank_consensus,recorded_generator_elites,True,False,56,dev,2237502,17787,47,20.04783915345073,True,29
pd_d192_k3_eval:population_elite:nonself_rank_consensus,elite_verification,pd_d192_k3_eval,nonself_rank_consensus,recorded_generator_elites,True,False,57,test,2278535,18089,35,63.383540487042126,False,9
pd_d192_k3_eval:population_elite:nonself_rank_consensus,elite_verification,pd_d192_k3_eval,nonself_rank_consensus,recorded_generator_elites,True,False,58,dev,2315577,18491,19,20.826859265278994,False,29
pd_d192_k3_eval:population_elite:nonself_rank_consensus,elite_verification,pd_d192_k3_eval,nonself_rank_consensus,recorded_generator_elites,True,False,59,test,2329977,18625,21,325.04781984677027,False,29
portfolio:returned:score_by_pd_d192_k3_eval,multi_proposer_portfolio,all,pd_d192_k3_eval,all_returned_means,True,False,0,dev,30633,278,9,14.565883311376645,True,29
portfolio:returned:score_by_pd_d192_k3_eval,multi_proposer_portfolio,all,pd_d192_k3_eval,all_returned_means,True,False,1,test,43081,380,39,22.47224416874468,False,29
portfolio:returned:score_by_pd_d192_k3_eval,multi_proposer_portfolio,all,pd_d192_k3_eval,all_returned_means,True,False,2,dev,68887,624,90,121.97502452501479,False,29
portfolio:returned:score_by_pd_d192_k3_eval,multi_proposer_portfolio,all,pd_d192_k3_eval,all_returned_means,True,False,3,test,143460,1172,0,461.0571524036827,False,29
portfolio:returned:score_by_pd_d192_k3_eval,multi_proposer_portfolio,all,pd_d192_k3_eval,all_returned_means,True,False,4,dev,161350,1326,6,87.37559648775289,False,29
portfolio:returned:score_by_pd_d192_k3_eval,multi_proposer_portfolio,all,pd_d192_k3_eval,all_returned_means,True,False,5,test,164138,1343,91,17.060775102382724,True,29
portfolio:returned:score_by_pd_d192_k3_eval,multi_proposer_portfolio,all,pd_d192_k3_eval,all_returned_means,True,False,6,dev,283976,2392,36,15.328309121473763,True,29
portfolio:returned:score_by_pd_d192_k3_eval,multi_proposer_portfolio,all,pd_d192_k3_eval,all_returned_means,True,False,7,test,326635,2812,54,19.909126478981687,True,29
portfolio:returned:score_by_pd_d192_k3_eval,multi_proposer_portfolio,all,pd_d192_k3_eval,all_returned_means,True,False,8,dev,377817,3108,5,152.60500121741057,False,29
portfolio:returned:score_by_pd_d192_k3_eval,multi_proposer_portfolio,all,pd_d192_k3_eval,all_returned_means,True,False,9,test,459527,3743,64,36.88325203310997,False,29
portfolio:returned:score_by_pd_d192_k3_eval,multi_proposer_portfolio,all,pd_d192_k3_eval,all_returned_means,True,False,10,dev,471804,3833,11,35.808295752134555,False,29
portfolio:returned:score_by_pd_d192_k3_eval,multi_proposer_portfolio,all,pd_d192_k3_eval,all_returned_means,True,False,11,test,496196,3986,69,88.97546130290078,False,29
portfolio:returned:score_by_pd_d192_k3_eval,multi_proposer_portfolio,all,pd_d192_k3_eval,all_returned_means,True,False,12,dev,502306,4030,19,17.392941174333497,True,29
portfolio:returned:score_by_pd_d192_k3_eval,multi_proposer_portfolio,all,pd_d192_k3_eval,all_returned_means,True,False,13,test,634492,5065,18,17.696510345437478,True,29
portfolio:returned:score_by_pd_d192_k3_eval,multi_proposer_portfolio,all,pd_d192_k3_eval,all_returned_means,True,False,14,dev,658744,5204,46,57.41949901935365,False,29
portfolio:returned:score_by_pd_d192_k3_eval,multi_proposer_portfolio,all,pd_d192_k3_eval,all_returned_means,True,False,15,test,668349,5273,45,12.750893671041526,True,29
portfolio:returned:score_by_pd_d192_k3_eval,multi_proposer_portfolio,all,pd_d192_k3_eval,all_returned_means,True,False,16,dev,704961,5616,16,85.05589980523325,False,29
portfolio:returned:score_by_pd_d192_k3_eval,multi_proposer_portfolio,all,pd_d192_k3_eval,all_returned_means,True,False,17,test,734121,5889,10,159.34226039589234,False,29
portfolio:returned:score_by_pd_d192_k3_eval,multi_proposer_portfolio,all,pd_d192_k3_eval,all_returned_means,True,False,18,dev,746433,5977,36,177.91650331880743,False,29
portfolio:returned:score_by_pd_d192_k3_eval,multi_proposer_portfolio,all,pd_d192_k3_eval,all_returned_means,True,False,19,test,750681,6017,4,93.56366871444514,False,29
portfolio:returned:score_by_pd_d192_k3_eval,multi_proposer_portfolio,all,pd_d192_k3_eval,all_returned_means,True,False,20,dev,768392,6137,24,35.454457709993896,False,29
portfolio:returned:score_by_pd_d192_k3_eval,multi_proposer_portfolio,all,pd_d192_k3_eval,all_returned_means,True,False,21,test,806921,6483,104,111.55996237841646,False,29
portfolio:returned:score_by_pd_d192_k3_eval,multi_proposer_portfolio,all,pd_d192_k3_eval,all_returned_means,True,False,22,dev,818604,6556,34,17.70297324529608,True,29
portfolio:returned:score_by_pd_d192_k3_eval,multi_proposer_portfolio,all,pd_d192_k3_eval,all_returned_means,True,False,23,test,850663,6863,40,64.00361733765405,False,29
portfolio:returned:score_by_pd_d192_k3_eval,multi_proposer_portfolio,all,pd_d192_k3_eval,all_returned_means,True,False,24,dev,865402,6963,19,11.705132076715186,True,29
portfolio:returned:score_by_pd_d192_k3_eval,multi_proposer_portfolio,all,pd_d192_k3_eval,all_returned_means,True,False,25,test,975584,7930,19,36.98466329164917,False,29
portfolio:returned:score_by_pd_d192_k3_eval,multi_proposer_portfolio,all,pd_d192_k3_eval,all_returned_means,True,False,26,dev,989447,8042,43,202.42785020893865,False,29
portfolio:returned:score_by_pd_d192_k3_eval,multi_proposer_portfolio,all,pd_d192_k3_eval,all_returned_means,True,False,27,test,1063727,8577,27,29.11669312173115,False,29
portfolio:returned:score_by_pd_d192_k3_eval,multi_proposer_portfolio,all,pd_d192_k3_eval,all_returned_means,True,False,28,dev,1085924,8801,58,14.604232973658988,True,29
portfolio:returned:score_by_pd_d192_k3_eval,multi_proposer_portfolio,all,pd_d192_k3_eval,all_returned_means,True,False,29,test,1094081,8850,32,13.613525778934626,True,29
portfolio:returned:score_by_pd_d192_k3_eval,multi_proposer_portfolio,all,pd_d192_k3_eval,all_returned_means,True,False,30,dev,1110912,8958,17,27.79064366033146,False,29
portfolio:returned:score_by_pd_d192_k3_eval,multi_proposer_portfolio,all,pd_d192_k3_eval,all_returned_means,True,False,31,test,1138763,9240,64,772.0331332234927,False,29
portfolio:returned:score_by_pd_d192_k3_eval,multi_proposer_portfolio,all,pd_d192_k3_eval,all_returned_means,True,False,32,dev,1207664,9876,74,38.48936552495569,False,29
portfolio:returned:score_by_pd_d192_k3_eval,multi_proposer_portfolio,all,pd_d192_k3_eval,all_returned_means,True,False,33,test,1320555,10683,97,453.1926640108128,False,29
portfolio:returned:score_by_pd_d192_k3_eval,multi_proposer_portfolio,all,pd_d192_k3_eval,all_returned_means,True,False,34,dev,1338312,10833,60,13.138772891812765,True,29
portfolio:returned:score_by_pd_d192_k3_eval,multi_proposer_portfolio,all,pd_d192_k3_eval,all_returned_means,True,False,35,test,1370443,11060,102,18.535138447755234,True,29
portfolio:returned:score_by_pd_d192_k3_eval,multi_proposer_portfolio,all,pd_d192_k3_eval,all_returned_means,True,False,36,dev,1371767,11069,94,16.085563396942426,True,29
portfolio:returned:score_by_pd_d192_k3_eval,multi_proposer_portfolio,all,pd_d192_k3_eval,all_returned_means,True,False,37,test,1497457,11995,44,18.161719997437498,True,29
portfolio:returned:score_by_pd_d192_k3_eval,multi_proposer_portfolio,all,pd_d192_k3_eval,all_returned_means,True,False,38,dev,1582932,12595,49,3.1327966853591227,True,29
portfolio:returned:score_by_pd_d192_k3_eval,multi_proposer_portfolio,all,pd_d192_k3_eval,all_returned_means,True,False,39,test,1592283,12683,2,12.319459486556289,True,29
portfolio:returned:score_by_pd_d192_k3_eval,multi_proposer_portfolio,all,pd_d192_k3_eval,all_returned_means,True,False,40,dev,1751762,13940,70,15.992798243554473,True,29
portfolio:returned:score_by_pd_d192_k3_eval,multi_proposer_portfolio,all,pd_d192_k3_eval,all_returned_means,True,False,41,test,1756693,13968,73,8.813020055958786,True,29
portfolio:returned:score_by_pd_d192_k3_eval,multi_proposer_portfolio,all,pd_d192_k3_eval,all_returned_means,True,False,42,dev,1789810,14200,119,47.08149844862208,False,29
portfolio:returned:score_by_pd_d192_k3_eval,multi_proposer_portfolio,all,pd_d192_k3_eval,all_returned_means,True,False,43,test,1791388,14209,50,14.831138740339993,True,29
portfolio:returned:score_by_pd_d192_k3_eval,multi_proposer_portfolio,all,pd_d192_k3_eval,all_returned_means,True,False,44,dev,1817969,14447,33,12.612460713418969,True,29
portfolio:returned:score_by_pd_d192_k3_eval,multi_proposer_portfolio,all,pd_d192_k3_eval,all_returned_means,True,False,45,test,1836411,14547,67,531.3262213378814,False,29
portfolio:returned:score_by_pd_d192_k3_eval,multi_proposer_portfolio,all,pd_d192_k3_eval,all_returned_means,True,False,46,dev,1856976,14700,96,309.61122405891086,False,29
portfolio:returned:score_by_pd_d192_k3_eval,multi_proposer_portfolio,all,pd_d192_k3_eval,all_returned_means,True,False,47,test,1872550,14853,0,20.879767677516544,True,29
portfolio:returned:score_by_pd_d192_k3_eval,multi_proposer_portfolio,all,pd_d192_k3_eval,all_returned_means,True,False,48,dev,1917206,15248,82,18.105388064811915,True,29
portfolio:returned:score_by_pd_d192_k3_eval,multi_proposer_portfolio,all,pd_d192_k3_eval,all_returned_means,True,False,49,test,1958883,15683,106,235.9223149677199,False,29
portfolio:returned:score_by_pd_d192_k3_eval,multi_proposer_portfolio,all,pd_d192_k3_eval,all_returned_means,True,False,50,dev,1996212,15966,38,20.266221148948055,True,29
portfolio:returned:score_by_pd_d192_k3_eval,multi_proposer_portfolio,all,pd_d192_k3_eval,all_returned_means,True,False,51,test,2027653,16134,150,12.963237174996854,True,29
portfolio:returned:score_by_pd_d192_k3_eval,multi_proposer_portfolio,all,pd_d192_k3_eval,all_returned_means,True,False,52,dev,2056217,16265,51,84.30451445403551,False,29
portfolio:returned:score_by_pd_d192_k3_eval,multi_proposer_portfolio,all,pd_d192_k3_eval,all_returned_means,True,False,53,test,2131015,16989,23,12.331134743308754,True,29
portfolio:returned:score_by_pd_d192_k3_eval,multi_proposer_portfolio,all,pd_d192_k3_eval,all_returned_means,True,False,54,dev,2162795,17252,52,18.454438633687957,True,29
portfolio:returned:score_by_pd_d192_k3_eval,multi_proposer_portfolio,all,pd_d192_k3_eval,all_returned_means,True,False,55,test,2227454,17719,45,18.862374466672556,True,29
portfolio:returned:score_by_pd_d192_k3_eval,multi_proposer_portfolio,all,pd_d192_k3_eval,all_returned_means,True,False,56,dev,2237502,17787,47,19.182756084764737,True,29
portfolio:returned:score_by_pd_d192_k3_eval,multi_proposer_portfolio,all,pd_d192_k3_eval,all_returned_means,True,False,57,test,2278535,18089,35,154.67720625478697,False,29
portfolio:returned:score_by_pd_d192_k3_eval,multi_proposer_portfolio,all,pd_d192_k3_eval,all_returned_means,True,False,58,dev,2315577,18491,19,19.84431385045581,True,29
portfolio:returned:score_by_pd_d192_k3_eval,multi_proposer_portfolio,all,pd_d192_k3_eval,all_returned_means,True,False,59,test,2329977,18625,21,325.8203466720749,False,29
portfolio:returned:rank_consensus,multi_proposer_portfolio,all,all_rank_consensus,all_returned_means,True,False,0,dev,30633,278,9,14.565883311376645,True,29
portfolio:returned:rank_consensus,multi_proposer_portfolio,all,all_rank_consensus,all_returned_means,True,False,1,test,43081,380,39,22.47224416874468,False,29
portfolio:returned:rank_consensus,multi_proposer_portfolio,all,all_rank_consensus,all_returned_means,True,False,2,dev,68887,624,90,121.97502452501479,False,29
portfolio:returned:rank_consensus,multi_proposer_portfolio,all,all_rank_consensus,all_returned_means,True,False,3,test,143460,1172,0,461.0571524036827,False,29
portfolio:returned:rank_consensus,multi_proposer_portfolio,all,all_rank_consensus,all_returned_means,True,False,4,dev,161350,1326,6,87.37559648775289,False,29
portfolio:returned:rank_consensus,multi_proposer_portfolio,all,all_rank_consensus,all_returned_means,True,False,5,test,164138,1343,91,17.060775102382724,True,29
portfolio:returned:rank_consensus,multi_proposer_portfolio,all,all_rank_consensus,all_returned_means,True,False,6,dev,283976,2392,36,15.328309121473763,True,29
portfolio:returned:rank_consensus,multi_proposer_portfolio,all,all_rank_consensus,all_returned_means,True,False,7,test,326635,2812,54,19.909126478981687,True,29
portfolio:returned:rank_consensus,multi_proposer_portfolio,all,all_rank_consensus,all_returned_means,True,False,8,dev,377817,3108,5,152.60500121741057,False,29
portfolio:returned:rank_consensus,multi_proposer_portfolio,all,all_rank_consensus,all_returned_means,True,False,9,test,459527,3743,64,36.88325203310997,False,29
portfolio:returned:rank_consensus,multi_proposer_portfolio,all,all_rank_consensus,all_returned_means,True,False,10,dev,471804,3833,11,35.808295752134555,False,29
portfolio:returned:rank_consensus,multi_proposer_portfolio,all,all_rank_consensus,all_returned_means,True,False,11,test,496196,3986,69,88.97546130290078,False,29
portfolio:returned:rank_consensus,multi_proposer_portfolio,all,all_rank_consensus,all_returned_means,True,False,12,dev,502306,4030,19,17.392941174333497,True,29
portfolio:returned:rank_consensus,multi_proposer_portfolio,all,all_rank_consensus,all_returned_means,True,False,13,test,634492,5065,18,17.696510345437478,True,29
portfolio:returned:rank_consensus,multi_proposer_portfolio,all,all_rank_consensus,all_returned_means,True,False,14,dev,658744,5204,46,57.41949901935365,False,29
portfolio:returned:rank_consensus,multi_proposer_portfolio,all,all_rank_consensus,all_returned_means,True,False,15,test,668349,5273,45,12.750893671041526,True,29
portfolio:returned:rank_consensus,multi_proposer_portfolio,all,all_rank_consensus,all_returned_means,True,False,16,dev,704961,5616,16,85.05589980523325,False,29
portfolio:returned:rank_consensus,multi_proposer_portfolio,all,all_rank_consensus,all_returned_means,True,False,17,test,734121,5889,10,159.34226039589234,False,29
portfolio:returned:rank_consensus,multi_proposer_portfolio,all,all_rank_consensus,all_returned_means,True,False,18,dev,746433,5977,36,177.91650331880743,False,29
portfolio:returned:rank_consensus,multi_proposer_portfolio,all,all_rank_consensus,all_returned_means,True,False,19,test,750681,6017,4,93.56366871444514,False,29
portfolio:returned:rank_consensus,multi_proposer_portfolio,all,all_rank_consensus,all_returned_means,True,False,20,dev,768392,6137,24,35.454457709993896,False,29
portfolio:returned:rank_consensus,multi_proposer_portfolio,all,all_rank_consensus,all_returned_means,True,False,21,test,806921,6483,104,111.55996237841646,False,29
portfolio:returned:rank_consensus,multi_proposer_portfolio,all,all_rank_consensus,all_returned_means,True,False,22,dev,818604,6556,34,17.70297324529608,True,29
portfolio:returned:rank_consensus,multi_proposer_portfolio,all,all_rank_consensus,all_returned_means,True,False,23,test,850663,6863,40,64.00361733765405,False,29
portfolio:returned:rank_consensus,multi_proposer_portfolio,all,all_rank_consensus,all_returned_means,True,False,24,dev,865402,6963,19,11.705132076715186,True,29
portfolio:returned:rank_consensus,multi_proposer_portfolio,all,all_rank_consensus,all_returned_means,True,False,25,test,975584,7930,19,36.98466329164917,False,29
portfolio:returned:rank_consensus,multi_proposer_portfolio,all,all_rank_consensus,all_returned_means,True,False,26,dev,989447,8042,43,202.42785020893865,False,29
portfolio:returned:rank_consensus,multi_proposer_portfolio,all,all_rank_consensus,all_returned_means,True,False,27,test,1063727,8577,27,29.11669312173115,False,29
portfolio:returned:rank_consensus,multi_proposer_portfolio,all,all_rank_consensus,all_returned_means,True,False,28,dev,1085924,8801,58,14.604232973658988,True,29
portfolio:returned:rank_consensus,multi_proposer_portfolio,all,all_rank_consensus,all_returned_means,True,False,29,test,1094081,8850,32,13.613525778934626,True,29
portfolio:returned:rank_consensus,multi_proposer_portfolio,all,all_rank_consensus,all_returned_means,True,False,30,dev,1110912,8958,17,27.79064366033146,False,29
portfolio:returned:rank_consensus,multi_proposer_portfolio,all,all_rank_consensus,all_returned_means,True,False,31,test,1138763,9240,64,772.0331332234927,False,29
portfolio:returned:rank_consensus,multi_proposer_portfolio,all,all_rank_consensus,all_returned_means,True,False,32,dev,1207664,9876,74,38.48936552495569,False,29
portfolio:returned:rank_consensus,multi_proposer_portfolio,all,all_rank_consensus,all_returned_means,True,False,33,test,1320555,10683,97,453.1926640108128,False,29
portfolio:returned:rank_consensus,multi_proposer_portfolio,all,all_rank_consensus,all_returned_means,True,False,34,dev,1338312,10833,60,13.138772891812765,True,29
portfolio:returned:rank_consensus,multi_proposer_portfolio,all,all_rank_consensus,all_returned_means,True,False,35,test,1370443,11060,102,18.535138447755234,True,29
portfolio:returned:rank_consensus,multi_proposer_portfolio,all,all_rank_consensus,all_returned_means,True,False,36,dev,1371767,11069,94,16.085563396942426,True,29
portfolio:returned:rank_consensus,multi_proposer_portfolio,all,all_rank_consensus,all_returned_means,True,False,37,test,1497457,11995,44,18.161719997437498,True,29
portfolio:returned:rank_consensus,multi_proposer_portfolio,all,all_rank_consensus,all_returned_means,True,False,38,dev,1582932,12595,49,3.1327966853591227,True,29
portfolio:returned:rank_consensus,multi_proposer_portfolio,all,all_rank_consensus,all_returned_means,True,False,39,test,1592283,12683,2,12.319459486556289,True,29
portfolio:returned:rank_consensus,multi_proposer_portfolio,all,all_rank_consensus,all_returned_means,True,False,40,dev,1751762,13940,70,15.992798243554473,True,29
portfolio:returned:rank_consensus,multi_proposer_portfolio,all,all_rank_consensus,all_returned_means,True,False,41,test,1756693,13968,73,8.813020055958786,True,29
portfolio:returned:rank_consensus,multi_proposer_portfolio,all,all_rank_consensus,all_returned_means,True,False,42,dev,1789810,14200,119,47.08149844862208,False,29
portfolio:returned:rank_consensus,multi_proposer_portfolio,all,all_rank_consensus,all_returned_means,True,False,43,test,1791388,14209,50,14.831138740339993,True,29
portfolio:returned:rank_consensus,multi_proposer_portfolio,all,all_rank_consensus,all_returned_means,True,False,44,dev,1817969,14447,33,12.612460713418969,True,29
portfolio:returned:rank_consensus,multi_proposer_portfolio,all,all_rank_consensus,all_returned_means,True,False,45,test,1836411,14547,67,531.3262213378814,False,29
portfolio:returned:rank_consensus,multi_proposer_portfolio,all,all_rank_consensus,all_returned_means,True,False,46,dev,1856976,14700,96,309.61122405891086,False,29
portfolio:returned:rank_consensus,multi_proposer_portfolio,all,all_rank_consensus,all_returned_means,True,False,47,test,1872550,14853,0,20.879767677516544,True,29
portfolio:returned:rank_consensus,multi_proposer_portfolio,all,all_rank_consensus,all_returned_means,True,False,48,dev,1917206,15248,82,18.105388064811915,True,29
portfolio:returned:rank_consensus,multi_proposer_portfolio,all,all_rank_consensus,all_returned_means,True,False,49,test,1958883,15683,106,235.9223149677199,False,29
portfolio:returned:rank_consensus,multi_proposer_portfolio,all,all_rank_consensus,all_returned_means,True,False,50,dev,1996212,15966,38,20.266221148948055,True,29
portfolio:returned:rank_consensus,multi_proposer_portfolio,all,all_rank_consensus,all_returned_means,True,False,51,test,2027653,16134,150,12.963237174996854,True,29
portfolio:returned:rank_consensus,multi_proposer_portfolio,all,all_rank_consensus,all_returned_means,True,False,52,dev,2056217,16265,51,84.30451445403551,False,29
portfolio:returned:rank_consensus,multi_proposer_portfolio,all,all_rank_consensus,all_returned_means,True,False,53,test,2131015,16989,23,12.331134743308754,True,29
portfolio:returned:rank_consensus,multi_proposer_portfolio,all,all_rank_consensus,all_returned_means,True,False,54,dev,2162795,17252,52,18.454438633687957,True,29
portfolio:returned:rank_consensus,multi_proposer_portfolio,all,all_rank_consensus,all_returned_means,True,False,55,test,2227454,17719,45,18.862374466672556,True,29
portfolio:returned:rank_consensus,multi_proposer_portfolio,all,all_rank_consensus,all_returned_means,True,False,56,dev,2237502,17787,47,19.182756084764737,True,29
portfolio:returned:rank_consensus,multi_proposer_portfolio,all,all_rank_consensus,all_returned_means,True,False,57,test,2278535,18089,35,154.67720625478697,False,29
portfolio:returned:rank_consensus,multi_proposer_portfolio,all,all_rank_consensus,all_returned_means,True,False,58,dev,2315577,18491,19,19.84431385045581,True,29
portfolio:returned:rank_consensus,multi_proposer_portfolio,all,all_rank_consensus,all_returned_means,True,False,59,test,2329977,18625,21,325.8203466720749,False,29
portfolio:returned:oracle,oracle_ceiling,all,true_simulator_cost,all_returned_means,False,False,0,dev,30633,278,9,14.565883311376645,True,29
portfolio:returned:oracle,oracle_ceiling,all,true_simulator_cost,all_returned_means,False,False,1,test,43081,380,39,18.60598540556073,True,19
portfolio:returned:oracle,oracle_ceiling,all,true_simulator_cost,all_returned_means,False,False,2,dev,68887,624,90,121.97502452501479,False,29
portfolio:returned:oracle,oracle_ceiling,all,true_simulator_cost,all_returned_means,False,False,3,test,143460,1172,0,412.4461872788333,False,4
portfolio:returned:oracle,oracle_ceiling,all,true_simulator_cost,all_returned_means,False,False,4,dev,161350,1326,6,87.1102947566422,False,19
portfolio:returned:oracle,oracle_ceiling,all,true_simulator_cost,all_returned_means,False,False,5,test,164138,1343,91,17.060775102382724,True,29
portfolio:returned:oracle,oracle_ceiling,all,true_simulator_cost,all_returned_means,False,False,6,dev,283976,2392,36,15.110150832830168,True,19
portfolio:returned:oracle,oracle_ceiling,all,true_simulator_cost,all_returned_means,False,False,7,test,326635,2812,54,19.26545033855619,True,19
portfolio:returned:oracle,oracle_ceiling,all,true_simulator_cost,all_returned_means,False,False,8,dev,377817,3108,5,152.60500121741057,False,29
portfolio:returned:oracle,oracle_ceiling,all,true_simulator_cost,all_returned_means,False,False,9,test,459527,3743,64,36.88325203310997,False,29
portfolio:returned:oracle,oracle_ceiling,all,true_simulator_cost,all_returned_means,False,False,10,dev,471804,3833,11,33.37119027869222,False,19
portfolio:returned:oracle,oracle_ceiling,all,true_simulator_cost,all_returned_means,False,False,11,test,496196,3986,69,59.62058188581418,False,4
portfolio:returned:oracle,oracle_ceiling,all,true_simulator_cost,all_returned_means,False,False,12,dev,502306,4030,19,15.960416002802916,True,9
portfolio:returned:oracle,oracle_ceiling,all,true_simulator_cost,all_returned_means,False,False,13,test,634492,5065,18,12.41484278772626,True,4
portfolio:returned:oracle,oracle_ceiling,all,true_simulator_cost,all_returned_means,False,False,14,dev,658744,5204,46,30.877707757212775,False,9
portfolio:returned:oracle,oracle_ceiling,all,true_simulator_cost,all_returned_means,False,False,15,test,668349,5273,45,12.750893671041526,True,29
portfolio:returned:oracle,oracle_ceiling,all,true_simulator_cost,all_returned_means,False,False,16,dev,704961,5616,16,55.35918402866156,False,4
portfolio:returned:oracle,oracle_ceiling,all,true_simulator_cost,all_returned_means,False,False,17,test,734121,5889,10,148.11081079068958,False,9
portfolio:returned:oracle,oracle_ceiling,all,true_simulator_cost,all_returned_means,False,False,18,dev,746433,5977,36,168.9745150769305,False,19
portfolio:returned:oracle,oracle_ceiling,all,true_simulator_cost,all_returned_means,False,False,19,test,750681,6017,4,68.88787205732274,False,9
portfolio:returned:oracle,oracle_ceiling,all,true_simulator_cost,all_returned_means,False,False,20,dev,768392,6137,24,20.762094153412757,True,4
portfolio:returned:oracle,oracle_ceiling,all,true_simulator_cost,all_returned_means,False,False,21,test,806921,6483,104,107.8558350466926,False,4
portfolio:returned:oracle,oracle_ceiling,all,true_simulator_cost,all_returned_means,False,False,22,dev,818604,6556,34,17.70297324529608,True,29
portfolio:returned:oracle,oracle_ceiling,all,true_simulator_cost,all_returned_means,False,False,23,test,850663,6863,40,59.23100496910951,False,9
portfolio:returned:oracle,oracle_ceiling,all,true_simulator_cost,all_returned_means,False,False,24,dev,865402,6963,19,11.705132076715186,True,29
portfolio:returned:oracle,oracle_ceiling,all,true_simulator_cost,all_returned_means,False,False,25,test,975584,7930,19,36.98466329164917,False,29
portfolio:returned:oracle,oracle_ceiling,all,true_simulator_cost,all_returned_means,False,False,26,dev,989447,8042,43,179.7807788792763,False,4
portfolio:returned:oracle,oracle_ceiling,all,true_simulator_cost,all_returned_means,False,False,27,test,1063727,8577,27,26.028757587047977,False,9
portfolio:returned:oracle,oracle_ceiling,all,true_simulator_cost,all_returned_means,False,False,28,dev,1085924,8801,58,14.604232973658988,True,29
portfolio:returned:oracle,oracle_ceiling,all,true_simulator_cost,all_returned_means,False,False,29,test,1094081,8850,32,10.96030204662622,True,19
portfolio:returned:oracle,oracle_ceiling,all,true_simulator_cost,all_returned_means,False,False,30,dev,1110912,8958,17,27.79064366033146,False,29
portfolio:returned:oracle,oracle_ceiling,all,true_simulator_cost,all_returned_means,False,False,31,test,1138763,9240,64,447.53450621565526,False,4
portfolio:returned:oracle,oracle_ceiling,all,true_simulator_cost,all_returned_means,False,False,32,dev,1207664,9876,74,38.48936552495569,False,29
portfolio:returned:oracle,oracle_ceiling,all,true_simulator_cost,all_returned_means,False,False,33,test,1320555,10683,97,274.92182489980934,False,4
portfolio:returned:oracle,oracle_ceiling,all,true_simulator_cost,all_returned_means,False,False,34,dev,1338312,10833,60,12.561643257903874,True,19
portfolio:returned:oracle,oracle_ceiling,all,true_simulator_cost,all_returned_means,False,False,35,test,1370443,11060,102,10.996062098149935,True,9
portfolio:returned:oracle,oracle_ceiling,all,true_simulator_cost,all_returned_means,False,False,36,dev,1371767,11069,94,16.085563396942426,True,29
portfolio:returned:oracle,oracle_ceiling,all,true_simulator_cost,all_returned_means,False,False,37,test,1497457,11995,44,18.161719997437498,True,29
portfolio:returned:oracle,oracle_ceiling,all,true_simulator_cost,all_returned_means,False,False,38,dev,1582932,12595,49,3.1327966853591227,True,29
portfolio:returned:oracle,oracle_ceiling,all,true_simulator_cost,all_returned_means,False,False,39,test,1592283,12683,2,11.736176520138336,True,19
portfolio:returned:oracle,oracle_ceiling,all,true_simulator_cost,all_returned_means,False,False,40,dev,1751762,13940,70,15.168985507011795,True,19
portfolio:returned:oracle,oracle_ceiling,all,true_simulator_cost,all_returned_means,False,False,41,test,1756693,13968,73,8.813020055958786,True,29
portfolio:returned:oracle,oracle_ceiling,all,true_simulator_cost,all_returned_means,False,False,42,dev,1789810,14200,119,23.524449143608624,False,4
portfolio:returned:oracle,oracle_ceiling,all,true_simulator_cost,all_returned_means,False,False,43,test,1791388,14209,50,10.886594613564549,True,9
portfolio:returned:oracle,oracle_ceiling,all,true_simulator_cost,all_returned_means,False,False,44,dev,1817969,14447,33,9.715739592245233,True,19
portfolio:returned:oracle,oracle_ceiling,all,true_simulator_cost,all_returned_means,False,False,45,test,1836411,14547,67,323.0713624439529,False,4
portfolio:returned:oracle,oracle_ceiling,all,true_simulator_cost,all_returned_means,False,False,46,dev,1856976,14700,96,159.00302264892838,False,4
portfolio:returned:oracle,oracle_ceiling,all,true_simulator_cost,all_returned_means,False,False,47,test,1872550,14853,0,20.879767677516544,True,29
portfolio:returned:oracle,oracle_ceiling,all,true_simulator_cost,all_returned_means,False,False,48,dev,1917206,15248,82,17.430145369873543,True,4
portfolio:returned:oracle,oracle_ceiling,all,true_simulator_cost,all_returned_means,False,False,49,test,1958883,15683,106,129.81252620380212,False,4
portfolio:returned:oracle,oracle_ceiling,all,true_simulator_cost,all_returned_means,False,False,50,dev,1996212,15966,38,8.77699872479299,True,19
portfolio:returned:oracle,oracle_ceiling,all,true_simulator_cost,all_returned_means,False,False,51,test,2027653,16134,150,12.963237174996854,True,29
portfolio:returned:oracle,oracle_ceiling,all,true_simulator_cost,all_returned_means,False,False,52,dev,2056217,16265,51,75.51099481011248,False,9
portfolio:returned:oracle,oracle_ceiling,all,true_simulator_cost,all_returned_means,False,False,53,test,2131015,16989,23,12.331134743308754,True,29
portfolio:returned:oracle,oracle_ceiling,all,true_simulator_cost,all_returned_means,False,False,54,dev,2162795,17252,52,16.670000830463454,True,19
portfolio:returned:oracle,oracle_ceiling,all,true_simulator_cost,all_returned_means,False,False,55,test,2227454,17719,45,15.49410640181715,True,9
portfolio:returned:oracle,oracle_ceiling,all,true_simulator_cost,all_returned_means,False,False,56,dev,2237502,17787,47,19.182756084764737,True,29
portfolio:returned:oracle,oracle_ceiling,all,true_simulator_cost,all_returned_means,False,False,57,test,2278535,18089,35,130.65765999870538,False,4
portfolio:returned:oracle,oracle_ceiling,all,true_simulator_cost,all_returned_means,False,False,58,dev,2315577,18491,19,17.96730240895434,True,4
portfolio:returned:oracle,oracle_ceiling,all,true_simulator_cost,all_returned_means,False,False,59,test,2329977,18625,21,270.8647258675698,False,4
