strategy,family,generator,selector,selection_space,deployable,tuned_on_dev,state_index,split,dataset_row,episode,start,true,success,selected_step
pd_d192_k3_eval:returned:final,baseline,pd_d192_k3_eval,fixed_step_29,returned_means,True,False,0,dev,250130,2075,30,80.25954671030671,False,29
pd_d192_k3_eval:returned:final,baseline,pd_d192_k3_eval,fixed_step_29,returned_means,True,False,1,test,310273,2670,59,13.911138663658376,True,29
pd_d192_k3_eval:returned:final,baseline,pd_d192_k3_eval,fixed_step_29,returned_means,True,False,2,dev,474552,3850,46,25.12291046360643,False,29
pd_d192_k3_eval:returned:final,baseline,pd_d192_k3_eval,fixed_step_29,returned_means,True,False,3,test,852952,6879,85,22.136572061534974,True,29
pd_d192_k3_eval:returned:final,baseline,pd_d192_k3_eval,fixed_step_29,returned_means,True,False,4,dev,1054158,8486,13,18.142151769355173,True,29
pd_d192_k3_eval:returned:final,baseline,pd_d192_k3_eval,fixed_step_29,returned_means,True,False,5,test,1131800,9181,3,28.350893969488276,False,29
pd_d192_k3_eval:returned:final,baseline,pd_d192_k3_eval,fixed_step_29,returned_means,True,False,6,dev,1172631,9572,18,81.60639641889348,False,29
pd_d192_k3_eval:returned:final,baseline,pd_d192_k3_eval,fixed_step_29,returned_means,True,False,7,test,1221675,9978,11,288.31517249918477,False,29
pd_d192_k3_eval:returned:final,baseline,pd_d192_k3_eval,fixed_step_29,returned_means,True,False,8,dev,1588091,12620,83,86.6445651929742,False,29
pd_d192_k3_eval:returned:final,baseline,pd_d192_k3_eval,fixed_step_29,returned_means,True,False,9,test,1901402,15145,80,315.8116671113993,False,29
pd_d192_k3_eval:returned:final,baseline,pd_d192_k3_eval,fixed_step_29,returned_means,True,False,10,dev,1952199,15647,50,6.699698591636034,True,29
pd_d192_k3_eval:returned:final,baseline,pd_d192_k3_eval,fixed_step_29,returned_means,True,False,11,test,2159639,17227,46,11.797731185077506,True,29
pd_d192_k3_eval:returned:fixed_step_0,fixed_round,pd_d192_k3_eval,fixed_step_0,returned_means,True,False,0,dev,250130,2075,30,348.4791332582763,False,0
pd_d192_k3_eval:returned:fixed_step_0,fixed_round,pd_d192_k3_eval,fixed_step_0,returned_means,True,False,1,test,310273,2670,59,36.843164849865474,False,0
pd_d192_k3_eval:returned:fixed_step_0,fixed_round,pd_d192_k3_eval,fixed_step_0,returned_means,True,False,2,dev,474552,3850,46,207.01433164548226,False,0
pd_d192_k3_eval:returned:fixed_step_0,fixed_round,pd_d192_k3_eval,fixed_step_0,returned_means,True,False,3,test,852952,6879,85,90.22915987709963,False,0
pd_d192_k3_eval:returned:fixed_step_0,fixed_round,pd_d192_k3_eval,fixed_step_0,returned_means,True,False,4,dev,1054158,8486,13,178.61078723087863,False,0
pd_d192_k3_eval:returned:fixed_step_0,fixed_round,pd_d192_k3_eval,fixed_step_0,returned_means,True,False,5,test,1131800,9181,3,75.28401012769896,False,0
pd_d192_k3_eval:returned:fixed_step_0,fixed_round,pd_d192_k3_eval,fixed_step_0,returned_means,True,False,6,dev,1172631,9572,18,182.66985687462653,False,0
pd_d192_k3_eval:returned:fixed_step_0,fixed_round,pd_d192_k3_eval,fixed_step_0,returned_means,True,False,7,test,1221675,9978,11,210.71743986982514,False,0
pd_d192_k3_eval:returned:fixed_step_0,fixed_round,pd_d192_k3_eval,fixed_step_0,returned_means,True,False,8,dev,1588091,12620,83,232.29635323658164,False,0
pd_d192_k3_eval:returned:fixed_step_0,fixed_round,pd_d192_k3_eval,fixed_step_0,returned_means,True,False,9,test,1901402,15145,80,223.58575486561153,False,0
pd_d192_k3_eval:returned:fixed_step_0,fixed_round,pd_d192_k3_eval,fixed_step_0,returned_means,True,False,10,dev,1952199,15647,50,18.75159934948576,True,0
pd_d192_k3_eval:returned:fixed_step_0,fixed_round,pd_d192_k3_eval,fixed_step_0,returned_means,True,False,11,test,2159639,17227,46,61.9695724174946,False,0
pd_d192_k3_eval:returned:fixed_step_1,fixed_round,pd_d192_k3_eval,fixed_step_1,returned_means,True,False,0,dev,250130,2075,30,298.50918712371674,False,1
pd_d192_k3_eval:returned:fixed_step_1,fixed_round,pd_d192_k3_eval,fixed_step_1,returned_means,True,False,1,test,310273,2670,59,28.611158739543793,False,1
pd_d192_k3_eval:returned:fixed_step_1,fixed_round,pd_d192_k3_eval,fixed_step_1,returned_means,True,False,2,dev,474552,3850,46,147.93096588602228,False,1
pd_d192_k3_eval:returned:fixed_step_1,fixed_round,pd_d192_k3_eval,fixed_step_1,returned_means,True,False,3,test,852952,6879,85,87.82727373927867,False,1
pd_d192_k3_eval:returned:fixed_step_1,fixed_round,pd_d192_k3_eval,fixed_step_1,returned_means,True,False,4,dev,1054158,8486,13,185.08891295593622,False,1
pd_d192_k3_eval:returned:fixed_step_1,fixed_round,pd_d192_k3_eval,fixed_step_1,returned_means,True,False,5,test,1131800,9181,3,33.3946410123968,False,1
pd_d192_k3_eval:returned:fixed_step_1,fixed_round,pd_d192_k3_eval,fixed_step_1,returned_means,True,False,6,dev,1172631,9572,18,137.2693072157662,False,1
pd_d192_k3_eval:returned:fixed_step_1,fixed_round,pd_d192_k3_eval,fixed_step_1,returned_means,True,False,7,test,1221675,9978,11,185.15933275262321,False,1
pd_d192_k3_eval:returned:fixed_step_1,fixed_round,pd_d192_k3_eval,fixed_step_1,returned_means,True,False,8,dev,1588091,12620,83,188.38424950602584,False,1
pd_d192_k3_eval:returned:fixed_step_1,fixed_round,pd_d192_k3_eval,fixed_step_1,returned_means,True,False,9,test,1901402,15145,80,228.180126728489,False,1
pd_d192_k3_eval:returned:fixed_step_1,fixed_round,pd_d192_k3_eval,fixed_step_1,returned_means,True,False,10,dev,1952199,15647,50,18.66961658827231,True,1
pd_d192_k3_eval:returned:fixed_step_1,fixed_round,pd_d192_k3_eval,fixed_step_1,returned_means,True,False,11,test,2159639,17227,46,43.09072156638053,False,1
pd_d192_k3_eval:returned:fixed_step_2,fixed_round,pd_d192_k3_eval,fixed_step_2,returned_means,True,False,0,dev,250130,2075,30,282.5498523040475,False,2
pd_d192_k3_eval:returned:fixed_step_2,fixed_round,pd_d192_k3_eval,fixed_step_2,returned_means,True,False,1,test,310273,2670,59,20.571767023988524,True,2
pd_d192_k3_eval:returned:fixed_step_2,fixed_round,pd_d192_k3_eval,fixed_step_2,returned_means,True,False,2,dev,474552,3850,46,109.7367416351386,False,2
pd_d192_k3_eval:returned:fixed_step_2,fixed_round,pd_d192_k3_eval,fixed_step_2,returned_means,True,False,3,test,852952,6879,85,85.27279272143512,False,2
pd_d192_k3_eval:returned:fixed_step_2,fixed_round,pd_d192_k3_eval,fixed_step_2,returned_means,True,False,4,dev,1054158,8486,13,178.40875542593074,False,2
pd_d192_k3_eval:returned:fixed_step_2,fixed_round,pd_d192_k3_eval,fixed_step_2,returned_means,True,False,5,test,1131800,9181,3,30.35543752737089,False,2
pd_d192_k3_eval:returned:fixed_step_2,fixed_round,pd_d192_k3_eval,fixed_step_2,returned_means,True,False,6,dev,1172631,9572,18,135.5759681961318,False,2
pd_d192_k3_eval:returned:fixed_step_2,fixed_round,pd_d192_k3_eval,fixed_step_2,returned_means,True,False,7,test,1221675,9978,11,187.90767742143422,False,2
pd_d192_k3_eval:returned:fixed_step_2,fixed_round,pd_d192_k3_eval,fixed_step_2,returned_means,True,False,8,dev,1588091,12620,83,120.00454657673565,False,2
pd_d192_k3_eval:returned:fixed_step_2,fixed_round,pd_d192_k3_eval,fixed_step_2,returned_means,True,False,9,test,1901402,15145,80,233.57406370047224,False,2
pd_d192_k3_eval:returned:fixed_step_2,fixed_round,pd_d192_k3_eval,fixed_step_2,returned_means,True,False,10,dev,1952199,15647,50,19.01554740990979,True,2
pd_d192_k3_eval:returned:fixed_step_2,fixed_round,pd_d192_k3_eval,fixed_step_2,returned_means,True,False,11,test,2159639,17227,46,27.510746577505646,False,2
pd_d192_k3_eval:returned:fixed_step_4,fixed_round,pd_d192_k3_eval,fixed_step_4,returned_means,True,False,0,dev,250130,2075,30,261.3813123434605,False,4
pd_d192_k3_eval:returned:fixed_step_4,fixed_round,pd_d192_k3_eval,fixed_step_4,returned_means,True,False,1,test,310273,2670,59,18.478917881752075,True,4
pd_d192_k3_eval:returned:fixed_step_4,fixed_round,pd_d192_k3_eval,fixed_step_4,returned_means,True,False,2,dev,474552,3850,46,40.00573532590752,False,4
pd_d192_k3_eval:returned:fixed_step_4,fixed_round,pd_d192_k3_eval,fixed_step_4,returned_means,True,False,3,test,852952,6879,85,67.97717137842936,False,4
pd_d192_k3_eval:returned:fixed_step_4,fixed_round,pd_d192_k3_eval,fixed_step_4,returned_means,True,False,4,dev,1054158,8486,13,121.28173935836027,False,4
pd_d192_k3_eval:returned:fixed_step_4,fixed_round,pd_d192_k3_eval,fixed_step_4,returned_means,True,False,5,test,1131800,9181,3,27.644434121103075,False,4
pd_d192_k3_eval:returned:fixed_step_4,fixed_round,pd_d192_k3_eval,fixed_step_4,returned_means,True,False,6,dev,1172631,9572,18,96.81065172365645,False,4
pd_d192_k3_eval:returned:fixed_step_4,fixed_round,pd_d192_k3_eval,fixed_step_4,returned_means,True,False,7,test,1221675,9978,11,201.19724806436938,False,4
pd_d192_k3_eval:returned:fixed_step_4,fixed_round,pd_d192_k3_eval,fixed_step_4,returned_means,True,False,8,dev,1588091,12620,83,59.771535398798704,False,4
pd_d192_k3_eval:returned:fixed_step_4,fixed_round,pd_d192_k3_eval,fixed_step_4,returned_means,True,False,9,test,1901402,15145,80,269.9255448481465,False,4
pd_d192_k3_eval:returned:fixed_step_4,fixed_round,pd_d192_k3_eval,fixed_step_4,returned_means,True,False,10,dev,1952199,15647,50,18.11479662132552,True,4
pd_d192_k3_eval:returned:fixed_step_4,fixed_round,pd_d192_k3_eval,fixed_step_4,returned_means,True,False,11,test,2159639,17227,46,18.730678732319756,True,4
pd_d192_k3_eval:returned:fixed_step_9,fixed_round,pd_d192_k3_eval,fixed_step_9,returned_means,True,False,0,dev,250130,2075,30,272.33384306658957,False,9
pd_d192_k3_eval:returned:fixed_step_9,fixed_round,pd_d192_k3_eval,fixed_step_9,returned_means,True,False,1,test,310273,2670,59,15.131985970135997,True,9
pd_d192_k3_eval:returned:fixed_step_9,fixed_round,pd_d192_k3_eval,fixed_step_9,returned_means,True,False,2,dev,474552,3850,46,25.733312001213115,False,9
pd_d192_k3_eval:returned:fixed_step_9,fixed_round,pd_d192_k3_eval,fixed_step_9,returned_means,True,False,3,test,852952,6879,85,38.978476489573474,False,9
pd_d192_k3_eval:returned:fixed_step_9,fixed_round,pd_d192_k3_eval,fixed_step_9,returned_means,True,False,4,dev,1054158,8486,13,36.09156935539018,False,9
pd_d192_k3_eval:returned:fixed_step_9,fixed_round,pd_d192_k3_eval,fixed_step_9,returned_means,True,False,5,test,1131800,9181,3,23.39619807590468,False,9
pd_d192_k3_eval:returned:fixed_step_9,fixed_round,pd_d192_k3_eval,fixed_step_9,returned_means,True,False,6,dev,1172631,9572,18,89.95576718808566,False,9
pd_d192_k3_eval:returned:fixed_step_9,fixed_round,pd_d192_k3_eval,fixed_step_9,returned_means,True,False,7,test,1221675,9978,11,228.80643805014668,False,9
pd_d192_k3_eval:returned:fixed_step_9,fixed_round,pd_d192_k3_eval,fixed_step_9,returned_means,True,False,8,dev,1588091,12620,83,97.85939694687217,False,9
pd_d192_k3_eval:returned:fixed_step_9,fixed_round,pd_d192_k3_eval,fixed_step_9,returned_means,True,False,9,test,1901402,15145,80,323.83727307049963,False,9
pd_d192_k3_eval:returned:fixed_step_9,fixed_round,pd_d192_k3_eval,fixed_step_9,returned_means,True,False,10,dev,1952199,15647,50,16.013710537535037,True,9
pd_d192_k3_eval:returned:fixed_step_9,fixed_round,pd_d192_k3_eval,fixed_step_9,returned_means,True,False,11,test,2159639,17227,46,18.840593499907172,True,9
pd_d192_k3_eval:returned:fixed_step_19,fixed_round,pd_d192_k3_eval,fixed_step_19,returned_means,True,False,0,dev,250130,2075,30,218.20442849718268,False,19
pd_d192_k3_eval:returned:fixed_step_19,fixed_round,pd_d192_k3_eval,fixed_step_19,returned_means,True,False,1,test,310273,2670,59,18.832494732061175,True,19
pd_d192_k3_eval:returned:fixed_step_19,fixed_round,pd_d192_k3_eval,fixed_step_19,returned_means,True,False,2,dev,474552,3850,46,25.17538001981008,False,19
pd_d192_k3_eval:returned:fixed_step_19,fixed_round,pd_d192_k3_eval,fixed_step_19,returned_means,True,False,3,test,852952,6879,85,26.775676225089104,False,19
pd_d192_k3_eval:returned:fixed_step_19,fixed_round,pd_d192_k3_eval,fixed_step_19,returned_means,True,False,4,dev,1054158,8486,13,23.96659863446846,False,19
pd_d192_k3_eval:returned:fixed_step_19,fixed_round,pd_d192_k3_eval,fixed_step_19,returned_means,True,False,5,test,1131800,9181,3,25.766789660833815,False,19
pd_d192_k3_eval:returned:fixed_step_19,fixed_round,pd_d192_k3_eval,fixed_step_19,returned_means,True,False,6,dev,1172631,9572,18,77.60793768479353,False,19
pd_d192_k3_eval:returned:fixed_step_19,fixed_round,pd_d192_k3_eval,fixed_step_19,returned_means,True,False,7,test,1221675,9978,11,279.91485453493686,False,19
pd_d192_k3_eval:returned:fixed_step_19,fixed_round,pd_d192_k3_eval,fixed_step_19,returned_means,True,False,8,dev,1588091,12620,83,92.12910299558212,False,19
pd_d192_k3_eval:returned:fixed_step_19,fixed_round,pd_d192_k3_eval,fixed_step_19,returned_means,True,False,9,test,1901402,15145,80,325.6667854858599,False,19
pd_d192_k3_eval:returned:fixed_step_19,fixed_round,pd_d192_k3_eval,fixed_step_19,returned_means,True,False,10,dev,1952199,15647,50,14.997742624836787,True,19
pd_d192_k3_eval:returned:fixed_step_19,fixed_round,pd_d192_k3_eval,fixed_step_19,returned_means,True,False,11,test,2159639,17227,46,14.186502548411923,True,19
pd_d192_k3_eval:returned:fixed_step_29,fixed_round,pd_d192_k3_eval,fixed_step_29,returned_means,True,False,0,dev,250130,2075,30,80.25954671030671,False,29
pd_d192_k3_eval:returned:fixed_step_29,fixed_round,pd_d192_k3_eval,fixed_step_29,returned_means,True,False,1,test,310273,2670,59,13.911138663658376,True,29
pd_d192_k3_eval:returned:fixed_step_29,fixed_round,pd_d192_k3_eval,fixed_step_29,returned_means,True,False,2,dev,474552,3850,46,25.12291046360643,False,29
pd_d192_k3_eval:returned:fixed_step_29,fixed_round,pd_d192_k3_eval,fixed_step_29,returned_means,True,False,3,test,852952,6879,85,22.136572061534974,True,29
pd_d192_k3_eval:returned:fixed_step_29,fixed_round,pd_d192_k3_eval,fixed_step_29,returned_means,True,False,4,dev,1054158,8486,13,18.142151769355173,True,29
pd_d192_k3_eval:returned:fixed_step_29,fixed_round,pd_d192_k3_eval,fixed_step_29,returned_means,True,False,5,test,1131800,9181,3,28.350893969488276,False,29
pd_d192_k3_eval:returned:fixed_step_29,fixed_round,pd_d192_k3_eval,fixed_step_29,returned_means,True,False,6,dev,1172631,9572,18,81.60639641889348,False,29
pd_d192_k3_eval:returned:fixed_step_29,fixed_round,pd_d192_k3_eval,fixed_step_29,returned_means,True,False,7,test,1221675,9978,11,288.31517249918477,False,29
pd_d192_k3_eval:returned:fixed_step_29,fixed_round,pd_d192_k3_eval,fixed_step_29,returned_means,True,False,8,dev,1588091,12620,83,86.6445651929742,False,29
pd_d192_k3_eval:returned:fixed_step_29,fixed_round,pd_d192_k3_eval,fixed_step_29,returned_means,True,False,9,test,1901402,15145,80,315.8116671113993,False,29
pd_d192_k3_eval:returned:fixed_step_29,fixed_round,pd_d192_k3_eval,fixed_step_29,returned_means,True,False,10,dev,1952199,15647,50,6.699698591636034,True,29
pd_d192_k3_eval:returned:fixed_step_29,fixed_round,pd_d192_k3_eval,fixed_step_29,returned_means,True,False,11,test,2159639,17227,46,11.797731185077506,True,29
pd_d192_k3_eval:returned:dev_best_round,dev_tuned_fixed_round,pd_d192_k3_eval,fixed_step_29,returned_means,True,True,0,dev,250130,2075,30,80.25954671030671,False,29
pd_d192_k3_eval:returned:dev_best_round,dev_tuned_fixed_round,pd_d192_k3_eval,fixed_step_29,returned_means,True,True,1,test,310273,2670,59,13.911138663658376,True,29
pd_d192_k3_eval:returned:dev_best_round,dev_tuned_fixed_round,pd_d192_k3_eval,fixed_step_29,returned_means,True,True,2,dev,474552,3850,46,25.12291046360643,False,29
pd_d192_k3_eval:returned:dev_best_round,dev_tuned_fixed_round,pd_d192_k3_eval,fixed_step_29,returned_means,True,True,3,test,852952,6879,85,22.136572061534974,True,29
pd_d192_k3_eval:returned:dev_best_round,dev_tuned_fixed_round,pd_d192_k3_eval,fixed_step_29,returned_means,True,True,4,dev,1054158,8486,13,18.142151769355173,True,29
pd_d192_k3_eval:returned:dev_best_round,dev_tuned_fixed_round,pd_d192_k3_eval,fixed_step_29,returned_means,True,True,5,test,1131800,9181,3,28.350893969488276,False,29
pd_d192_k3_eval:returned:dev_best_round,dev_tuned_fixed_round,pd_d192_k3_eval,fixed_step_29,returned_means,True,True,6,dev,1172631,9572,18,81.60639641889348,False,29
pd_d192_k3_eval:returned:dev_best_round,dev_tuned_fixed_round,pd_d192_k3_eval,fixed_step_29,returned_means,True,True,7,test,1221675,9978,11,288.31517249918477,False,29
pd_d192_k3_eval:returned:dev_best_round,dev_tuned_fixed_round,pd_d192_k3_eval,fixed_step_29,returned_means,True,True,8,dev,1588091,12620,83,86.6445651929742,False,29
pd_d192_k3_eval:returned:dev_best_round,dev_tuned_fixed_round,pd_d192_k3_eval,fixed_step_29,returned_means,True,True,9,test,1901402,15145,80,315.8116671113993,False,29
pd_d192_k3_eval:returned:dev_best_round,dev_tuned_fixed_round,pd_d192_k3_eval,fixed_step_29,returned_means,True,True,10,dev,1952199,15647,50,6.699698591636034,True,29
pd_d192_k3_eval:returned:dev_best_round,dev_tuned_fixed_round,pd_d192_k3_eval,fixed_step_29,returned_means,True,True,11,test,2159639,17227,46,11.797731185077506,True,29
pd_d192_k3_eval:returned:score_by_pd_d192_k3_eval,round_verification,pd_d192_k3_eval,pd_d192_k3_eval,returned_means,True,False,0,dev,250130,2075,30,80.25954671030671,False,29
pd_d192_k3_eval:returned:score_by_pd_d192_k3_eval,round_verification,pd_d192_k3_eval,pd_d192_k3_eval,returned_means,True,False,1,test,310273,2670,59,13.911138663658376,True,29
pd_d192_k3_eval:returned:score_by_pd_d192_k3_eval,round_verification,pd_d192_k3_eval,pd_d192_k3_eval,returned_means,True,False,2,dev,474552,3850,46,25.12291046360643,False,29
pd_d192_k3_eval:returned:score_by_pd_d192_k3_eval,round_verification,pd_d192_k3_eval,pd_d192_k3_eval,returned_means,True,False,3,test,852952,6879,85,22.136572061534974,True,29
pd_d192_k3_eval:returned:score_by_pd_d192_k3_eval,round_verification,pd_d192_k3_eval,pd_d192_k3_eval,returned_means,True,False,4,dev,1054158,8486,13,18.142151769355173,True,29
pd_d192_k3_eval:returned:score_by_pd_d192_k3_eval,round_verification,pd_d192_k3_eval,pd_d192_k3_eval,returned_means,True,False,5,test,1131800,9181,3,28.350893969488276,False,29
pd_d192_k3_eval:returned:score_by_pd_d192_k3_eval,round_verification,pd_d192_k3_eval,pd_d192_k3_eval,returned_means,True,False,6,dev,1172631,9572,18,81.60639641889348,False,29
pd_d192_k3_eval:returned:score_by_pd_d192_k3_eval,round_verification,pd_d192_k3_eval,pd_d192_k3_eval,returned_means,True,False,7,test,1221675,9978,11,288.31517249918477,False,29
pd_d192_k3_eval:returned:score_by_pd_d192_k3_eval,round_verification,pd_d192_k3_eval,pd_d192_k3_eval,returned_means,True,False,8,dev,1588091,12620,83,86.6445651929742,False,29
pd_d192_k3_eval:returned:score_by_pd_d192_k3_eval,round_verification,pd_d192_k3_eval,pd_d192_k3_eval,returned_means,True,False,9,test,1901402,15145,80,315.8116671113993,False,29
pd_d192_k3_eval:returned:score_by_pd_d192_k3_eval,round_verification,pd_d192_k3_eval,pd_d192_k3_eval,returned_means,True,False,10,dev,1952199,15647,50,6.699698591636034,True,29
pd_d192_k3_eval:returned:score_by_pd_d192_k3_eval,round_verification,pd_d192_k3_eval,pd_d192_k3_eval,returned_means,True,False,11,test,2159639,17227,46,11.797731185077506,True,29
pd_d192_k3_eval:returned:score_by_iter2_multistep_eval,round_verification,pd_d192_k3_eval,iter2_multistep_eval,returned_means,True,False,0,dev,250130,2075,30,80.25954671030671,False,29
pd_d192_k3_eval:returned:score_by_iter2_multistep_eval,round_verification,pd_d192_k3_eval,iter2_multistep_eval,returned_means,True,False,1,test,310273,2670,59,13.911138663658376,True,29
pd_d192_k3_eval:returned:score_by_iter2_multistep_eval,round_verification,pd_d192_k3_eval,iter2_multistep_eval,returned_means,True,False,2,dev,474552,3850,46,25.17538001981008,False,19
pd_d192_k3_eval:returned:score_by_iter2_multistep_eval,round_verification,pd_d192_k3_eval,iter2_multistep_eval,returned_means,True,False,3,test,852952,6879,85,22.136572061534974,True,29
pd_d192_k3_eval:returned:score_by_iter2_multistep_eval,round_verification,pd_d192_k3_eval,iter2_multistep_eval,returned_means,True,False,4,dev,1054158,8486,13,18.142151769355173,True,29
pd_d192_k3_eval:returned:score_by_iter2_multistep_eval,round_verification,pd_d192_k3_eval,iter2_multistep_eval,returned_means,True,False,5,test,1131800,9181,3,27.644434121103075,False,4
pd_d192_k3_eval:returned:score_by_iter2_multistep_eval,round_verification,pd_d192_k3_eval,iter2_multistep_eval,returned_means,True,False,6,dev,1172631,9572,18,81.60639641889348,False,29
pd_d192_k3_eval:returned:score_by_iter2_multistep_eval,round_verification,pd_d192_k3_eval,iter2_multistep_eval,returned_means,True,False,7,test,1221675,9978,11,288.31517249918477,False,29
pd_d192_k3_eval:returned:score_by_iter2_multistep_eval,round_verification,pd_d192_k3_eval,iter2_multistep_eval,returned_means,True,False,8,dev,1588091,12620,83,59.771535398798704,False,4
pd_d192_k3_eval:returned:score_by_iter2_multistep_eval,round_verification,pd_d192_k3_eval,iter2_multistep_eval,returned_means,True,False,9,test,1901402,15145,80,315.8116671113993,False,29
pd_d192_k3_eval:returned:score_by_iter2_multistep_eval,round_verification,pd_d192_k3_eval,iter2_multistep_eval,returned_means,True,False,10,dev,1952199,15647,50,14.997742624836787,True,19
pd_d192_k3_eval:returned:score_by_iter2_multistep_eval,round_verification,pd_d192_k3_eval,iter2_multistep_eval,returned_means,True,False,11,test,2159639,17227,46,14.186502548411923,True,19
pd_d192_k3_eval:returned:score_by_pd_d192_k10_eval,round_verification,pd_d192_k3_eval,pd_d192_k10_eval,returned_means,True,False,0,dev,250130,2075,30,80.25954671030671,False,29
pd_d192_k3_eval:returned:score_by_pd_d192_k10_eval,round_verification,pd_d192_k3_eval,pd_d192_k10_eval,returned_means,True,False,1,test,310273,2670,59,13.911138663658376,True,29
pd_d192_k3_eval:returned:score_by_pd_d192_k10_eval,round_verification,pd_d192_k3_eval,pd_d192_k10_eval,returned_means,True,False,2,dev,474552,3850,46,40.00573532590752,False,4
pd_d192_k3_eval:returned:score_by_pd_d192_k10_eval,round_verification,pd_d192_k3_eval,pd_d192_k10_eval,returned_means,True,False,3,test,852952,6879,85,22.136572061534974,True,29
pd_d192_k3_eval:returned:score_by_pd_d192_k10_eval,round_verification,pd_d192_k3_eval,pd_d192_k10_eval,returned_means,True,False,4,dev,1054158,8486,13,18.142151769355173,True,29
pd_d192_k3_eval:returned:score_by_pd_d192_k10_eval,round_verification,pd_d192_k3_eval,pd_d192_k10_eval,returned_means,True,False,5,test,1131800,9181,3,23.39619807590468,False,9
pd_d192_k3_eval:returned:score_by_pd_d192_k10_eval,round_verification,pd_d192_k3_eval,pd_d192_k10_eval,returned_means,True,False,6,dev,1172631,9572,18,96.81065172365645,False,4
pd_d192_k3_eval:returned:score_by_pd_d192_k10_eval,round_verification,pd_d192_k3_eval,pd_d192_k10_eval,returned_means,True,False,7,test,1221675,9978,11,288.31517249918477,False,29
pd_d192_k3_eval:returned:score_by_pd_d192_k10_eval,round_verification,pd_d192_k3_eval,pd_d192_k10_eval,returned_means,True,False,8,dev,1588091,12620,83,59.771535398798704,False,4
pd_d192_k3_eval:returned:score_by_pd_d192_k10_eval,round_verification,pd_d192_k3_eval,pd_d192_k10_eval,returned_means,True,False,9,test,1901402,15145,80,325.6667854858599,False,19
pd_d192_k3_eval:returned:score_by_pd_d192_k10_eval,round_verification,pd_d192_k3_eval,pd_d192_k10_eval,returned_means,True,False,10,dev,1952199,15647,50,19.01554740990979,True,2
pd_d192_k3_eval:returned:score_by_pd_d192_k10_eval,round_verification,pd_d192_k3_eval,pd_d192_k10_eval,returned_means,True,False,11,test,2159639,17227,46,11.797731185077506,True,29
pd_d192_k3_eval:returned:consensus,round_verification,pd_d192_k3_eval,all_rank_consensus,returned_means,True,False,0,dev,250130,2075,30,80.25954671030671,False,29
pd_d192_k3_eval:returned:consensus,round_verification,pd_d192_k3_eval,all_rank_consensus,returned_means,True,False,1,test,310273,2670,59,13.911138663658376,True,29
pd_d192_k3_eval:returned:consensus,round_verification,pd_d192_k3_eval,all_rank_consensus,returned_means,True,False,2,dev,474552,3850,46,25.17538001981008,False,19
pd_d192_k3_eval:returned:consensus,round_verification,pd_d192_k3_eval,all_rank_consensus,returned_means,True,False,3,test,852952,6879,85,22.136572061534974,True,29
pd_d192_k3_eval:returned:consensus,round_verification,pd_d192_k3_eval,all_rank_consensus,returned_means,True,False,4,dev,1054158,8486,13,18.142151769355173,True,29
pd_d192_k3_eval:returned:consensus,round_verification,pd_d192_k3_eval,all_rank_consensus,returned_means,True,False,5,test,1131800,9181,3,27.644434121103075,False,4
pd_d192_k3_eval:returned:consensus,round_verification,pd_d192_k3_eval,all_rank_consensus,returned_means,True,False,6,dev,1172631,9572,18,81.60639641889348,False,29
pd_d192_k3_eval:returned:consensus,round_verification,pd_d192_k3_eval,all_rank_consensus,returned_means,True,False,7,test,1221675,9978,11,288.31517249918477,False,29
pd_d192_k3_eval:returned:consensus,round_verification,pd_d192_k3_eval,all_rank_consensus,returned_means,True,False,8,dev,1588091,12620,83,59.771535398798704,False,4
pd_d192_k3_eval:returned:consensus,round_verification,pd_d192_k3_eval,all_rank_consensus,returned_means,True,False,9,test,1901402,15145,80,315.8116671113993,False,29
pd_d192_k3_eval:returned:consensus,round_verification,pd_d192_k3_eval,all_rank_consensus,returned_means,True,False,10,dev,1952199,15647,50,19.01554740990979,True,2
pd_d192_k3_eval:returned:consensus,round_verification,pd_d192_k3_eval,all_rank_consensus,returned_means,True,False,11,test,2159639,17227,46,11.797731185077506,True,29
pd_d192_k3_eval:returned:nonself_consensus,round_verification,pd_d192_k3_eval,nonself_rank_consensus,returned_means,True,False,0,dev,250130,2075,30,80.25954671030671,False,29
pd_d192_k3_eval:returned:nonself_consensus,round_verification,pd_d192_k3_eval,nonself_rank_consensus,returned_means,True,False,1,test,310273,2670,59,13.911138663658376,True,29
pd_d192_k3_eval:returned:nonself_consensus,round_verification,pd_d192_k3_eval,nonself_rank_consensus,returned_means,True,False,2,dev,474552,3850,46,25.17538001981008,False,19
pd_d192_k3_eval:returned:nonself_consensus,round_verification,pd_d192_k3_eval,nonself_rank_consensus,returned_means,True,False,3,test,852952,6879,85,22.136572061534974,True,29
pd_d192_k3_eval:returned:nonself_consensus,round_verification,pd_d192_k3_eval,nonself_rank_consensus,returned_means,True,False,4,dev,1054158,8486,13,18.142151769355173,True,29
pd_d192_k3_eval:returned:nonself_consensus,round_verification,pd_d192_k3_eval,nonself_rank_consensus,returned_means,True,False,5,test,1131800,9181,3,27.644434121103075,False,4
pd_d192_k3_eval:returned:nonself_consensus,round_verification,pd_d192_k3_eval,nonself_rank_consensus,returned_means,True,False,6,dev,1172631,9572,18,96.81065172365645,False,4
pd_d192_k3_eval:returned:nonself_consensus,round_verification,pd_d192_k3_eval,nonself_rank_consensus,returned_means,True,False,7,test,1221675,9978,11,288.31517249918477,False,29
pd_d192_k3_eval:returned:nonself_consensus,round_verification,pd_d192_k3_eval,nonself_rank_consensus,returned_means,True,False,8,dev,1588091,12620,83,59.771535398798704,False,4
pd_d192_k3_eval:returned:nonself_consensus,round_verification,pd_d192_k3_eval,nonself_rank_consensus,returned_means,True,False,9,test,1901402,15145,80,325.6667854858599,False,19
pd_d192_k3_eval:returned:nonself_consensus,round_verification,pd_d192_k3_eval,nonself_rank_consensus,returned_means,True,False,10,dev,1952199,15647,50,19.01554740990979,True,2
pd_d192_k3_eval:returned:nonself_consensus,round_verification,pd_d192_k3_eval,nonself_rank_consensus,returned_means,True,False,11,test,2159639,17227,46,11.797731185077506,True,29
pd_d192_k3_eval:returned:oracle_round,oracle_ceiling,pd_d192_k3_eval,true_simulator_cost,returned_means,False,False,0,dev,250130,2075,30,80.25954671030671,False,29
pd_d192_k3_eval:returned:oracle_round,oracle_ceiling,pd_d192_k3_eval,true_simulator_cost,returned_means,False,False,1,test,310273,2670,59,13.911138663658376,True,29
pd_d192_k3_eval:returned:oracle_round,oracle_ceiling,pd_d192_k3_eval,true_simulator_cost,returned_means,False,False,2,dev,474552,3850,46,25.12291046360643,False,29
pd_d192_k3_eval:returned:oracle_round,oracle_ceiling,pd_d192_k3_eval,true_simulator_cost,returned_means,False,False,3,test,852952,6879,85,22.136572061534974,True,29
pd_d192_k3_eval:returned:oracle_round,oracle_ceiling,pd_d192_k3_eval,true_simulator_cost,returned_means,False,False,4,dev,1054158,8486,13,18.142151769355173,True,29
pd_d192_k3_eval:returned:oracle_round,oracle_ceiling,pd_d192_k3_eval,true_simulator_cost,returned_means,False,False,5,test,1131800,9181,3,23.39619807590468,False,9
pd_d192_k3_eval:returned:oracle_round,oracle_ceiling,pd_d192_k3_eval,true_simulator_cost,returned_means,False,False,6,dev,1172631,9572,18,77.60793768479353,False,19
pd_d192_k3_eval:returned:oracle_round,oracle_ceiling,pd_d192_k3_eval,true_simulator_cost,returned_means,False,False,7,test,1221675,9978,11,185.15933275262321,False,1
pd_d192_k3_eval:returned:oracle_round,oracle_ceiling,pd_d192_k3_eval,true_simulator_cost,returned_means,False,False,8,dev,1588091,12620,83,59.771535398798704,False,4
pd_d192_k3_eval:returned:oracle_round,oracle_ceiling,pd_d192_k3_eval,true_simulator_cost,returned_means,False,False,9,test,1901402,15145,80,223.58575486561153,False,0
pd_d192_k3_eval:returned:oracle_round,oracle_ceiling,pd_d192_k3_eval,true_simulator_cost,returned_means,False,False,10,dev,1952199,15647,50,6.699698591636034,True,29
pd_d192_k3_eval:returned:oracle_round,oracle_ceiling,pd_d192_k3_eval,true_simulator_cost,returned_means,False,False,11,test,2159639,17227,46,11.797731185077506,True,29
pd_d192_k3_eval:population_all:score_by_pd_d192_k3_eval,population_verification,pd_d192_k3_eval,pd_d192_k3_eval,all_recorded_populations,True,False,0,dev,250130,2075,30,51.99633624017697,False,29
pd_d192_k3_eval:population_all:score_by_pd_d192_k3_eval,population_verification,pd_d192_k3_eval,pd_d192_k3_eval,all_recorded_populations,True,False,1,test,310273,2670,59,12.88425321804709,True,29
pd_d192_k3_eval:population_all:score_by_pd_d192_k3_eval,population_verification,pd_d192_k3_eval,pd_d192_k3_eval,all_recorded_populations,True,False,2,dev,474552,3850,46,31.155053852756904,False,29
pd_d192_k3_eval:population_all:score_by_pd_d192_k3_eval,population_verification,pd_d192_k3_eval,pd_d192_k3_eval,all_recorded_populations,True,False,3,test,852952,6879,85,19.680453736351055,True,29
pd_d192_k3_eval:population_all:score_by_pd_d192_k3_eval,population_verification,pd_d192_k3_eval,pd_d192_k3_eval,all_recorded_populations,True,False,4,dev,1054158,8486,13,16.373972873958248,True,29
pd_d192_k3_eval:population_all:score_by_pd_d192_k3_eval,population_verification,pd_d192_k3_eval,pd_d192_k3_eval,all_recorded_populations,True,False,5,test,1131800,9181,3,28.598394979447768,False,29
pd_d192_k3_eval:population_all:score_by_pd_d192_k3_eval,population_verification,pd_d192_k3_eval,pd_d192_k3_eval,all_recorded_populations,True,False,6,dev,1172631,9572,18,83.9992114021776,False,29
pd_d192_k3_eval:population_all:score_by_pd_d192_k3_eval,population_verification,pd_d192_k3_eval,pd_d192_k3_eval,all_recorded_populations,True,False,7,test,1221675,9978,11,287.52390339658774,False,29
pd_d192_k3_eval:population_all:score_by_pd_d192_k3_eval,population_verification,pd_d192_k3_eval,pd_d192_k3_eval,all_recorded_populations,True,False,8,dev,1588091,12620,83,83.4746486271211,False,29
pd_d192_k3_eval:population_all:score_by_pd_d192_k3_eval,population_verification,pd_d192_k3_eval,pd_d192_k3_eval,all_recorded_populations,True,False,9,test,1901402,15145,80,321.1498039566932,False,29
pd_d192_k3_eval:population_all:score_by_pd_d192_k3_eval,population_verification,pd_d192_k3_eval,pd_d192_k3_eval,all_recorded_populations,True,False,10,dev,1952199,15647,50,13.498860844985636,True,29
pd_d192_k3_eval:population_all:score_by_pd_d192_k3_eval,population_verification,pd_d192_k3_eval,pd_d192_k3_eval,all_recorded_populations,True,False,11,test,2159639,17227,46,12.21222615963444,True,29
pd_d192_k3_eval:population_elite:score_by_pd_d192_k3_eval,elite_verification,pd_d192_k3_eval,pd_d192_k3_eval,recorded_generator_elites,True,False,0,dev,250130,2075,30,51.99633624017697,False,29
pd_d192_k3_eval:population_elite:score_by_pd_d192_k3_eval,elite_verification,pd_d192_k3_eval,pd_d192_k3_eval,recorded_generator_elites,True,False,1,test,310273,2670,59,12.88425321804709,True,29
pd_d192_k3_eval:population_elite:score_by_pd_d192_k3_eval,elite_verification,pd_d192_k3_eval,pd_d192_k3_eval,recorded_generator_elites,True,False,2,dev,474552,3850,46,31.155053852756904,False,29
pd_d192_k3_eval:population_elite:score_by_pd_d192_k3_eval,elite_verification,pd_d192_k3_eval,pd_d192_k3_eval,recorded_generator_elites,True,False,3,test,852952,6879,85,19.680453736351055,True,29
pd_d192_k3_eval:population_elite:score_by_pd_d192_k3_eval,elite_verification,pd_d192_k3_eval,pd_d192_k3_eval,recorded_generator_elites,True,False,4,dev,1054158,8486,13,16.373972873958248,True,29
pd_d192_k3_eval:population_elite:score_by_pd_d192_k3_eval,elite_verification,pd_d192_k3_eval,pd_d192_k3_eval,recorded_generator_elites,True,False,5,test,1131800,9181,3,28.598394979447768,False,29
pd_d192_k3_eval:population_elite:score_by_pd_d192_k3_eval,elite_verification,pd_d192_k3_eval,pd_d192_k3_eval,recorded_generator_elites,True,False,6,dev,1172631,9572,18,83.9992114021776,False,29
pd_d192_k3_eval:population_elite:score_by_pd_d192_k3_eval,elite_verification,pd_d192_k3_eval,pd_d192_k3_eval,recorded_generator_elites,True,False,7,test,1221675,9978,11,287.52390339658774,False,29
pd_d192_k3_eval:population_elite:score_by_pd_d192_k3_eval,elite_verification,pd_d192_k3_eval,pd_d192_k3_eval,recorded_generator_elites,True,False,8,dev,1588091,12620,83,83.4746486271211,False,29
pd_d192_k3_eval:population_elite:score_by_pd_d192_k3_eval,elite_verification,pd_d192_k3_eval,pd_d192_k3_eval,recorded_generator_elites,True,False,9,test,1901402,15145,80,321.1498039566932,False,29
pd_d192_k3_eval:population_elite:score_by_pd_d192_k3_eval,elite_verification,pd_d192_k3_eval,pd_d192_k3_eval,recorded_generator_elites,True,False,10,dev,1952199,15647,50,13.498860844985636,True,29
pd_d192_k3_eval:population_elite:score_by_pd_d192_k3_eval,elite_verification,pd_d192_k3_eval,pd_d192_k3_eval,recorded_generator_elites,True,False,11,test,2159639,17227,46,12.21222615963444,True,29
pd_d192_k3_eval:population_all:score_by_iter2_multistep_eval,population_verification,pd_d192_k3_eval,iter2_multistep_eval,all_recorded_populations,True,False,0,dev,250130,2075,30,158.234552960957,False,29
pd_d192_k3_eval:population_all:score_by_iter2_multistep_eval,population_verification,pd_d192_k3_eval,iter2_multistep_eval,all_recorded_populations,True,False,1,test,310273,2670,59,13.399867440480103,True,29
pd_d192_k3_eval:population_all:score_by_iter2_multistep_eval,population_verification,pd_d192_k3_eval,iter2_multistep_eval,all_recorded_populations,True,False,2,dev,474552,3850,46,28.790407929251586,False,29
pd_d192_k3_eval:population_all:score_by_iter2_multistep_eval,population_verification,pd_d192_k3_eval,iter2_multistep_eval,all_recorded_populations,True,False,3,test,852952,6879,85,21.59650076420232,True,29
pd_d192_k3_eval:population_all:score_by_iter2_multistep_eval,population_verification,pd_d192_k3_eval,iter2_multistep_eval,all_recorded_populations,True,False,4,dev,1054158,8486,13,23.469309275365053,False,29
pd_d192_k3_eval:population_all:score_by_iter2_multistep_eval,population_verification,pd_d192_k3_eval,iter2_multistep_eval,all_recorded_populations,True,False,5,test,1131800,9181,3,14.359990671561844,True,4
pd_d192_k3_eval:population_all:score_by_iter2_multistep_eval,population_verification,pd_d192_k3_eval,iter2_multistep_eval,all_recorded_populations,True,False,6,dev,1172631,9572,18,144.90385901929815,False,9
pd_d192_k3_eval:population_all:score_by_iter2_multistep_eval,population_verification,pd_d192_k3_eval,iter2_multistep_eval,all_recorded_populations,True,False,7,test,1221675,9978,11,287.4771578546212,False,9
pd_d192_k3_eval:population_all:score_by_iter2_multistep_eval,population_verification,pd_d192_k3_eval,iter2_multistep_eval,all_recorded_populations,True,False,8,dev,1588091,12620,83,41.355207334911704,False,19
pd_d192_k3_eval:population_all:score_by_iter2_multistep_eval,population_verification,pd_d192_k3_eval,iter2_multistep_eval,all_recorded_populations,True,False,9,test,1901402,15145,80,286.96857788675806,False,19
pd_d192_k3_eval:population_all:score_by_iter2_multistep_eval,population_verification,pd_d192_k3_eval,iter2_multistep_eval,all_recorded_populations,True,False,10,dev,1952199,15647,50,14.249875799149464,True,19
pd_d192_k3_eval:population_all:score_by_iter2_multistep_eval,population_verification,pd_d192_k3_eval,iter2_multistep_eval,all_recorded_populations,True,False,11,test,2159639,17227,46,18.43863926644007,True,29
pd_d192_k3_eval:population_elite:score_by_iter2_multistep_eval,elite_verification,pd_d192_k3_eval,iter2_multistep_eval,recorded_generator_elites,True,False,0,dev,250130,2075,30,51.99633624017697,False,29
pd_d192_k3_eval:population_elite:score_by_iter2_multistep_eval,elite_verification,pd_d192_k3_eval,iter2_multistep_eval,recorded_generator_elites,True,False,1,test,310273,2670,59,13.399867440480103,True,29
pd_d192_k3_eval:population_elite:score_by_iter2_multistep_eval,elite_verification,pd_d192_k3_eval,iter2_multistep_eval,recorded_generator_elites,True,False,2,dev,474552,3850,46,19.378899734053316,True,29
pd_d192_k3_eval:population_elite:score_by_iter2_multistep_eval,elite_verification,pd_d192_k3_eval,iter2_multistep_eval,recorded_generator_elites,True,False,3,test,852952,6879,85,16.25803850916896,True,29
pd_d192_k3_eval:population_elite:score_by_iter2_multistep_eval,elite_verification,pd_d192_k3_eval,iter2_multistep_eval,recorded_generator_elites,True,False,4,dev,1054158,8486,13,23.469309275365053,False,29
pd_d192_k3_eval:population_elite:score_by_iter2_multistep_eval,elite_verification,pd_d192_k3_eval,iter2_multistep_eval,recorded_generator_elites,True,False,5,test,1131800,9181,3,14.359990671561844,True,4
pd_d192_k3_eval:population_elite:score_by_iter2_multistep_eval,elite_verification,pd_d192_k3_eval,iter2_multistep_eval,recorded_generator_elites,True,False,6,dev,1172631,9572,18,175.2155316339047,False,9
pd_d192_k3_eval:population_elite:score_by_iter2_multistep_eval,elite_verification,pd_d192_k3_eval,iter2_multistep_eval,recorded_generator_elites,True,False,7,test,1221675,9978,11,303.5152540599497,False,9
pd_d192_k3_eval:population_elite:score_by_iter2_multistep_eval,elite_verification,pd_d192_k3_eval,iter2_multistep_eval,recorded_generator_elites,True,False,8,dev,1588091,12620,83,52.818702977981815,False,9
pd_d192_k3_eval:population_elite:score_by_iter2_multistep_eval,elite_verification,pd_d192_k3_eval,iter2_multistep_eval,recorded_generator_elites,True,False,9,test,1901402,15145,80,258.0771927090294,False,0
pd_d192_k3_eval:population_elite:score_by_iter2_multistep_eval,elite_verification,pd_d192_k3_eval,iter2_multistep_eval,recorded_generator_elites,True,False,10,dev,1952199,15647,50,14.249875799149464,True,19
pd_d192_k3_eval:population_elite:score_by_iter2_multistep_eval,elite_verification,pd_d192_k3_eval,iter2_multistep_eval,recorded_generator_elites,True,False,11,test,2159639,17227,46,17.895752717874654,True,19
pd_d192_k3_eval:population_all:score_by_pd_d192_k10_eval,population_verification,pd_d192_k3_eval,pd_d192_k10_eval,all_recorded_populations,True,False,0,dev,250130,2075,30,51.99633624017697,False,29
pd_d192_k3_eval:population_all:score_by_pd_d192_k10_eval,population_verification,pd_d192_k3_eval,pd_d192_k10_eval,all_recorded_populations,True,False,1,test,310273,2670,59,19.962031225265832,True,29
pd_d192_k3_eval:population_all:score_by_pd_d192_k10_eval,population_verification,pd_d192_k3_eval,pd_d192_k10_eval,all_recorded_populations,True,False,2,dev,474552,3850,46,46.41765685093105,False,19
pd_d192_k3_eval:population_all:score_by_pd_d192_k10_eval,population_verification,pd_d192_k3_eval,pd_d192_k10_eval,all_recorded_populations,True,False,3,test,852952,6879,85,9.37669437624799,True,29
pd_d192_k3_eval:population_all:score_by_pd_d192_k10_eval,population_verification,pd_d192_k3_eval,pd_d192_k10_eval,all_recorded_populations,True,False,4,dev,1054158,8486,13,34.665753145626745,False,29
pd_d192_k3_eval:population_all:score_by_pd_d192_k10_eval,population_verification,pd_d192_k3_eval,pd_d192_k10_eval,all_recorded_populations,True,False,5,test,1131800,9181,3,16.021213898440546,True,29
pd_d192_k3_eval:population_all:score_by_pd_d192_k10_eval,population_verification,pd_d192_k3_eval,pd_d192_k10_eval,all_recorded_populations,True,False,6,dev,1172631,9572,18,102.11244613927262,False,4
pd_d192_k3_eval:population_all:score_by_pd_d192_k10_eval,population_verification,pd_d192_k3_eval,pd_d192_k10_eval,all_recorded_populations,True,False,7,test,1221675,9978,11,157.77629150519496,False,4
pd_d192_k3_eval:population_all:score_by_pd_d192_k10_eval,population_verification,pd_d192_k3_eval,pd_d192_k10_eval,all_recorded_populations,True,False,8,dev,1588091,12620,83,41.32999369126411,False,9
pd_d192_k3_eval:population_all:score_by_pd_d192_k10_eval,population_verification,pd_d192_k3_eval,pd_d192_k10_eval,all_recorded_populations,True,False,9,test,1901402,15145,80,319.81974641819056,False,19
pd_d192_k3_eval:population_all:score_by_pd_d192_k10_eval,population_verification,pd_d192_k3_eval,pd_d192_k10_eval,all_recorded_populations,True,False,10,dev,1952199,15647,50,17.22586684188633,True,9
pd_d192_k3_eval:population_all:score_by_pd_d192_k10_eval,population_verification,pd_d192_k3_eval,pd_d192_k10_eval,all_recorded_populations,True,False,11,test,2159639,17227,46,30.418411597034805,False,2
pd_d192_k3_eval:population_elite:score_by_pd_d192_k10_eval,elite_verification,pd_d192_k3_eval,pd_d192_k10_eval,recorded_generator_elites,True,False,0,dev,250130,2075,30,51.99633624017697,False,29
pd_d192_k3_eval:population_elite:score_by_pd_d192_k10_eval,elite_verification,pd_d192_k3_eval,pd_d192_k10_eval,recorded_generator_elites,True,False,1,test,310273,2670,59,19.962031225265832,True,29
pd_d192_k3_eval:population_elite:score_by_pd_d192_k10_eval,elite_verification,pd_d192_k3_eval,pd_d192_k10_eval,recorded_generator_elites,True,False,2,dev,474552,3850,46,27.03868368572065,False,9
pd_d192_k3_eval:population_elite:score_by_pd_d192_k10_eval,elite_verification,pd_d192_k3_eval,pd_d192_k10_eval,recorded_generator_elites,True,False,3,test,852952,6879,85,9.37669437624799,True,29
pd_d192_k3_eval:population_elite:score_by_pd_d192_k10_eval,elite_verification,pd_d192_k3_eval,pd_d192_k10_eval,recorded_generator_elites,True,False,4,dev,1054158,8486,13,25.60017094851819,True,19
pd_d192_k3_eval:population_elite:score_by_pd_d192_k10_eval,elite_verification,pd_d192_k3_eval,pd_d192_k10_eval,recorded_generator_elites,True,False,5,test,1131800,9181,3,12.936305202760394,True,9
pd_d192_k3_eval:population_elite:score_by_pd_d192_k10_eval,elite_verification,pd_d192_k3_eval,pd_d192_k10_eval,recorded_generator_elites,True,False,6,dev,1172631,9572,18,69.41250616479952,False,2
pd_d192_k3_eval:population_elite:score_by_pd_d192_k10_eval,elite_verification,pd_d192_k3_eval,pd_d192_k10_eval,recorded_generator_elites,True,False,7,test,1221675,9978,11,194.50147993447717,False,4
pd_d192_k3_eval:population_elite:score_by_pd_d192_k10_eval,elite_verification,pd_d192_k3_eval,pd_d192_k10_eval,recorded_generator_elites,True,False,8,dev,1588091,12620,83,66.94947984566149,False,9
pd_d192_k3_eval:population_elite:score_by_pd_d192_k10_eval,elite_verification,pd_d192_k3_eval,pd_d192_k10_eval,recorded_generator_elites,True,False,9,test,1901402,15145,80,317.9867440727814,False,19
pd_d192_k3_eval:population_elite:score_by_pd_d192_k10_eval,elite_verification,pd_d192_k3_eval,pd_d192_k10_eval,recorded_generator_elites,True,False,10,dev,1952199,15647,50,17.22586684188633,True,9
pd_d192_k3_eval:population_elite:score_by_pd_d192_k10_eval,elite_verification,pd_d192_k3_eval,pd_d192_k10_eval,recorded_generator_elites,True,False,11,test,2159639,17227,46,30.418411597034805,False,2
pd_d192_k3_eval:population_all:all_rank_consensus,population_verification,pd_d192_k3_eval,all_rank_consensus,all_recorded_populations,True,False,0,dev,250130,2075,30,51.99633624017697,False,29
pd_d192_k3_eval:population_all:all_rank_consensus,population_verification,pd_d192_k3_eval,all_rank_consensus,all_recorded_populations,True,False,1,test,310273,2670,59,14.940834998044421,True,29
pd_d192_k3_eval:population_all:all_rank_consensus,population_verification,pd_d192_k3_eval,all_rank_consensus,all_recorded_populations,True,False,2,dev,474552,3850,46,28.799132904186592,False,29
pd_d192_k3_eval:population_all:all_rank_consensus,population_verification,pd_d192_k3_eval,all_rank_consensus,all_recorded_populations,True,False,3,test,852952,6879,85,16.25803850916896,True,29
pd_d192_k3_eval:population_all:all_rank_consensus,population_verification,pd_d192_k3_eval,all_rank_consensus,all_recorded_populations,True,False,4,dev,1054158,8486,13,16.373972873958248,True,29
pd_d192_k3_eval:population_all:all_rank_consensus,population_verification,pd_d192_k3_eval,all_rank_consensus,all_recorded_populations,True,False,5,test,1131800,9181,3,19.03201901168569,True,29
pd_d192_k3_eval:population_all:all_rank_consensus,population_verification,pd_d192_k3_eval,all_rank_consensus,all_recorded_populations,True,False,6,dev,1172631,9572,18,81.49499616961437,False,29
pd_d192_k3_eval:population_all:all_rank_consensus,population_verification,pd_d192_k3_eval,all_rank_consensus,all_recorded_populations,True,False,7,test,1221675,9978,11,286.1254148387583,False,29
pd_d192_k3_eval:population_all:all_rank_consensus,population_verification,pd_d192_k3_eval,all_rank_consensus,all_recorded_populations,True,False,8,dev,1588091,12620,83,72.32533984963536,False,29
pd_d192_k3_eval:population_all:all_rank_consensus,population_verification,pd_d192_k3_eval,all_rank_consensus,all_recorded_populations,True,False,9,test,1901402,15145,80,278.98142039316065,False,29
pd_d192_k3_eval:population_all:all_rank_consensus,population_verification,pd_d192_k3_eval,all_rank_consensus,all_recorded_populations,True,False,10,dev,1952199,15647,50,16.568520950650406,True,29
pd_d192_k3_eval:population_all:all_rank_consensus,population_verification,pd_d192_k3_eval,all_rank_consensus,all_recorded_populations,True,False,11,test,2159639,17227,46,15.122369936657764,True,29
pd_d192_k3_eval:population_elite:all_rank_consensus,elite_verification,pd_d192_k3_eval,all_rank_consensus,recorded_generator_elites,True,False,0,dev,250130,2075,30,51.99633624017697,False,29
pd_d192_k3_eval:population_elite:all_rank_consensus,elite_verification,pd_d192_k3_eval,all_rank_consensus,recorded_generator_elites,True,False,1,test,310273,2670,59,14.940834998044421,True,29
pd_d192_k3_eval:population_elite:all_rank_consensus,elite_verification,pd_d192_k3_eval,all_rank_consensus,recorded_generator_elites,True,False,2,dev,474552,3850,46,39.9192003334145,False,19
pd_d192_k3_eval:population_elite:all_rank_consensus,elite_verification,pd_d192_k3_eval,all_rank_consensus,recorded_generator_elites,True,False,3,test,852952,6879,85,16.25803850916896,True,29
pd_d192_k3_eval:population_elite:all_rank_consensus,elite_verification,pd_d192_k3_eval,all_rank_consensus,recorded_generator_elites,True,False,4,dev,1054158,8486,13,16.373972873958248,True,29
pd_d192_k3_eval:population_elite:all_rank_consensus,elite_verification,pd_d192_k3_eval,all_rank_consensus,recorded_generator_elites,True,False,5,test,1131800,9181,3,19.340360967089953,True,2
pd_d192_k3_eval:population_elite:all_rank_consensus,elite_verification,pd_d192_k3_eval,all_rank_consensus,recorded_generator_elites,True,False,6,dev,1172631,9572,18,81.49499616961437,False,29
pd_d192_k3_eval:population_elite:all_rank_consensus,elite_verification,pd_d192_k3_eval,all_rank_consensus,recorded_generator_elites,True,False,7,test,1221675,9978,11,293.0770609264133,False,29
pd_d192_k3_eval:population_elite:all_rank_consensus,elite_verification,pd_d192_k3_eval,all_rank_consensus,recorded_generator_elites,True,False,8,dev,1588091,12620,83,76.76818231934216,False,29
pd_d192_k3_eval:population_elite:all_rank_consensus,elite_verification,pd_d192_k3_eval,all_rank_consensus,recorded_generator_elites,True,False,9,test,1901402,15145,80,307.94738797047717,False,29
pd_d192_k3_eval:population_elite:all_rank_consensus,elite_verification,pd_d192_k3_eval,all_rank_consensus,recorded_generator_elites,True,False,10,dev,1952199,15647,50,16.568520950650406,True,29
pd_d192_k3_eval:population_elite:all_rank_consensus,elite_verification,pd_d192_k3_eval,all_rank_consensus,recorded_generator_elites,True,False,11,test,2159639,17227,46,15.122369936657764,True,29
pd_d192_k3_eval:population_all:nonself_rank_consensus,population_verification,pd_d192_k3_eval,nonself_rank_consensus,all_recorded_populations,True,False,0,dev,250130,2075,30,158.234552960957,False,29
pd_d192_k3_eval:population_all:nonself_rank_consensus,population_verification,pd_d192_k3_eval,nonself_rank_consensus,all_recorded_populations,True,False,1,test,310273,2670,59,14.940834998044421,True,29
pd_d192_k3_eval:population_all:nonself_rank_consensus,population_verification,pd_d192_k3_eval,nonself_rank_consensus,all_recorded_populations,True,False,2,dev,474552,3850,46,33.06098745210623,False,29
pd_d192_k3_eval:population_all:nonself_rank_consensus,population_verification,pd_d192_k3_eval,nonself_rank_consensus,all_recorded_populations,True,False,3,test,852952,6879,85,14.599069870438967,True,29
pd_d192_k3_eval:population_all:nonself_rank_consensus,population_verification,pd_d192_k3_eval,nonself_rank_consensus,all_recorded_populations,True,False,4,dev,1054158,8486,13,25.60017094851819,True,19
pd_d192_k3_eval:population_all:nonself_rank_consensus,population_verification,pd_d192_k3_eval,nonself_rank_consensus,all_recorded_populations,True,False,5,test,1131800,9181,3,18.030307873212713,True,29
pd_d192_k3_eval:population_all:nonself_rank_consensus,population_verification,pd_d192_k3_eval,nonself_rank_consensus,all_recorded_populations,True,False,6,dev,1172631,9572,18,125.5594753263838,False,9
pd_d192_k3_eval:population_all:nonself_rank_consensus,population_verification,pd_d192_k3_eval,nonself_rank_consensus,all_recorded_populations,True,False,7,test,1221675,9978,11,282.02091771150873,False,9
pd_d192_k3_eval:population_all:nonself_rank_consensus,population_verification,pd_d192_k3_eval,nonself_rank_consensus,all_recorded_populations,True,False,8,dev,1588091,12620,83,43.80386248699425,False,19
pd_d192_k3_eval:population_all:nonself_rank_consensus,population_verification,pd_d192_k3_eval,nonself_rank_consensus,all_recorded_populations,True,False,9,test,1901402,15145,80,299.20461598818207,False,19
pd_d192_k3_eval:population_all:nonself_rank_consensus,population_verification,pd_d192_k3_eval,nonself_rank_consensus,all_recorded_populations,True,False,10,dev,1952199,15647,50,14.249875799149464,True,19
pd_d192_k3_eval:population_all:nonself_rank_consensus,population_verification,pd_d192_k3_eval,nonself_rank_consensus,all_recorded_populations,True,False,11,test,2159639,17227,46,16.11831586715955,True,29
pd_d192_k3_eval:population_elite:nonself_rank_consensus,elite_verification,pd_d192_k3_eval,nonself_rank_consensus,recorded_generator_elites,True,False,0,dev,250130,2075,30,51.99633624017697,False,29
pd_d192_k3_eval:population_elite:nonself_rank_consensus,elite_verification,pd_d192_k3_eval,nonself_rank_consensus,recorded_generator_elites,True,False,1,test,310273,2670,59,14.940834998044421,True,29
pd_d192_k3_eval:population_elite:nonself_rank_consensus,elite_verification,pd_d192_k3_eval,nonself_rank_consensus,recorded_generator_elites,True,False,2,dev,474552,3850,46,27.03868368572065,False,9
pd_d192_k3_eval:population_elite:nonself_rank_consensus,elite_verification,pd_d192_k3_eval,nonself_rank_consensus,recorded_generator_elites,True,False,3,test,852952,6879,85,16.25803850916896,True,29
pd_d192_k3_eval:population_elite:nonself_rank_consensus,elite_verification,pd_d192_k3_eval,nonself_rank_consensus,recorded_generator_elites,True,False,4,dev,1054158,8486,13,25.60017094851819,True,19
pd_d192_k3_eval:population_elite:nonself_rank_consensus,elite_verification,pd_d192_k3_eval,nonself_rank_consensus,recorded_generator_elites,True,False,5,test,1131800,9181,3,18.804265391221506,True,4
pd_d192_k3_eval:population_elite:nonself_rank_consensus,elite_verification,pd_d192_k3_eval,nonself_rank_consensus,recorded_generator_elites,True,False,6,dev,1172631,9572,18,115.26812393193525,False,9
pd_d192_k3_eval:population_elite:nonself_rank_consensus,elite_verification,pd_d192_k3_eval,nonself_rank_consensus,recorded_generator_elites,True,False,7,test,1221675,9978,11,293.0534416191089,False,19
pd_d192_k3_eval:population_elite:nonself_rank_consensus,elite_verification,pd_d192_k3_eval,nonself_rank_consensus,recorded_generator_elites,True,False,8,dev,1588091,12620,83,52.818702977981815,False,9
pd_d192_k3_eval:population_elite:nonself_rank_consensus,elite_verification,pd_d192_k3_eval,nonself_rank_consensus,recorded_generator_elites,True,False,9,test,1901402,15145,80,314.22693974790286,False,19
pd_d192_k3_eval:population_elite:nonself_rank_consensus,elite_verification,pd_d192_k3_eval,nonself_rank_consensus,recorded_generator_elites,True,False,10,dev,1952199,15647,50,14.249875799149464,True,19
pd_d192_k3_eval:population_elite:nonself_rank_consensus,elite_verification,pd_d192_k3_eval,nonself_rank_consensus,recorded_generator_elites,True,False,11,test,2159639,17227,46,13.575833270571351,True,19
iter2_multistep_eval:returned:final,baseline,iter2_multistep_eval,fixed_step_29,returned_means,True,False,0,dev,250130,2075,30,257.70931368266247,False,29
iter2_multistep_eval:returned:final,baseline,iter2_multistep_eval,fixed_step_29,returned_means,True,False,1,test,310273,2670,59,18.263245323724178,True,29
iter2_multistep_eval:returned:final,baseline,iter2_multistep_eval,fixed_step_29,returned_means,True,False,2,dev,474552,3850,46,25.371452441368522,False,29
iter2_multistep_eval:returned:final,baseline,iter2_multistep_eval,fixed_step_29,returned_means,True,False,3,test,852952,6879,85,20.058497436535504,True,29
iter2_multistep_eval:returned:final,baseline,iter2_multistep_eval,fixed_step_29,returned_means,True,False,4,dev,1054158,8486,13,24.948320686795466,False,29
iter2_multistep_eval:returned:final,baseline,iter2_multistep_eval,fixed_step_29,returned_means,True,False,5,test,1131800,9181,3,19.107574972616593,True,29
iter2_multistep_eval:returned:final,baseline,iter2_multistep_eval,fixed_step_29,returned_means,True,False,6,dev,1172631,9572,18,156.78580506605,False,29
iter2_multistep_eval:returned:final,baseline,iter2_multistep_eval,fixed_step_29,returned_means,True,False,7,test,1221675,9978,11,518.7298193410745,False,29
iter2_multistep_eval:returned:final,baseline,iter2_multistep_eval,fixed_step_29,returned_means,True,False,8,dev,1588091,12620,83,36.73913384175345,False,29
iter2_multistep_eval:returned:final,baseline,iter2_multistep_eval,fixed_step_29,returned_means,True,False,9,test,1901402,15145,80,150.10463894325827,False,29
iter2_multistep_eval:returned:final,baseline,iter2_multistep_eval,fixed_step_29,returned_means,True,False,10,dev,1952199,15647,50,13.15248209903079,True,29
iter2_multistep_eval:returned:final,baseline,iter2_multistep_eval,fixed_step_29,returned_means,True,False,11,test,2159639,17227,46,21.797326434796645,True,29
iter2_multistep_eval:returned:fixed_step_0,fixed_round,iter2_multistep_eval,fixed_step_0,returned_means,True,False,0,dev,250130,2075,30,292.69869272317317,False,0
iter2_multistep_eval:returned:fixed_step_0,fixed_round,iter2_multistep_eval,fixed_step_0,returned_means,True,False,1,test,310273,2670,59,39.55180371846899,False,0
iter2_multistep_eval:returned:fixed_step_0,fixed_round,iter2_multistep_eval,fixed_step_0,returned_means,True,False,2,dev,474552,3850,46,187.4797746854816,False,0
iter2_multistep_eval:returned:fixed_step_0,fixed_round,iter2_multistep_eval,fixed_step_0,returned_means,True,False,3,test,852952,6879,85,65.77331445690771,False,0
iter2_multistep_eval:returned:fixed_step_0,fixed_round,iter2_multistep_eval,fixed_step_0,returned_means,True,False,4,dev,1054158,8486,13,172.70690655833226,False,0
iter2_multistep_eval:returned:fixed_step_0,fixed_round,iter2_multistep_eval,fixed_step_0,returned_means,True,False,5,test,1131800,9181,3,73.90884673180437,False,0
iter2_multistep_eval:returned:fixed_step_0,fixed_round,iter2_multistep_eval,fixed_step_0,returned_means,True,False,6,dev,1172631,9572,18,177.37994841711983,False,0
iter2_multistep_eval:returned:fixed_step_0,fixed_round,iter2_multistep_eval,fixed_step_0,returned_means,True,False,7,test,1221675,9978,11,249.53820180902264,False,0
iter2_multistep_eval:returned:fixed_step_0,fixed_round,iter2_multistep_eval,fixed_step_0,returned_means,True,False,8,dev,1588091,12620,83,200.5423353003032,False,0
iter2_multistep_eval:returned:fixed_step_0,fixed_round,iter2_multistep_eval,fixed_step_0,returned_means,True,False,9,test,1901402,15145,80,253.6904572367281,False,0
iter2_multistep_eval:returned:fixed_step_0,fixed_round,iter2_multistep_eval,fixed_step_0,returned_means,True,False,10,dev,1952199,15647,50,18.109197467899182,True,0
iter2_multistep_eval:returned:fixed_step_0,fixed_round,iter2_multistep_eval,fixed_step_0,returned_means,True,False,11,test,2159639,17227,46,52.43140305350042,False,0
iter2_multistep_eval:returned:fixed_step_1,fixed_round,iter2_multistep_eval,fixed_step_1,returned_means,True,False,0,dev,250130,2075,30,269.4631294402657,False,1
iter2_multistep_eval:returned:fixed_step_1,fixed_round,iter2_multistep_eval,fixed_step_1,returned_means,True,False,1,test,310273,2670,59,34.374566504684275,False,1
iter2_multistep_eval:returned:fixed_step_1,fixed_round,iter2_multistep_eval,fixed_step_1,returned_means,True,False,2,dev,474552,3850,46,122.11316890116034,False,1
iter2_multistep_eval:returned:fixed_step_1,fixed_round,iter2_multistep_eval,fixed_step_1,returned_means,True,False,3,test,852952,6879,85,45.963200037779956,False,1
iter2_multistep_eval:returned:fixed_step_1,fixed_round,iter2_multistep_eval,fixed_step_1,returned_means,True,False,4,dev,1054158,8486,13,160.1981086060218,False,1
iter2_multistep_eval:returned:fixed_step_1,fixed_round,iter2_multistep_eval,fixed_step_1,returned_means,True,False,5,test,1131800,9181,3,18.137116917673676,True,1
iter2_multistep_eval:returned:fixed_step_1,fixed_round,iter2_multistep_eval,fixed_step_1,returned_means,True,False,6,dev,1172631,9572,18,117.11403261403221,False,1
iter2_multistep_eval:returned:fixed_step_1,fixed_round,iter2_multistep_eval,fixed_step_1,returned_means,True,False,7,test,1221675,9978,11,268.06908075310423,False,1
iter2_multistep_eval:returned:fixed_step_1,fixed_round,iter2_multistep_eval,fixed_step_1,returned_means,True,False,8,dev,1588091,12620,83,128.8175126938687,False,1
iter2_multistep_eval:returned:fixed_step_1,fixed_round,iter2_multistep_eval,fixed_step_1,returned_means,True,False,9,test,1901402,15145,80,255.2806279790543,False,1
iter2_multistep_eval:returned:fixed_step_1,fixed_round,iter2_multistep_eval,fixed_step_1,returned_means,True,False,10,dev,1952199,15647,50,19.353673945161017,True,1
iter2_multistep_eval:returned:fixed_step_1,fixed_round,iter2_multistep_eval,fixed_step_1,returned_means,True,False,11,test,2159639,17227,46,33.9101561588275,False,1
iter2_multistep_eval:returned:fixed_step_2,fixed_round,iter2_multistep_eval,fixed_step_2,returned_means,True,False,0,dev,250130,2075,30,254.3311639226192,False,2
iter2_multistep_eval:returned:fixed_step_2,fixed_round,iter2_multistep_eval,fixed_step_2,returned_means,True,False,1,test,310273,2670,59,20.44687099334679,True,2
iter2_multistep_eval:returned:fixed_step_2,fixed_round,iter2_multistep_eval,fixed_step_2,returned_means,True,False,2,dev,474552,3850,46,74.60354629922806,False,2
iter2_multistep_eval:returned:fixed_step_2,fixed_round,iter2_multistep_eval,fixed_step_2,returned_means,True,False,3,test,852952,6879,85,35.51650088442631,False,2
iter2_multistep_eval:returned:fixed_step_2,fixed_round,iter2_multistep_eval,fixed_step_2,returned_means,True,False,4,dev,1054158,8486,13,167.45816156549535,False,2
iter2_multistep_eval:returned:fixed_step_2,fixed_round,iter2_multistep_eval,fixed_step_2,returned_means,True,False,5,test,1131800,9181,3,19.142680921585093,True,2
iter2_multistep_eval:returned:fixed_step_2,fixed_round,iter2_multistep_eval,fixed_step_2,returned_means,True,False,6,dev,1172631,9572,18,142.84232961563131,False,2
iter2_multistep_eval:returned:fixed_step_2,fixed_round,iter2_multistep_eval,fixed_step_2,returned_means,True,False,7,test,1221675,9978,11,287.7623756975155,False,2
iter2_multistep_eval:returned:fixed_step_2,fixed_round,iter2_multistep_eval,fixed_step_2,returned_means,True,False,8,dev,1588091,12620,83,64.84860430737773,False,2
iter2_multistep_eval:returned:fixed_step_2,fixed_round,iter2_multistep_eval,fixed_step_2,returned_means,True,False,9,test,1901402,15145,80,250.14260437027323,False,2
iter2_multistep_eval:returned:fixed_step_2,fixed_round,iter2_multistep_eval,fixed_step_2,returned_means,True,False,10,dev,1952199,15647,50,16.979742870875324,True,2
iter2_multistep_eval:returned:fixed_step_2,fixed_round,iter2_multistep_eval,fixed_step_2,returned_means,True,False,11,test,2159639,17227,46,26.45077441999047,False,2
iter2_multistep_eval:returned:fixed_step_4,fixed_round,iter2_multistep_eval,fixed_step_4,returned_means,True,False,0,dev,250130,2075,30,230.0579718411085,False,4
iter2_multistep_eval:returned:fixed_step_4,fixed_round,iter2_multistep_eval,fixed_step_4,returned_means,True,False,1,test,310273,2670,59,20.22252996792607,True,4
iter2_multistep_eval:returned:fixed_step_4,fixed_round,iter2_multistep_eval,fixed_step_4,returned_means,True,False,2,dev,474552,3850,46,47.16650177202152,False,4
iter2_multistep_eval:returned:fixed_step_4,fixed_round,iter2_multistep_eval,fixed_step_4,returned_means,True,False,3,test,852952,6879,85,30.054910591109557,False,4
iter2_multistep_eval:returned:fixed_step_4,fixed_round,iter2_multistep_eval,fixed_step_4,returned_means,True,False,4,dev,1054158,8486,13,184.64539771323598,False,4
iter2_multistep_eval:returned:fixed_step_4,fixed_round,iter2_multistep_eval,fixed_step_4,returned_means,True,False,5,test,1131800,9181,3,16.542936721835947,True,4
iter2_multistep_eval:returned:fixed_step_4,fixed_round,iter2_multistep_eval,fixed_step_4,returned_means,True,False,6,dev,1172631,9572,18,106.45251385495318,False,4
iter2_multistep_eval:returned:fixed_step_4,fixed_round,iter2_multistep_eval,fixed_step_4,returned_means,True,False,7,test,1221675,9978,11,336.6382392305476,False,4
iter2_multistep_eval:returned:fixed_step_4,fixed_round,iter2_multistep_eval,fixed_step_4,returned_means,True,False,8,dev,1588091,12620,83,40.741358709186564,False,4
iter2_multistep_eval:returned:fixed_step_4,fixed_round,iter2_multistep_eval,fixed_step_4,returned_means,True,False,9,test,1901402,15145,80,249.77242104855446,False,4
iter2_multistep_eval:returned:fixed_step_4,fixed_round,iter2_multistep_eval,fixed_step_4,returned_means,True,False,10,dev,1952199,15647,50,17.18496505964242,True,4
iter2_multistep_eval:returned:fixed_step_4,fixed_round,iter2_multistep_eval,fixed_step_4,returned_means,True,False,11,test,2159639,17227,46,22.119559216538455,False,4
iter2_multistep_eval:returned:fixed_step_9,fixed_round,iter2_multistep_eval,fixed_step_9,returned_means,True,False,0,dev,250130,2075,30,127.67236998455057,False,9
iter2_multistep_eval:returned:fixed_step_9,fixed_round,iter2_multistep_eval,fixed_step_9,returned_means,True,False,1,test,310273,2670,59,16.2551045295219,True,9
iter2_multistep_eval:returned:fixed_step_9,fixed_round,iter2_multistep_eval,fixed_step_9,returned_means,True,False,2,dev,474552,3850,46,44.530668921118945,False,9
iter2_multistep_eval:returned:fixed_step_9,fixed_round,iter2_multistep_eval,fixed_step_9,returned_means,True,False,3,test,852952,6879,85,22.698161454483866,True,9
iter2_multistep_eval:returned:fixed_step_9,fixed_round,iter2_multistep_eval,fixed_step_9,returned_means,True,False,4,dev,1054158,8486,13,152.95209388994886,False,9
iter2_multistep_eval:returned:fixed_step_9,fixed_round,iter2_multistep_eval,fixed_step_9,returned_means,True,False,5,test,1131800,9181,3,19.0283416047557,True,9
iter2_multistep_eval:returned:fixed_step_9,fixed_round,iter2_multistep_eval,fixed_step_9,returned_means,True,False,6,dev,1172631,9572,18,133.34017871639816,False,9
iter2_multistep_eval:returned:fixed_step_9,fixed_round,iter2_multistep_eval,fixed_step_9,returned_means,True,False,7,test,1221675,9978,11,514.1983839852528,False,9
iter2_multistep_eval:returned:fixed_step_9,fixed_round,iter2_multistep_eval,fixed_step_9,returned_means,True,False,8,dev,1588091,12620,83,47.533501972119375,False,9
iter2_multistep_eval:returned:fixed_step_9,fixed_round,iter2_multistep_eval,fixed_step_9,returned_means,True,False,9,test,1901402,15145,80,239.87753323208278,False,9
iter2_multistep_eval:returned:fixed_step_9,fixed_round,iter2_multistep_eval,fixed_step_9,returned_means,True,False,10,dev,1952199,15647,50,19.51584952895715,True,9
iter2_multistep_eval:returned:fixed_step_9,fixed_round,iter2_multistep_eval,fixed_step_9,returned_means,True,False,11,test,2159639,17227,46,23.87097979507261,False,9
iter2_multistep_eval:returned:fixed_step_19,fixed_round,iter2_multistep_eval,fixed_step_19,returned_means,True,False,0,dev,250130,2075,30,242.98945119630727,False,19
iter2_multistep_eval:returned:fixed_step_19,fixed_round,iter2_multistep_eval,fixed_step_19,returned_means,True,False,1,test,310273,2670,59,19.940162732853764,True,19
iter2_multistep_eval:returned:fixed_step_19,fixed_round,iter2_multistep_eval,fixed_step_19,returned_means,True,False,2,dev,474552,3850,46,25.228508649645427,False,19
iter2_multistep_eval:returned:fixed_step_19,fixed_round,iter2_multistep_eval,fixed_step_19,returned_means,True,False,3,test,852952,6879,85,23.586213621304058,True,19
iter2_multistep_eval:returned:fixed_step_19,fixed_round,iter2_multistep_eval,fixed_step_19,returned_means,True,False,4,dev,1054158,8486,13,128.0239720152426,False,19
iter2_multistep_eval:returned:fixed_step_19,fixed_round,iter2_multistep_eval,fixed_step_19,returned_means,True,False,5,test,1131800,9181,3,17.475600585814277,True,19
iter2_multistep_eval:returned:fixed_step_19,fixed_round,iter2_multistep_eval,fixed_step_19,returned_means,True,False,6,dev,1172631,9572,18,140.57300965612336,False,19
iter2_multistep_eval:returned:fixed_step_19,fixed_round,iter2_multistep_eval,fixed_step_19,returned_means,True,False,7,test,1221675,9978,11,533.5863434197992,False,19
iter2_multistep_eval:returned:fixed_step_19,fixed_round,iter2_multistep_eval,fixed_step_19,returned_means,True,False,8,dev,1588091,12620,83,38.00034346564651,False,19
iter2_multistep_eval:returned:fixed_step_19,fixed_round,iter2_multistep_eval,fixed_step_19,returned_means,True,False,9,test,1901402,15145,80,172.16040191148105,False,19
iter2_multistep_eval:returned:fixed_step_19,fixed_round,iter2_multistep_eval,fixed_step_19,returned_means,True,False,10,dev,1952199,15647,50,18.216074315082974,True,19
iter2_multistep_eval:returned:fixed_step_19,fixed_round,iter2_multistep_eval,fixed_step_19,returned_means,True,False,11,test,2159639,17227,46,20.95842937994369,True,19
iter2_multistep_eval:returned:fixed_step_29,fixed_round,iter2_multistep_eval,fixed_step_29,returned_means,True,False,0,dev,250130,2075,30,257.70931368266247,False,29
iter2_multistep_eval:returned:fixed_step_29,fixed_round,iter2_multistep_eval,fixed_step_29,returned_means,True,False,1,test,310273,2670,59,18.263245323724178,True,29
iter2_multistep_eval:returned:fixed_step_29,fixed_round,iter2_multistep_eval,fixed_step_29,returned_means,True,False,2,dev,474552,3850,46,25.371452441368522,False,29
iter2_multistep_eval:returned:fixed_step_29,fixed_round,iter2_multistep_eval,fixed_step_29,returned_means,True,False,3,test,852952,6879,85,20.058497436535504,True,29
iter2_multistep_eval:returned:fixed_step_29,fixed_round,iter2_multistep_eval,fixed_step_29,returned_means,True,False,4,dev,1054158,8486,13,24.948320686795466,False,29
iter2_multistep_eval:returned:fixed_step_29,fixed_round,iter2_multistep_eval,fixed_step_29,returned_means,True,False,5,test,1131800,9181,3,19.107574972616593,True,29
iter2_multistep_eval:returned:fixed_step_29,fixed_round,iter2_multistep_eval,fixed_step_29,returned_means,True,False,6,dev,1172631,9572,18,156.78580506605,False,29
iter2_multistep_eval:returned:fixed_step_29,fixed_round,iter2_multistep_eval,fixed_step_29,returned_means,True,False,7,test,1221675,9978,11,518.7298193410745,False,29
iter2_multistep_eval:returned:fixed_step_29,fixed_round,iter2_multistep_eval,fixed_step_29,returned_means,True,False,8,dev,1588091,12620,83,36.73913384175345,False,29
iter2_multistep_eval:returned:fixed_step_29,fixed_round,iter2_multistep_eval,fixed_step_29,returned_means,True,False,9,test,1901402,15145,80,150.10463894325827,False,29
iter2_multistep_eval:returned:fixed_step_29,fixed_round,iter2_multistep_eval,fixed_step_29,returned_means,True,False,10,dev,1952199,15647,50,13.15248209903079,True,29
iter2_multistep_eval:returned:fixed_step_29,fixed_round,iter2_multistep_eval,fixed_step_29,returned_means,True,False,11,test,2159639,17227,46,21.797326434796645,True,29
iter2_multistep_eval:returned:dev_best_round,dev_tuned_fixed_round,iter2_multistep_eval,fixed_step_29,returned_means,True,True,0,dev,250130,2075,30,257.70931368266247,False,29
iter2_multistep_eval:returned:dev_best_round,dev_tuned_fixed_round,iter2_multistep_eval,fixed_step_29,returned_means,True,True,1,test,310273,2670,59,18.263245323724178,True,29
iter2_multistep_eval:returned:dev_best_round,dev_tuned_fixed_round,iter2_multistep_eval,fixed_step_29,returned_means,True,True,2,dev,474552,3850,46,25.371452441368522,False,29
iter2_multistep_eval:returned:dev_best_round,dev_tuned_fixed_round,iter2_multistep_eval,fixed_step_29,returned_means,True,True,3,test,852952,6879,85,20.058497436535504,True,29
iter2_multistep_eval:returned:dev_best_round,dev_tuned_fixed_round,iter2_multistep_eval,fixed_step_29,returned_means,True,True,4,dev,1054158,8486,13,24.948320686795466,False,29
iter2_multistep_eval:returned:dev_best_round,dev_tuned_fixed_round,iter2_multistep_eval,fixed_step_29,returned_means,True,True,5,test,1131800,9181,3,19.107574972616593,True,29
iter2_multistep_eval:returned:dev_best_round,dev_tuned_fixed_round,iter2_multistep_eval,fixed_step_29,returned_means,True,True,6,dev,1172631,9572,18,156.78580506605,False,29
iter2_multistep_eval:returned:dev_best_round,dev_tuned_fixed_round,iter2_multistep_eval,fixed_step_29,returned_means,True,True,7,test,1221675,9978,11,518.7298193410745,False,29
iter2_multistep_eval:returned:dev_best_round,dev_tuned_fixed_round,iter2_multistep_eval,fixed_step_29,returned_means,True,True,8,dev,1588091,12620,83,36.73913384175345,False,29
iter2_multistep_eval:returned:dev_best_round,dev_tuned_fixed_round,iter2_multistep_eval,fixed_step_29,returned_means,True,True,9,test,1901402,15145,80,150.10463894325827,False,29
iter2_multistep_eval:returned:dev_best_round,dev_tuned_fixed_round,iter2_multistep_eval,fixed_step_29,returned_means,True,True,10,dev,1952199,15647,50,13.15248209903079,True,29
iter2_multistep_eval:returned:dev_best_round,dev_tuned_fixed_round,iter2_multistep_eval,fixed_step_29,returned_means,True,True,11,test,2159639,17227,46,21.797326434796645,True,29
iter2_multistep_eval:returned:score_by_pd_d192_k3_eval,round_verification,iter2_multistep_eval,pd_d192_k3_eval,returned_means,True,False,0,dev,250130,2075,30,257.70931368266247,False,29
iter2_multistep_eval:returned:score_by_pd_d192_k3_eval,round_verification,iter2_multistep_eval,pd_d192_k3_eval,returned_means,True,False,1,test,310273,2670,59,18.263245323724178,True,29
iter2_multistep_eval:returned:score_by_pd_d192_k3_eval,round_verification,iter2_multistep_eval,pd_d192_k3_eval,returned_means,True,False,2,dev,474552,3850,46,25.371452441368522,False,29
iter2_multistep_eval:returned:score_by_pd_d192_k3_eval,round_verification,iter2_multistep_eval,pd_d192_k3_eval,returned_means,True,False,3,test,852952,6879,85,20.058497436535504,True,29
iter2_multistep_eval:returned:score_by_pd_d192_k3_eval,round_verification,iter2_multistep_eval,pd_d192_k3_eval,returned_means,True,False,4,dev,1054158,8486,13,24.948320686795466,False,29
iter2_multistep_eval:returned:score_by_pd_d192_k3_eval,round_verification,iter2_multistep_eval,pd_d192_k3_eval,returned_means,True,False,5,test,1131800,9181,3,19.107574972616593,True,29
iter2_multistep_eval:returned:score_by_pd_d192_k3_eval,round_verification,iter2_multistep_eval,pd_d192_k3_eval,returned_means,True,False,6,dev,1172631,9572,18,156.78580506605,False,29
iter2_multistep_eval:returned:score_by_pd_d192_k3_eval,round_verification,iter2_multistep_eval,pd_d192_k3_eval,returned_means,True,False,7,test,1221675,9978,11,249.53820180902264,False,0
iter2_multistep_eval:returned:score_by_pd_d192_k3_eval,round_verification,iter2_multistep_eval,pd_d192_k3_eval,returned_means,True,False,8,dev,1588091,12620,83,38.00034346564651,False,19
iter2_multistep_eval:returned:score_by_pd_d192_k3_eval,round_verification,iter2_multistep_eval,pd_d192_k3_eval,returned_means,True,False,9,test,1901402,15145,80,150.10463894325827,False,29
iter2_multistep_eval:returned:score_by_pd_d192_k3_eval,round_verification,iter2_multistep_eval,pd_d192_k3_eval,returned_means,True,False,10,dev,1952199,15647,50,13.15248209903079,True,29
iter2_multistep_eval:returned:score_by_pd_d192_k3_eval,round_verification,iter2_multistep_eval,pd_d192_k3_eval,returned_means,True,False,11,test,2159639,17227,46,21.797326434796645,True,29
iter2_multistep_eval:returned:score_by_iter2_multistep_eval,round_verification,iter2_multistep_eval,iter2_multistep_eval,returned_means,True,False,0,dev,250130,2075,30,257.70931368266247,False,29
iter2_multistep_eval:returned:score_by_iter2_multistep_eval,round_verification,iter2_multistep_eval,iter2_multistep_eval,returned_means,True,False,1,test,310273,2670,59,18.263245323724178,True,29
iter2_multistep_eval:returned:score_by_iter2_multistep_eval,round_verification,iter2_multistep_eval,iter2_multistep_eval,returned_means,True,False,2,dev,474552,3850,46,25.371452441368522,False,29
iter2_multistep_eval:returned:score_by_iter2_multistep_eval,round_verification,iter2_multistep_eval,iter2_multistep_eval,returned_means,True,False,3,test,852952,6879,85,20.058497436535504,True,29
iter2_multistep_eval:returned:score_by_iter2_multistep_eval,round_verification,iter2_multistep_eval,iter2_multistep_eval,returned_means,True,False,4,dev,1054158,8486,13,24.948320686795466,False,29
iter2_multistep_eval:returned:score_by_iter2_multistep_eval,round_verification,iter2_multistep_eval,iter2_multistep_eval,returned_means,True,False,5,test,1131800,9181,3,19.107574972616593,True,29
iter2_multistep_eval:returned:score_by_iter2_multistep_eval,round_verification,iter2_multistep_eval,iter2_multistep_eval,returned_means,True,False,6,dev,1172631,9572,18,156.78580506605,False,29
iter2_multistep_eval:returned:score_by_iter2_multistep_eval,round_verification,iter2_multistep_eval,iter2_multistep_eval,returned_means,True,False,7,test,1221675,9978,11,518.7298193410745,False,29
iter2_multistep_eval:returned:score_by_iter2_multistep_eval,round_verification,iter2_multistep_eval,iter2_multistep_eval,returned_means,True,False,8,dev,1588091,12620,83,36.73913384175345,False,29
iter2_multistep_eval:returned:score_by_iter2_multistep_eval,round_verification,iter2_multistep_eval,iter2_multistep_eval,returned_means,True,False,9,test,1901402,15145,80,150.10463894325827,False,29
iter2_multistep_eval:returned:score_by_iter2_multistep_eval,round_verification,iter2_multistep_eval,iter2_multistep_eval,returned_means,True,False,10,dev,1952199,15647,50,13.15248209903079,True,29
iter2_multistep_eval:returned:score_by_iter2_multistep_eval,round_verification,iter2_multistep_eval,iter2_multistep_eval,returned_means,True,False,11,test,2159639,17227,46,21.797326434796645,True,29
iter2_multistep_eval:returned:score_by_pd_d192_k10_eval,round_verification,iter2_multistep_eval,pd_d192_k10_eval,returned_means,True,False,0,dev,250130,2075,30,257.70931368266247,False,29
iter2_multistep_eval:returned:score_by_pd_d192_k10_eval,round_verification,iter2_multistep_eval,pd_d192_k10_eval,returned_means,True,False,1,test,310273,2670,59,18.263245323724178,True,29
iter2_multistep_eval:returned:score_by_pd_d192_k10_eval,round_verification,iter2_multistep_eval,pd_d192_k10_eval,returned_means,True,False,2,dev,474552,3850,46,47.16650177202152,False,4
iter2_multistep_eval:returned:score_by_pd_d192_k10_eval,round_verification,iter2_multistep_eval,pd_d192_k10_eval,returned_means,True,False,3,test,852952,6879,85,20.058497436535504,True,29
iter2_multistep_eval:returned:score_by_pd_d192_k10_eval,round_verification,iter2_multistep_eval,pd_d192_k10_eval,returned_means,True,False,4,dev,1054158,8486,13,24.948320686795466,False,29
iter2_multistep_eval:returned:score_by_pd_d192_k10_eval,round_verification,iter2_multistep_eval,pd_d192_k10_eval,returned_means,True,False,5,test,1131800,9181,3,19.107574972616593,True,29
iter2_multistep_eval:returned:score_by_pd_d192_k10_eval,round_verification,iter2_multistep_eval,pd_d192_k10_eval,returned_means,True,False,6,dev,1172631,9572,18,142.84232961563131,False,2
iter2_multistep_eval:returned:score_by_pd_d192_k10_eval,round_verification,iter2_multistep_eval,pd_d192_k10_eval,returned_means,True,False,7,test,1221675,9978,11,518.7298193410745,False,29
iter2_multistep_eval:returned:score_by_pd_d192_k10_eval,round_verification,iter2_multistep_eval,pd_d192_k10_eval,returned_means,True,False,8,dev,1588091,12620,83,38.00034346564651,False,19
iter2_multistep_eval:returned:score_by_pd_d192_k10_eval,round_verification,iter2_multistep_eval,pd_d192_k10_eval,returned_means,True,False,9,test,1901402,15145,80,172.16040191148105,False,19
iter2_multistep_eval:returned:score_by_pd_d192_k10_eval,round_verification,iter2_multistep_eval,pd_d192_k10_eval,returned_means,True,False,10,dev,1952199,15647,50,17.18496505964242,True,4
iter2_multistep_eval:returned:score_by_pd_d192_k10_eval,round_verification,iter2_multistep_eval,pd_d192_k10_eval,returned_means,True,False,11,test,2159639,17227,46,21.797326434796645,True,29
iter2_multistep_eval:returned:consensus,round_verification,iter2_multistep_eval,all_rank_consensus,returned_means,True,False,0,dev,250130,2075,30,257.70931368266247,False,29
iter2_multistep_eval:returned:consensus,round_verification,iter2_multistep_eval,all_rank_consensus,returned_means,True,False,1,test,310273,2670,59,18.263245323724178,True,29
iter2_multistep_eval:returned:consensus,round_verification,iter2_multistep_eval,all_rank_consensus,returned_means,True,False,2,dev,474552,3850,46,25.371452441368522,False,29
iter2_multistep_eval:returned:consensus,round_verification,iter2_multistep_eval,all_rank_consensus,returned_means,True,False,3,test,852952,6879,85,20.058497436535504,True,29
iter2_multistep_eval:returned:consensus,round_verification,iter2_multistep_eval,all_rank_consensus,returned_means,True,False,4,dev,1054158,8486,13,24.948320686795466,False,29
iter2_multistep_eval:returned:consensus,round_verification,iter2_multistep_eval,all_rank_consensus,returned_means,True,False,5,test,1131800,9181,3,19.107574972616593,True,29
iter2_multistep_eval:returned:consensus,round_verification,iter2_multistep_eval,all_rank_consensus,returned_means,True,False,6,dev,1172631,9572,18,156.78580506605,False,29
iter2_multistep_eval:returned:consensus,round_verification,iter2_multistep_eval,all_rank_consensus,returned_means,True,False,7,test,1221675,9978,11,518.7298193410745,False,29
iter2_multistep_eval:returned:consensus,round_verification,iter2_multistep_eval,all_rank_consensus,returned_means,True,False,8,dev,1588091,12620,83,38.00034346564651,False,19
iter2_multistep_eval:returned:consensus,round_verification,iter2_multistep_eval,all_rank_consensus,returned_means,True,False,9,test,1901402,15145,80,172.16040191148105,False,19
iter2_multistep_eval:returned:consensus,round_verification,iter2_multistep_eval,all_rank_consensus,returned_means,True,False,10,dev,1952199,15647,50,18.216074315082974,True,19
iter2_multistep_eval:returned:consensus,round_verification,iter2_multistep_eval,all_rank_consensus,returned_means,True,False,11,test,2159639,17227,46,21.797326434796645,True,29
iter2_multistep_eval:returned:nonself_consensus,round_verification,iter2_multistep_eval,nonself_rank_consensus,returned_means,True,False,0,dev,250130,2075,30,257.70931368266247,False,29
iter2_multistep_eval:returned:nonself_consensus,round_verification,iter2_multistep_eval,nonself_rank_consensus,returned_means,True,False,1,test,310273,2670,59,18.263245323724178,True,29
iter2_multistep_eval:returned:nonself_consensus,round_verification,iter2_multistep_eval,nonself_rank_consensus,returned_means,True,False,2,dev,474552,3850,46,47.16650177202152,False,4
iter2_multistep_eval:returned:nonself_consensus,round_verification,iter2_multistep_eval,nonself_rank_consensus,returned_means,True,False,3,test,852952,6879,85,20.058497436535504,True,29
iter2_multistep_eval:returned:nonself_consensus,round_verification,iter2_multistep_eval,nonself_rank_consensus,returned_means,True,False,4,dev,1054158,8486,13,24.948320686795466,False,29
iter2_multistep_eval:returned:nonself_consensus,round_verification,iter2_multistep_eval,nonself_rank_consensus,returned_means,True,False,5,test,1131800,9181,3,19.107574972616593,True,29
iter2_multistep_eval:returned:nonself_consensus,round_verification,iter2_multistep_eval,nonself_rank_consensus,returned_means,True,False,6,dev,1172631,9572,18,142.84232961563131,False,2
iter2_multistep_eval:returned:nonself_consensus,round_verification,iter2_multistep_eval,nonself_rank_consensus,returned_means,True,False,7,test,1221675,9978,11,336.6382392305476,False,4
iter2_multistep_eval:returned:nonself_consensus,round_verification,iter2_multistep_eval,nonself_rank_consensus,returned_means,True,False,8,dev,1588091,12620,83,38.00034346564651,False,19
iter2_multistep_eval:returned:nonself_consensus,round_verification,iter2_multistep_eval,nonself_rank_consensus,returned_means,True,False,9,test,1901402,15145,80,172.16040191148105,False,19
iter2_multistep_eval:returned:nonself_consensus,round_verification,iter2_multistep_eval,nonself_rank_consensus,returned_means,True,False,10,dev,1952199,15647,50,18.216074315082974,True,19
iter2_multistep_eval:returned:nonself_consensus,round_verification,iter2_multistep_eval,nonself_rank_consensus,returned_means,True,False,11,test,2159639,17227,46,21.797326434796645,True,29
iter2_multistep_eval:returned:oracle_round,oracle_ceiling,iter2_multistep_eval,true_simulator_cost,returned_means,False,False,0,dev,250130,2075,30,127.67236998455057,False,9
iter2_multistep_eval:returned:oracle_round,oracle_ceiling,iter2_multistep_eval,true_simulator_cost,returned_means,False,False,1,test,310273,2670,59,16.2551045295219,True,9
iter2_multistep_eval:returned:oracle_round,oracle_ceiling,iter2_multistep_eval,true_simulator_cost,returned_means,False,False,2,dev,474552,3850,46,25.228508649645427,False,19
iter2_multistep_eval:returned:oracle_round,oracle_ceiling,iter2_multistep_eval,true_simulator_cost,returned_means,False,False,3,test,852952,6879,85,20.058497436535504,True,29
iter2_multistep_eval:returned:oracle_round,oracle_ceiling,iter2_multistep_eval,true_simulator_cost,returned_means,False,False,4,dev,1054158,8486,13,24.948320686795466,False,29
iter2_multistep_eval:returned:oracle_round,oracle_ceiling,iter2_multistep_eval,true_simulator_cost,returned_means,False,False,5,test,1131800,9181,3,16.542936721835947,True,4
iter2_multistep_eval:returned:oracle_round,oracle_ceiling,iter2_multistep_eval,true_simulator_cost,returned_means,False,False,6,dev,1172631,9572,18,106.45251385495318,False,4
iter2_multistep_eval:returned:oracle_round,oracle_ceiling,iter2_multistep_eval,true_simulator_cost,returned_means,False,False,7,test,1221675,9978,11,249.53820180902264,False,0
iter2_multistep_eval:returned:oracle_round,oracle_ceiling,iter2_multistep_eval,true_simulator_cost,returned_means,False,False,8,dev,1588091,12620,83,36.73913384175345,False,29
iter2_multistep_eval:returned:oracle_round,oracle_ceiling,iter2_multistep_eval,true_simulator_cost,returned_means,False,False,9,test,1901402,15145,80,150.10463894325827,False,29
iter2_multistep_eval:returned:oracle_round,oracle_ceiling,iter2_multistep_eval,true_simulator_cost,returned_means,False,False,10,dev,1952199,15647,50,13.15248209903079,True,29
iter2_multistep_eval:returned:oracle_round,oracle_ceiling,iter2_multistep_eval,true_simulator_cost,returned_means,False,False,11,test,2159639,17227,46,20.95842937994369,True,19
iter2_multistep_eval:population_all:score_by_pd_d192_k3_eval,population_verification,iter2_multistep_eval,pd_d192_k3_eval,all_recorded_populations,True,False,0,dev,250130,2075,30,194.14483979387148,False,29
iter2_multistep_eval:population_all:score_by_pd_d192_k3_eval,population_verification,iter2_multistep_eval,pd_d192_k3_eval,all_recorded_populations,True,False,1,test,310273,2670,59,18.90031684355226,True,29
iter2_multistep_eval:population_all:score_by_pd_d192_k3_eval,population_verification,iter2_multistep_eval,pd_d192_k3_eval,all_recorded_populations,True,False,2,dev,474552,3850,46,25.013727707093135,False,29
iter2_multistep_eval:population_all:score_by_pd_d192_k3_eval,population_verification,iter2_multistep_eval,pd_d192_k3_eval,all_recorded_populations,True,False,3,test,852952,6879,85,14.13473643030046,True,29
iter2_multistep_eval:population_all:score_by_pd_d192_k3_eval,population_verification,iter2_multistep_eval,pd_d192_k3_eval,all_recorded_populations,True,False,4,dev,1054158,8486,13,32.52003482908932,False,29
iter2_multistep_eval:population_all:score_by_pd_d192_k3_eval,population_verification,iter2_multistep_eval,pd_d192_k3_eval,all_recorded_populations,True,False,5,test,1131800,9181,3,22.02928189824872,False,2
iter2_multistep_eval:population_all:score_by_pd_d192_k3_eval,population_verification,iter2_multistep_eval,pd_d192_k3_eval,all_recorded_populations,True,False,6,dev,1172631,9572,18,58.855133882113385,False,4
iter2_multistep_eval:population_all:score_by_pd_d192_k3_eval,population_verification,iter2_multistep_eval,pd_d192_k3_eval,all_recorded_populations,True,False,7,test,1221675,9978,11,235.92764432161502,False,0
iter2_multistep_eval:population_all:score_by_pd_d192_k3_eval,population_verification,iter2_multistep_eval,pd_d192_k3_eval,all_recorded_populations,True,False,8,dev,1588091,12620,83,88.0796719707121,False,9
iter2_multistep_eval:population_all:score_by_pd_d192_k3_eval,population_verification,iter2_multistep_eval,pd_d192_k3_eval,all_recorded_populations,True,False,9,test,1901402,15145,80,212.22188728865592,False,29
iter2_multistep_eval:population_all:score_by_pd_d192_k3_eval,population_verification,iter2_multistep_eval,pd_d192_k3_eval,all_recorded_populations,True,False,10,dev,1952199,15647,50,18.59206576874182,True,29
iter2_multistep_eval:population_all:score_by_pd_d192_k3_eval,population_verification,iter2_multistep_eval,pd_d192_k3_eval,all_recorded_populations,True,False,11,test,2159639,17227,46,20.8817183763185,False,19
iter2_multistep_eval:population_elite:score_by_pd_d192_k3_eval,elite_verification,iter2_multistep_eval,pd_d192_k3_eval,recorded_generator_elites,True,False,0,dev,250130,2075,30,75.01767406667462,False,29
iter2_multistep_eval:population_elite:score_by_pd_d192_k3_eval,elite_verification,iter2_multistep_eval,pd_d192_k3_eval,recorded_generator_elites,True,False,1,test,310273,2670,59,13.901518503100677,True,19
iter2_multistep_eval:population_elite:score_by_pd_d192_k3_eval,elite_verification,iter2_multistep_eval,pd_d192_k3_eval,recorded_generator_elites,True,False,2,dev,474552,3850,46,25.013727707093135,False,29
iter2_multistep_eval:population_elite:score_by_pd_d192_k3_eval,elite_verification,iter2_multistep_eval,pd_d192_k3_eval,recorded_generator_elites,True,False,3,test,852952,6879,85,14.13473643030046,True,29
iter2_multistep_eval:population_elite:score_by_pd_d192_k3_eval,elite_verification,iter2_multistep_eval,pd_d192_k3_eval,recorded_generator_elites,True,False,4,dev,1054158,8486,13,32.52003482908932,False,29
iter2_multistep_eval:population_elite:score_by_pd_d192_k3_eval,elite_verification,iter2_multistep_eval,pd_d192_k3_eval,recorded_generator_elites,True,False,5,test,1131800,9181,3,22.02928189824872,False,2
iter2_multistep_eval:population_elite:score_by_pd_d192_k3_eval,elite_verification,iter2_multistep_eval,pd_d192_k3_eval,recorded_generator_elites,True,False,6,dev,1172631,9572,18,58.855133882113385,False,4
iter2_multistep_eval:population_elite:score_by_pd_d192_k3_eval,elite_verification,iter2_multistep_eval,pd_d192_k3_eval,recorded_generator_elites,True,False,7,test,1221675,9978,11,235.92764432161502,False,0
iter2_multistep_eval:population_elite:score_by_pd_d192_k3_eval,elite_verification,iter2_multistep_eval,pd_d192_k3_eval,recorded_generator_elites,True,False,8,dev,1588091,12620,83,71.66933587441211,False,9
iter2_multistep_eval:population_elite:score_by_pd_d192_k3_eval,elite_verification,iter2_multistep_eval,pd_d192_k3_eval,recorded_generator_elites,True,False,9,test,1901402,15145,80,146.0294525263239,False,29
iter2_multistep_eval:population_elite:score_by_pd_d192_k3_eval,elite_verification,iter2_multistep_eval,pd_d192_k3_eval,recorded_generator_elites,True,False,10,dev,1952199,15647,50,18.59206576874182,True,29
iter2_multistep_eval:population_elite:score_by_pd_d192_k3_eval,elite_verification,iter2_multistep_eval,pd_d192_k3_eval,recorded_generator_elites,True,False,11,test,2159639,17227,46,23.859712738104474,False,19
iter2_multistep_eval:population_all:score_by_iter2_multistep_eval,population_verification,iter2_multistep_eval,iter2_multistep_eval,all_recorded_populations,True,False,0,dev,250130,2075,30,80.33389102905087,False,29
iter2_multistep_eval:population_all:score_by_iter2_multistep_eval,population_verification,iter2_multistep_eval,iter2_multistep_eval,all_recorded_populations,True,False,1,test,310273,2670,59,17.763675266179963,True,29
iter2_multistep_eval:population_all:score_by_iter2_multistep_eval,population_verification,iter2_multistep_eval,iter2_multistep_eval,all_recorded_populations,True,False,2,dev,474552,3850,46,21.389416762013376,False,29
iter2_multistep_eval:population_all:score_by_iter2_multistep_eval,population_verification,iter2_multistep_eval,iter2_multistep_eval,all_recorded_populations,True,False,3,test,852952,6879,85,18.77410759211059,True,29
iter2_multistep_eval:population_all:score_by_iter2_multistep_eval,population_verification,iter2_multistep_eval,iter2_multistep_eval,all_recorded_populations,True,False,4,dev,1054158,8486,13,24.978821950616314,False,29
iter2_multistep_eval:population_all:score_by_iter2_multistep_eval,population_verification,iter2_multistep_eval,iter2_multistep_eval,all_recorded_populations,True,False,5,test,1131800,9181,3,15.769220429619555,True,29
iter2_multistep_eval:population_all:score_by_iter2_multistep_eval,population_verification,iter2_multistep_eval,iter2_multistep_eval,all_recorded_populations,True,False,6,dev,1172631,9572,18,166.80468193178484,False,29
iter2_multistep_eval:population_all:score_by_iter2_multistep_eval,population_verification,iter2_multistep_eval,iter2_multistep_eval,all_recorded_populations,True,False,7,test,1221675,9978,11,520.9947693158276,False,29
iter2_multistep_eval:population_all:score_by_iter2_multistep_eval,population_verification,iter2_multistep_eval,iter2_multistep_eval,all_recorded_populations,True,False,8,dev,1588091,12620,83,36.2533441445054,False,29
iter2_multistep_eval:population_all:score_by_iter2_multistep_eval,population_verification,iter2_multistep_eval,iter2_multistep_eval,all_recorded_populations,True,False,9,test,1901402,15145,80,210.5206094616341,False,29
iter2_multistep_eval:population_all:score_by_iter2_multistep_eval,population_verification,iter2_multistep_eval,iter2_multistep_eval,all_recorded_populations,True,False,10,dev,1952199,15647,50,19.472476997194942,True,29
iter2_multistep_eval:population_all:score_by_iter2_multistep_eval,population_verification,iter2_multistep_eval,iter2_multistep_eval,all_recorded_populations,True,False,11,test,2159639,17227,46,22.17318352144384,True,29
iter2_multistep_eval:population_elite:score_by_iter2_multistep_eval,elite_verification,iter2_multistep_eval,iter2_multistep_eval,recorded_generator_elites,True,False,0,dev,250130,2075,30,80.33389102905087,False,29
iter2_multistep_eval:population_elite:score_by_iter2_multistep_eval,elite_verification,iter2_multistep_eval,iter2_multistep_eval,recorded_generator_elites,True,False,1,test,310273,2670,59,17.763675266179963,True,29
iter2_multistep_eval:population_elite:score_by_iter2_multistep_eval,elite_verification,iter2_multistep_eval,iter2_multistep_eval,recorded_generator_elites,True,False,2,dev,474552,3850,46,21.389416762013376,False,29
iter2_multistep_eval:population_elite:score_by_iter2_multistep_eval,elite_verification,iter2_multistep_eval,iter2_multistep_eval,recorded_generator_elites,True,False,3,test,852952,6879,85,18.77410759211059,True,29
iter2_multistep_eval:population_elite:score_by_iter2_multistep_eval,elite_verification,iter2_multistep_eval,iter2_multistep_eval,recorded_generator_elites,True,False,4,dev,1054158,8486,13,24.978821950616314,False,29
iter2_multistep_eval:population_elite:score_by_iter2_multistep_eval,elite_verification,iter2_multistep_eval,iter2_multistep_eval,recorded_generator_elites,True,False,5,test,1131800,9181,3,15.769220429619555,True,29
iter2_multistep_eval:population_elite:score_by_iter2_multistep_eval,elite_verification,iter2_multistep_eval,iter2_multistep_eval,recorded_generator_elites,True,False,6,dev,1172631,9572,18,166.80468193178484,False,29
iter2_multistep_eval:population_elite:score_by_iter2_multistep_eval,elite_verification,iter2_multistep_eval,iter2_multistep_eval,recorded_generator_elites,True,False,7,test,1221675,9978,11,520.9947693158276,False,29
iter2_multistep_eval:population_elite:score_by_iter2_multistep_eval,elite_verification,iter2_multistep_eval,iter2_multistep_eval,recorded_generator_elites,True,False,8,dev,1588091,12620,83,36.2533441445054,False,29
iter2_multistep_eval:population_elite:score_by_iter2_multistep_eval,elite_verification,iter2_multistep_eval,iter2_multistep_eval,recorded_generator_elites,True,False,9,test,1901402,15145,80,210.5206094616341,False,29
iter2_multistep_eval:population_elite:score_by_iter2_multistep_eval,elite_verification,iter2_multistep_eval,iter2_multistep_eval,recorded_generator_elites,True,False,10,dev,1952199,15647,50,19.472476997194942,True,29
iter2_multistep_eval:population_elite:score_by_iter2_multistep_eval,elite_verification,iter2_multistep_eval,iter2_multistep_eval,recorded_generator_elites,True,False,11,test,2159639,17227,46,22.17318352144384,True,29
iter2_multistep_eval:population_all:score_by_pd_d192_k10_eval,population_verification,iter2_multistep_eval,pd_d192_k10_eval,all_recorded_populations,True,False,0,dev,250130,2075,30,77.7487165759938,False,29
iter2_multistep_eval:population_all:score_by_pd_d192_k10_eval,population_verification,iter2_multistep_eval,pd_d192_k10_eval,all_recorded_populations,True,False,1,test,310273,2670,59,18.709448270095873,True,29
iter2_multistep_eval:population_all:score_by_pd_d192_k10_eval,population_verification,iter2_multistep_eval,pd_d192_k10_eval,all_recorded_populations,True,False,2,dev,474552,3850,46,36.82277407284535,False,19
iter2_multistep_eval:population_all:score_by_pd_d192_k10_eval,population_verification,iter2_multistep_eval,pd_d192_k10_eval,all_recorded_populations,True,False,3,test,852952,6879,85,18.459169913597975,True,9
iter2_multistep_eval:population_all:score_by_pd_d192_k10_eval,population_verification,iter2_multistep_eval,pd_d192_k10_eval,all_recorded_populations,True,False,4,dev,1054158,8486,13,103.16708697207376,False,29
iter2_multistep_eval:population_all:score_by_pd_d192_k10_eval,population_verification,iter2_multistep_eval,pd_d192_k10_eval,all_recorded_populations,True,False,5,test,1131800,9181,3,19.898806959550715,True,19
iter2_multistep_eval:population_all:score_by_pd_d192_k10_eval,population_verification,iter2_multistep_eval,pd_d192_k10_eval,all_recorded_populations,True,False,6,dev,1172631,9572,18,84.78201327272126,False,4
iter2_multistep_eval:population_all:score_by_pd_d192_k10_eval,population_verification,iter2_multistep_eval,pd_d192_k10_eval,all_recorded_populations,True,False,7,test,1221675,9978,11,584.0505288086794,False,9
iter2_multistep_eval:population_all:score_by_pd_d192_k10_eval,population_verification,iter2_multistep_eval,pd_d192_k10_eval,all_recorded_populations,True,False,8,dev,1588091,12620,83,43.055847807270766,False,19
iter2_multistep_eval:population_all:score_by_pd_d192_k10_eval,population_verification,iter2_multistep_eval,pd_d192_k10_eval,all_recorded_populations,True,False,9,test,1901402,15145,80,222.1055242471498,False,19
iter2_multistep_eval:population_all:score_by_pd_d192_k10_eval,population_verification,iter2_multistep_eval,pd_d192_k10_eval,all_recorded_populations,True,False,10,dev,1952199,15647,50,18.453831819924044,True,19
iter2_multistep_eval:population_all:score_by_pd_d192_k10_eval,population_verification,iter2_multistep_eval,pd_d192_k10_eval,all_recorded_populations,True,False,11,test,2159639,17227,46,18.345386643964694,True,29
iter2_multistep_eval:population_elite:score_by_pd_d192_k10_eval,elite_verification,iter2_multistep_eval,pd_d192_k10_eval,recorded_generator_elites,True,False,0,dev,250130,2075,30,80.33389102905087,False,29
iter2_multistep_eval:population_elite:score_by_pd_d192_k10_eval,elite_verification,iter2_multistep_eval,pd_d192_k10_eval,recorded_generator_elites,True,False,1,test,310273,2670,59,18.709448270095873,True,29
iter2_multistep_eval:population_elite:score_by_pd_d192_k10_eval,elite_verification,iter2_multistep_eval,pd_d192_k10_eval,recorded_generator_elites,True,False,2,dev,474552,3850,46,40.121115872316594,False,9
iter2_multistep_eval:population_elite:score_by_pd_d192_k10_eval,elite_verification,iter2_multistep_eval,pd_d192_k10_eval,recorded_generator_elites,True,False,3,test,852952,6879,85,18.459169913597975,True,9
iter2_multistep_eval:population_elite:score_by_pd_d192_k10_eval,elite_verification,iter2_multistep_eval,pd_d192_k10_eval,recorded_generator_elites,True,False,4,dev,1054158,8486,13,103.16708697207376,False,29
iter2_multistep_eval:population_elite:score_by_pd_d192_k10_eval,elite_verification,iter2_multistep_eval,pd_d192_k10_eval,recorded_generator_elites,True,False,5,test,1131800,9181,3,18.29506852577266,True,19
iter2_multistep_eval:population_elite:score_by_pd_d192_k10_eval,elite_verification,iter2_multistep_eval,pd_d192_k10_eval,recorded_generator_elites,True,False,6,dev,1172631,9572,18,84.78201327272126,False,4
iter2_multistep_eval:population_elite:score_by_pd_d192_k10_eval,elite_verification,iter2_multistep_eval,pd_d192_k10_eval,recorded_generator_elites,True,False,7,test,1221675,9978,11,525.2947879693221,False,29
iter2_multistep_eval:population_elite:score_by_pd_d192_k10_eval,elite_verification,iter2_multistep_eval,pd_d192_k10_eval,recorded_generator_elites,True,False,8,dev,1588091,12620,83,35.9025465035018,False,9
iter2_multistep_eval:population_elite:score_by_pd_d192_k10_eval,elite_verification,iter2_multistep_eval,pd_d192_k10_eval,recorded_generator_elites,True,False,9,test,1901402,15145,80,248.16911437278256,False,9
iter2_multistep_eval:population_elite:score_by_pd_d192_k10_eval,elite_verification,iter2_multistep_eval,pd_d192_k10_eval,recorded_generator_elites,True,False,10,dev,1952199,15647,50,18.453831819924044,True,19
iter2_multistep_eval:population_elite:score_by_pd_d192_k10_eval,elite_verification,iter2_multistep_eval,pd_d192_k10_eval,recorded_generator_elites,True,False,11,test,2159639,17227,46,19.911813572099497,True,29
iter2_multistep_eval:population_all:all_rank_consensus,population_verification,iter2_multistep_eval,all_rank_consensus,all_recorded_populations,True,False,0,dev,250130,2075,30,77.7487165759938,False,29
iter2_multistep_eval:population_all:all_rank_consensus,population_verification,iter2_multistep_eval,all_rank_consensus,all_recorded_populations,True,False,1,test,310273,2670,59,15.711608877340813,True,29
iter2_multistep_eval:population_all:all_rank_consensus,population_verification,iter2_multistep_eval,all_rank_consensus,all_recorded_populations,True,False,2,dev,474552,3850,46,25.861894233089604,False,29
iter2_multistep_eval:population_all:all_rank_consensus,population_verification,iter2_multistep_eval,all_rank_consensus,all_recorded_populations,True,False,3,test,852952,6879,85,18.121258061849854,True,29
iter2_multistep_eval:population_all:all_rank_consensus,population_verification,iter2_multistep_eval,all_rank_consensus,all_recorded_populations,True,False,4,dev,1054158,8486,13,19.747307169901724,True,29
iter2_multistep_eval:population_all:all_rank_consensus,population_verification,iter2_multistep_eval,all_rank_consensus,all_recorded_populations,True,False,5,test,1131800,9181,3,16.63972979653997,True,29
iter2_multistep_eval:population_all:all_rank_consensus,population_verification,iter2_multistep_eval,all_rank_consensus,all_recorded_populations,True,False,6,dev,1172631,9572,18,142.12124658959837,False,29
iter2_multistep_eval:population_all:all_rank_consensus,population_verification,iter2_multistep_eval,all_rank_consensus,all_recorded_populations,True,False,7,test,1221675,9978,11,518.4912221455061,False,29
iter2_multistep_eval:population_all:all_rank_consensus,population_verification,iter2_multistep_eval,all_rank_consensus,all_recorded_populations,True,False,8,dev,1588091,12620,83,39.21580468590654,False,19
iter2_multistep_eval:population_all:all_rank_consensus,population_verification,iter2_multistep_eval,all_rank_consensus,all_recorded_populations,True,False,9,test,1901402,15145,80,181.34487148600567,False,29
iter2_multistep_eval:population_all:all_rank_consensus,population_verification,iter2_multistep_eval,all_rank_consensus,all_recorded_populations,True,False,10,dev,1952199,15647,50,18.59206576874182,True,29
iter2_multistep_eval:population_all:all_rank_consensus,population_verification,iter2_multistep_eval,all_rank_consensus,all_recorded_populations,True,False,11,test,2159639,17227,46,15.926599934195957,True,29
iter2_multistep_eval:population_elite:all_rank_consensus,elite_verification,iter2_multistep_eval,all_rank_consensus,recorded_generator_elites,True,False,0,dev,250130,2075,30,80.33389102905087,False,29
iter2_multistep_eval:population_elite:all_rank_consensus,elite_verification,iter2_multistep_eval,all_rank_consensus,recorded_generator_elites,True,False,1,test,310273,2670,59,15.711608877340813,True,29
iter2_multistep_eval:population_elite:all_rank_consensus,elite_verification,iter2_multistep_eval,all_rank_consensus,recorded_generator_elites,True,False,2,dev,474552,3850,46,32.77308511091517,False,29
iter2_multistep_eval:population_elite:all_rank_consensus,elite_verification,iter2_multistep_eval,all_rank_consensus,recorded_generator_elites,True,False,3,test,852952,6879,85,18.121258061849854,True,29
iter2_multistep_eval:population_elite:all_rank_consensus,elite_verification,iter2_multistep_eval,all_rank_consensus,recorded_generator_elites,True,False,4,dev,1054158,8486,13,19.747307169901724,True,29
iter2_multistep_eval:population_elite:all_rank_consensus,elite_verification,iter2_multistep_eval,all_rank_consensus,recorded_generator_elites,True,False,5,test,1131800,9181,3,16.63972979653997,True,29
iter2_multistep_eval:population_elite:all_rank_consensus,elite_verification,iter2_multistep_eval,all_rank_consensus,recorded_generator_elites,True,False,6,dev,1172631,9572,18,152.40572064485744,False,29
iter2_multistep_eval:population_elite:all_rank_consensus,elite_verification,iter2_multistep_eval,all_rank_consensus,recorded_generator_elites,True,False,7,test,1221675,9978,11,510.30801799962245,False,29
iter2_multistep_eval:population_elite:all_rank_consensus,elite_verification,iter2_multistep_eval,all_rank_consensus,recorded_generator_elites,True,False,8,dev,1588091,12620,83,39.21580468590654,False,19
iter2_multistep_eval:population_elite:all_rank_consensus,elite_verification,iter2_multistep_eval,all_rank_consensus,recorded_generator_elites,True,False,9,test,1901402,15145,80,165.30153786280943,False,29
iter2_multistep_eval:population_elite:all_rank_consensus,elite_verification,iter2_multistep_eval,all_rank_consensus,recorded_generator_elites,True,False,10,dev,1952199,15647,50,18.59206576874182,True,29
iter2_multistep_eval:population_elite:all_rank_consensus,elite_verification,iter2_multistep_eval,all_rank_consensus,recorded_generator_elites,True,False,11,test,2159639,17227,46,15.926599934195957,True,29
iter2_multistep_eval:population_all:nonself_rank_consensus,population_verification,iter2_multistep_eval,nonself_rank_consensus,all_recorded_populations,True,False,0,dev,250130,2075,30,194.14483979387148,False,29
iter2_multistep_eval:population_all:nonself_rank_consensus,population_verification,iter2_multistep_eval,nonself_rank_consensus,all_recorded_populations,True,False,1,test,310273,2670,59,15.009297800700196,True,29
iter2_multistep_eval:population_all:nonself_rank_consensus,population_verification,iter2_multistep_eval,nonself_rank_consensus,all_recorded_populations,True,False,2,dev,474552,3850,46,25.861894233089604,False,29
iter2_multistep_eval:population_all:nonself_rank_consensus,population_verification,iter2_multistep_eval,nonself_rank_consensus,all_recorded_populations,True,False,3,test,852952,6879,85,18.121258061849854,True,29
iter2_multistep_eval:population_all:nonself_rank_consensus,population_verification,iter2_multistep_eval,nonself_rank_consensus,all_recorded_populations,True,False,4,dev,1054158,8486,13,32.52003482908932,False,29
iter2_multistep_eval:population_all:nonself_rank_consensus,population_verification,iter2_multistep_eval,nonself_rank_consensus,all_recorded_populations,True,False,5,test,1131800,9181,3,19.898806959550715,True,19
iter2_multistep_eval:population_all:nonself_rank_consensus,population_verification,iter2_multistep_eval,nonself_rank_consensus,all_recorded_populations,True,False,6,dev,1172631,9572,18,68.56332442087268,False,4
iter2_multistep_eval:population_all:nonself_rank_consensus,population_verification,iter2_multistep_eval,nonself_rank_consensus,all_recorded_populations,True,False,7,test,1221675,9978,11,516.8099462171398,False,9
iter2_multistep_eval:population_all:nonself_rank_consensus,population_verification,iter2_multistep_eval,nonself_rank_consensus,all_recorded_populations,True,False,8,dev,1588091,12620,83,43.562542005622866,False,19
iter2_multistep_eval:population_all:nonself_rank_consensus,population_verification,iter2_multistep_eval,nonself_rank_consensus,all_recorded_populations,True,False,9,test,1901402,15145,80,180.22734114923117,False,29
iter2_multistep_eval:population_all:nonself_rank_consensus,population_verification,iter2_multistep_eval,nonself_rank_consensus,all_recorded_populations,True,False,10,dev,1952199,15647,50,16.759606595821534,True,19
iter2_multistep_eval:population_all:nonself_rank_consensus,population_verification,iter2_multistep_eval,nonself_rank_consensus,all_recorded_populations,True,False,11,test,2159639,17227,46,18.345386643964694,True,29
iter2_multistep_eval:population_elite:nonself_rank_consensus,elite_verification,iter2_multistep_eval,nonself_rank_consensus,recorded_generator_elites,True,False,0,dev,250130,2075,30,80.33389102905087,False,29
iter2_multistep_eval:population_elite:nonself_rank_consensus,elite_verification,iter2_multistep_eval,nonself_rank_consensus,recorded_generator_elites,True,False,1,test,310273,2670,59,15.711608877340813,True,29
iter2_multistep_eval:population_elite:nonself_rank_consensus,elite_verification,iter2_multistep_eval,nonself_rank_consensus,recorded_generator_elites,True,False,2,dev,474552,3850,46,29.313071669962863,False,19
iter2_multistep_eval:population_elite:nonself_rank_consensus,elite_verification,iter2_multistep_eval,nonself_rank_consensus,recorded_generator_elites,True,False,3,test,852952,6879,85,18.121258061849854,True,29
iter2_multistep_eval:population_elite:nonself_rank_consensus,elite_verification,iter2_multistep_eval,nonself_rank_consensus,recorded_generator_elites,True,False,4,dev,1054158,8486,13,32.52003482908932,False,29
iter2_multistep_eval:population_elite:nonself_rank_consensus,elite_verification,iter2_multistep_eval,nonself_rank_consensus,recorded_generator_elites,True,False,5,test,1131800,9181,3,11.160046426317287,True,9
iter2_multistep_eval:population_elite:nonself_rank_consensus,elite_verification,iter2_multistep_eval,nonself_rank_consensus,recorded_generator_elites,True,False,6,dev,1172631,9572,18,68.56332442087268,False,4
iter2_multistep_eval:population_elite:nonself_rank_consensus,elite_verification,iter2_multistep_eval,nonself_rank_consensus,recorded_generator_elites,True,False,7,test,1221675,9978,11,230.25799382609952,False,1
iter2_multistep_eval:population_elite:nonself_rank_consensus,elite_verification,iter2_multistep_eval,nonself_rank_consensus,recorded_generator_elites,True,False,8,dev,1588091,12620,83,35.9025465035018,False,9
iter2_multistep_eval:population_elite:nonself_rank_consensus,elite_verification,iter2_multistep_eval,nonself_rank_consensus,recorded_generator_elites,True,False,9,test,1901402,15145,80,177.6487798585591,False,19
iter2_multistep_eval:population_elite:nonself_rank_consensus,elite_verification,iter2_multistep_eval,nonself_rank_consensus,recorded_generator_elites,True,False,10,dev,1952199,15647,50,16.759606595821534,True,19
iter2_multistep_eval:population_elite:nonself_rank_consensus,elite_verification,iter2_multistep_eval,nonself_rank_consensus,recorded_generator_elites,True,False,11,test,2159639,17227,46,15.926599934195957,True,29
pd_d192_k10_eval:returned:final,baseline,pd_d192_k10_eval,fixed_step_29,returned_means,True,False,0,dev,250130,2075,30,443.45048515207577,False,29
pd_d192_k10_eval:returned:final,baseline,pd_d192_k10_eval,fixed_step_29,returned_means,True,False,1,test,310273,2670,59,19.322546860948595,True,29
pd_d192_k10_eval:returned:final,baseline,pd_d192_k10_eval,fixed_step_29,returned_means,True,False,2,dev,474552,3850,46,41.10481696547358,False,29
pd_d192_k10_eval:returned:final,baseline,pd_d192_k10_eval,fixed_step_29,returned_means,True,False,3,test,852952,6879,85,19.463620219221472,True,29
pd_d192_k10_eval:returned:final,baseline,pd_d192_k10_eval,fixed_step_29,returned_means,True,False,4,dev,1054158,8486,13,17.857089634442747,True,29
pd_d192_k10_eval:returned:final,baseline,pd_d192_k10_eval,fixed_step_29,returned_means,True,False,5,test,1131800,9181,3,16.910317499646887,True,29
pd_d192_k10_eval:returned:final,baseline,pd_d192_k10_eval,fixed_step_29,returned_means,True,False,6,dev,1172631,9572,18,87.79338111044649,False,29
pd_d192_k10_eval:returned:final,baseline,pd_d192_k10_eval,fixed_step_29,returned_means,True,False,7,test,1221675,9978,11,189.2940865070619,False,29
pd_d192_k10_eval:returned:final,baseline,pd_d192_k10_eval,fixed_step_29,returned_means,True,False,8,dev,1588091,12620,83,102.97082780324205,False,29
pd_d192_k10_eval:returned:final,baseline,pd_d192_k10_eval,fixed_step_29,returned_means,True,False,9,test,1901402,15145,80,198.14364241654764,False,29
pd_d192_k10_eval:returned:final,baseline,pd_d192_k10_eval,fixed_step_29,returned_means,True,False,10,dev,1952199,15647,50,14.264341022731024,True,29
pd_d192_k10_eval:returned:final,baseline,pd_d192_k10_eval,fixed_step_29,returned_means,True,False,11,test,2159639,17227,46,29.244688741467503,False,29
pd_d192_k10_eval:returned:fixed_step_0,fixed_round,pd_d192_k10_eval,fixed_step_0,returned_means,True,False,0,dev,250130,2075,30,394.97356918313375,False,0
pd_d192_k10_eval:returned:fixed_step_0,fixed_round,pd_d192_k10_eval,fixed_step_0,returned_means,True,False,1,test,310273,2670,59,34.52547046018432,False,0
pd_d192_k10_eval:returned:fixed_step_0,fixed_round,pd_d192_k10_eval,fixed_step_0,returned_means,True,False,2,dev,474552,3850,46,188.7106156936429,False,0
pd_d192_k10_eval:returned:fixed_step_0,fixed_round,pd_d192_k10_eval,fixed_step_0,returned_means,True,False,3,test,852952,6879,85,94.94654062763779,False,0
pd_d192_k10_eval:returned:fixed_step_0,fixed_round,pd_d192_k10_eval,fixed_step_0,returned_means,True,False,4,dev,1054158,8486,13,190.59538974997588,False,0
pd_d192_k10_eval:returned:fixed_step_0,fixed_round,pd_d192_k10_eval,fixed_step_0,returned_means,True,False,5,test,1131800,9181,3,72.74822462348436,False,0
pd_d192_k10_eval:returned:fixed_step_0,fixed_round,pd_d192_k10_eval,fixed_step_0,returned_means,True,False,6,dev,1172631,9572,18,169.87577081657332,False,0
pd_d192_k10_eval:returned:fixed_step_0,fixed_round,pd_d192_k10_eval,fixed_step_0,returned_means,True,False,7,test,1221675,9978,11,212.36332314284383,False,0
pd_d192_k10_eval:returned:fixed_step_0,fixed_round,pd_d192_k10_eval,fixed_step_0,returned_means,True,False,8,dev,1588091,12620,83,213.18043707600103,False,0
pd_d192_k10_eval:returned:fixed_step_0,fixed_round,pd_d192_k10_eval,fixed_step_0,returned_means,True,False,9,test,1901402,15145,80,264.36759029553735,False,0
pd_d192_k10_eval:returned:fixed_step_0,fixed_round,pd_d192_k10_eval,fixed_step_0,returned_means,True,False,10,dev,1952199,15647,50,18.71107942372011,True,0
pd_d192_k10_eval:returned:fixed_step_0,fixed_round,pd_d192_k10_eval,fixed_step_0,returned_means,True,False,11,test,2159639,17227,46,72.11394320577065,False,0
pd_d192_k10_eval:returned:fixed_step_1,fixed_round,pd_d192_k10_eval,fixed_step_1,returned_means,True,False,0,dev,250130,2075,30,430.1267013825159,False,1
pd_d192_k10_eval:returned:fixed_step_1,fixed_round,pd_d192_k10_eval,fixed_step_1,returned_means,True,False,1,test,310273,2670,59,33.62625889077747,False,1
pd_d192_k10_eval:returned:fixed_step_1,fixed_round,pd_d192_k10_eval,fixed_step_1,returned_means,True,False,2,dev,474552,3850,46,115.02730759653593,False,1
pd_d192_k10_eval:returned:fixed_step_1,fixed_round,pd_d192_k10_eval,fixed_step_1,returned_means,True,False,3,test,852952,6879,85,68.93962645291508,False,1
pd_d192_k10_eval:returned:fixed_step_1,fixed_round,pd_d192_k10_eval,fixed_step_1,returned_means,True,False,4,dev,1054158,8486,13,197.58406339594387,False,1
pd_d192_k10_eval:returned:fixed_step_1,fixed_round,pd_d192_k10_eval,fixed_step_1,returned_means,True,False,5,test,1131800,9181,3,19.28640369356129,True,1
pd_d192_k10_eval:returned:fixed_step_1,fixed_round,pd_d192_k10_eval,fixed_step_1,returned_means,True,False,6,dev,1172631,9572,18,128.270650072882,False,1
pd_d192_k10_eval:returned:fixed_step_1,fixed_round,pd_d192_k10_eval,fixed_step_1,returned_means,True,False,7,test,1221675,9978,11,228.13922825970755,False,1
pd_d192_k10_eval:returned:fixed_step_1,fixed_round,pd_d192_k10_eval,fixed_step_1,returned_means,True,False,8,dev,1588091,12620,83,139.8623249670399,False,1
pd_d192_k10_eval:returned:fixed_step_1,fixed_round,pd_d192_k10_eval,fixed_step_1,returned_means,True,False,9,test,1901402,15145,80,267.29432460182437,False,1
pd_d192_k10_eval:returned:fixed_step_1,fixed_round,pd_d192_k10_eval,fixed_step_1,returned_means,True,False,10,dev,1952199,15647,50,16.537033220678214,True,1
pd_d192_k10_eval:returned:fixed_step_1,fixed_round,pd_d192_k10_eval,fixed_step_1,returned_means,True,False,11,test,2159639,17227,46,39.87695206076262,False,1
pd_d192_k10_eval:returned:fixed_step_2,fixed_round,pd_d192_k10_eval,fixed_step_2,returned_means,True,False,0,dev,250130,2075,30,439.4189921776825,False,2
pd_d192_k10_eval:returned:fixed_step_2,fixed_round,pd_d192_k10_eval,fixed_step_2,returned_means,True,False,1,test,310273,2670,59,31.57343530709994,False,2
pd_d192_k10_eval:returned:fixed_step_2,fixed_round,pd_d192_k10_eval,fixed_step_2,returned_means,True,False,2,dev,474552,3850,46,81.87536315476817,False,2
pd_d192_k10_eval:returned:fixed_step_2,fixed_round,pd_d192_k10_eval,fixed_step_2,returned_means,True,False,3,test,852952,6879,85,57.61765959915671,False,2
pd_d192_k10_eval:returned:fixed_step_2,fixed_round,pd_d192_k10_eval,fixed_step_2,returned_means,True,False,4,dev,1054158,8486,13,207.33327470934674,False,2
pd_d192_k10_eval:returned:fixed_step_2,fixed_round,pd_d192_k10_eval,fixed_step_2,returned_means,True,False,5,test,1131800,9181,3,18.215954260220578,True,2
pd_d192_k10_eval:returned:fixed_step_2,fixed_round,pd_d192_k10_eval,fixed_step_2,returned_means,True,False,6,dev,1172631,9572,18,80.29570097539751,False,2
pd_d192_k10_eval:returned:fixed_step_2,fixed_round,pd_d192_k10_eval,fixed_step_2,returned_means,True,False,7,test,1221675,9978,11,163.859934343157,False,2
pd_d192_k10_eval:returned:fixed_step_2,fixed_round,pd_d192_k10_eval,fixed_step_2,returned_means,True,False,8,dev,1588091,12620,83,65.42395127377476,False,2
pd_d192_k10_eval:returned:fixed_step_2,fixed_round,pd_d192_k10_eval,fixed_step_2,returned_means,True,False,9,test,1901402,15145,80,253.25108344143996,False,2
pd_d192_k10_eval:returned:fixed_step_2,fixed_round,pd_d192_k10_eval,fixed_step_2,returned_means,True,False,10,dev,1952199,15647,50,18.80380816096668,True,2
pd_d192_k10_eval:returned:fixed_step_2,fixed_round,pd_d192_k10_eval,fixed_step_2,returned_means,True,False,11,test,2159639,17227,46,31.235579767254475,False,2
pd_d192_k10_eval:returned:fixed_step_4,fixed_round,pd_d192_k10_eval,fixed_step_4,returned_means,True,False,0,dev,250130,2075,30,438.7552940756133,False,4
pd_d192_k10_eval:returned:fixed_step_4,fixed_round,pd_d192_k10_eval,fixed_step_4,returned_means,True,False,1,test,310273,2670,59,27.1903068656315,True,4
pd_d192_k10_eval:returned:fixed_step_4,fixed_round,pd_d192_k10_eval,fixed_step_4,returned_means,True,False,2,dev,474552,3850,46,73.58767723692722,False,4
pd_d192_k10_eval:returned:fixed_step_4,fixed_round,pd_d192_k10_eval,fixed_step_4,returned_means,True,False,3,test,852952,6879,85,40.36048125015931,False,4
pd_d192_k10_eval:returned:fixed_step_4,fixed_round,pd_d192_k10_eval,fixed_step_4,returned_means,True,False,4,dev,1054158,8486,13,220.0851523275767,False,4
pd_d192_k10_eval:returned:fixed_step_4,fixed_round,pd_d192_k10_eval,fixed_step_4,returned_means,True,False,5,test,1131800,9181,3,19.360605153563238,True,4
pd_d192_k10_eval:returned:fixed_step_4,fixed_round,pd_d192_k10_eval,fixed_step_4,returned_means,True,False,6,dev,1172631,9572,18,80.8254397142415,False,4
pd_d192_k10_eval:returned:fixed_step_4,fixed_round,pd_d192_k10_eval,fixed_step_4,returned_means,True,False,7,test,1221675,9978,11,161.0026083367312,False,4
pd_d192_k10_eval:returned:fixed_step_4,fixed_round,pd_d192_k10_eval,fixed_step_4,returned_means,True,False,8,dev,1588091,12620,83,36.44117005994283,False,4
pd_d192_k10_eval:returned:fixed_step_4,fixed_round,pd_d192_k10_eval,fixed_step_4,returned_means,True,False,9,test,1901402,15145,80,223.39264313340306,False,4
pd_d192_k10_eval:returned:fixed_step_4,fixed_round,pd_d192_k10_eval,fixed_step_4,returned_means,True,False,10,dev,1952199,15647,50,19.826480894100055,True,4
pd_d192_k10_eval:returned:fixed_step_4,fixed_round,pd_d192_k10_eval,fixed_step_4,returned_means,True,False,11,test,2159639,17227,46,28.22425681491517,False,4
pd_d192_k10_eval:returned:fixed_step_9,fixed_round,pd_d192_k10_eval,fixed_step_9,returned_means,True,False,0,dev,250130,2075,30,440.63816457958023,False,9
pd_d192_k10_eval:returned:fixed_step_9,fixed_round,pd_d192_k10_eval,fixed_step_9,returned_means,True,False,1,test,310273,2670,59,24.007081007537654,True,9
pd_d192_k10_eval:returned:fixed_step_9,fixed_round,pd_d192_k10_eval,fixed_step_9,returned_means,True,False,2,dev,474552,3850,46,60.5867272151298,False,9
pd_d192_k10_eval:returned:fixed_step_9,fixed_round,pd_d192_k10_eval,fixed_step_9,returned_means,True,False,3,test,852952,6879,85,35.53275066249591,False,9
pd_d192_k10_eval:returned:fixed_step_9,fixed_round,pd_d192_k10_eval,fixed_step_9,returned_means,True,False,4,dev,1054158,8486,13,67.00222878851513,False,9
pd_d192_k10_eval:returned:fixed_step_9,fixed_round,pd_d192_k10_eval,fixed_step_9,returned_means,True,False,5,test,1131800,9181,3,18.272548839013815,True,9
pd_d192_k10_eval:returned:fixed_step_9,fixed_round,pd_d192_k10_eval,fixed_step_9,returned_means,True,False,6,dev,1172631,9572,18,76.33712085654992,False,9
pd_d192_k10_eval:returned:fixed_step_9,fixed_round,pd_d192_k10_eval,fixed_step_9,returned_means,True,False,7,test,1221675,9978,11,161.43866907241113,False,9
pd_d192_k10_eval:returned:fixed_step_9,fixed_round,pd_d192_k10_eval,fixed_step_9,returned_means,True,False,8,dev,1588091,12620,83,46.21144055891279,False,9
pd_d192_k10_eval:returned:fixed_step_9,fixed_round,pd_d192_k10_eval,fixed_step_9,returned_means,True,False,9,test,1901402,15145,80,210.08082567076337,False,9
pd_d192_k10_eval:returned:fixed_step_9,fixed_round,pd_d192_k10_eval,fixed_step_9,returned_means,True,False,10,dev,1952199,15647,50,19.911428254386205,True,9
pd_d192_k10_eval:returned:fixed_step_9,fixed_round,pd_d192_k10_eval,fixed_step_9,returned_means,True,False,11,test,2159639,17227,46,26.825784090647616,False,9
pd_d192_k10_eval:returned:fixed_step_19,fixed_round,pd_d192_k10_eval,fixed_step_19,returned_means,True,False,0,dev,250130,2075,30,442.70899247758825,False,19
pd_d192_k10_eval:returned:fixed_step_19,fixed_round,pd_d192_k10_eval,fixed_step_19,returned_means,True,False,1,test,310273,2670,59,18.1419609093646,True,19
pd_d192_k10_eval:returned:fixed_step_19,fixed_round,pd_d192_k10_eval,fixed_step_19,returned_means,True,False,2,dev,474552,3850,46,45.223012773830725,False,19
pd_d192_k10_eval:returned:fixed_step_19,fixed_round,pd_d192_k10_eval,fixed_step_19,returned_means,True,False,3,test,852952,6879,85,30.289422493943224,False,19
pd_d192_k10_eval:returned:fixed_step_19,fixed_round,pd_d192_k10_eval,fixed_step_19,returned_means,True,False,4,dev,1054158,8486,13,38.89592714109609,False,19
pd_d192_k10_eval:returned:fixed_step_19,fixed_round,pd_d192_k10_eval,fixed_step_19,returned_means,True,False,5,test,1131800,9181,3,18.686962454890534,True,19
pd_d192_k10_eval:returned:fixed_step_19,fixed_round,pd_d192_k10_eval,fixed_step_19,returned_means,True,False,6,dev,1172631,9572,18,85.56487856856155,False,19
pd_d192_k10_eval:returned:fixed_step_19,fixed_round,pd_d192_k10_eval,fixed_step_19,returned_means,True,False,7,test,1221675,9978,11,188.90698879805174,False,19
pd_d192_k10_eval:returned:fixed_step_19,fixed_round,pd_d192_k10_eval,fixed_step_19,returned_means,True,False,8,dev,1588091,12620,83,91.00151919334733,False,19
pd_d192_k10_eval:returned:fixed_step_19,fixed_round,pd_d192_k10_eval,fixed_step_19,returned_means,True,False,9,test,1901402,15145,80,207.02174722394298,False,19
pd_d192_k10_eval:returned:fixed_step_19,fixed_round,pd_d192_k10_eval,fixed_step_19,returned_means,True,False,10,dev,1952199,15647,50,19.64113160640659,True,19
pd_d192_k10_eval:returned:fixed_step_19,fixed_round,pd_d192_k10_eval,fixed_step_19,returned_means,True,False,11,test,2159639,17227,46,30.5821376508514,False,19
pd_d192_k10_eval:returned:fixed_step_29,fixed_round,pd_d192_k10_eval,fixed_step_29,returned_means,True,False,0,dev,250130,2075,30,443.45048515207577,False,29
pd_d192_k10_eval:returned:fixed_step_29,fixed_round,pd_d192_k10_eval,fixed_step_29,returned_means,True,False,1,test,310273,2670,59,19.322546860948595,True,29
pd_d192_k10_eval:returned:fixed_step_29,fixed_round,pd_d192_k10_eval,fixed_step_29,returned_means,True,False,2,dev,474552,3850,46,41.10481696547358,False,29
pd_d192_k10_eval:returned:fixed_step_29,fixed_round,pd_d192_k10_eval,fixed_step_29,returned_means,True,False,3,test,852952,6879,85,19.463620219221472,True,29
pd_d192_k10_eval:returned:fixed_step_29,fixed_round,pd_d192_k10_eval,fixed_step_29,returned_means,True,False,4,dev,1054158,8486,13,17.857089634442747,True,29
pd_d192_k10_eval:returned:fixed_step_29,fixed_round,pd_d192_k10_eval,fixed_step_29,returned_means,True,False,5,test,1131800,9181,3,16.910317499646887,True,29
pd_d192_k10_eval:returned:fixed_step_29,fixed_round,pd_d192_k10_eval,fixed_step_29,returned_means,True,False,6,dev,1172631,9572,18,87.79338111044649,False,29
pd_d192_k10_eval:returned:fixed_step_29,fixed_round,pd_d192_k10_eval,fixed_step_29,returned_means,True,False,7,test,1221675,9978,11,189.2940865070619,False,29
pd_d192_k10_eval:returned:fixed_step_29,fixed_round,pd_d192_k10_eval,fixed_step_29,returned_means,True,False,8,dev,1588091,12620,83,102.97082780324205,False,29
pd_d192_k10_eval:returned:fixed_step_29,fixed_round,pd_d192_k10_eval,fixed_step_29,returned_means,True,False,9,test,1901402,15145,80,198.14364241654764,False,29
pd_d192_k10_eval:returned:fixed_step_29,fixed_round,pd_d192_k10_eval,fixed_step_29,returned_means,True,False,10,dev,1952199,15647,50,14.264341022731024,True,29
pd_d192_k10_eval:returned:fixed_step_29,fixed_round,pd_d192_k10_eval,fixed_step_29,returned_means,True,False,11,test,2159639,17227,46,29.244688741467503,False,29
pd_d192_k10_eval:returned:dev_best_round,dev_tuned_fixed_round,pd_d192_k10_eval,fixed_step_29,returned_means,True,True,0,dev,250130,2075,30,443.45048515207577,False,29
pd_d192_k10_eval:returned:dev_best_round,dev_tuned_fixed_round,pd_d192_k10_eval,fixed_step_29,returned_means,True,True,1,test,310273,2670,59,19.322546860948595,True,29
pd_d192_k10_eval:returned:dev_best_round,dev_tuned_fixed_round,pd_d192_k10_eval,fixed_step_29,returned_means,True,True,2,dev,474552,3850,46,41.10481696547358,False,29
pd_d192_k10_eval:returned:dev_best_round,dev_tuned_fixed_round,pd_d192_k10_eval,fixed_step_29,returned_means,True,True,3,test,852952,6879,85,19.463620219221472,True,29
pd_d192_k10_eval:returned:dev_best_round,dev_tuned_fixed_round,pd_d192_k10_eval,fixed_step_29,returned_means,True,True,4,dev,1054158,8486,13,17.857089634442747,True,29
pd_d192_k10_eval:returned:dev_best_round,dev_tuned_fixed_round,pd_d192_k10_eval,fixed_step_29,returned_means,True,True,5,test,1131800,9181,3,16.910317499646887,True,29
pd_d192_k10_eval:returned:dev_best_round,dev_tuned_fixed_round,pd_d192_k10_eval,fixed_step_29,returned_means,True,True,6,dev,1172631,9572,18,87.79338111044649,False,29
pd_d192_k10_eval:returned:dev_best_round,dev_tuned_fixed_round,pd_d192_k10_eval,fixed_step_29,returned_means,True,True,7,test,1221675,9978,11,189.2940865070619,False,29
pd_d192_k10_eval:returned:dev_best_round,dev_tuned_fixed_round,pd_d192_k10_eval,fixed_step_29,returned_means,True,True,8,dev,1588091,12620,83,102.97082780324205,False,29
pd_d192_k10_eval:returned:dev_best_round,dev_tuned_fixed_round,pd_d192_k10_eval,fixed_step_29,returned_means,True,True,9,test,1901402,15145,80,198.14364241654764,False,29
pd_d192_k10_eval:returned:dev_best_round,dev_tuned_fixed_round,pd_d192_k10_eval,fixed_step_29,returned_means,True,True,10,dev,1952199,15647,50,14.264341022731024,True,29
pd_d192_k10_eval:returned:dev_best_round,dev_tuned_fixed_round,pd_d192_k10_eval,fixed_step_29,returned_means,True,True,11,test,2159639,17227,46,29.244688741467503,False,29
pd_d192_k10_eval:returned:score_by_pd_d192_k3_eval,round_verification,pd_d192_k10_eval,pd_d192_k3_eval,returned_means,True,False,0,dev,250130,2075,30,439.4189921776825,False,2
pd_d192_k10_eval:returned:score_by_pd_d192_k3_eval,round_verification,pd_d192_k10_eval,pd_d192_k3_eval,returned_means,True,False,1,test,310273,2670,59,19.322546860948595,True,29
pd_d192_k10_eval:returned:score_by_pd_d192_k3_eval,round_verification,pd_d192_k10_eval,pd_d192_k3_eval,returned_means,True,False,2,dev,474552,3850,46,41.10481696547358,False,29
pd_d192_k10_eval:returned:score_by_pd_d192_k3_eval,round_verification,pd_d192_k10_eval,pd_d192_k3_eval,returned_means,True,False,3,test,852952,6879,85,19.463620219221472,True,29
pd_d192_k10_eval:returned:score_by_pd_d192_k3_eval,round_verification,pd_d192_k10_eval,pd_d192_k3_eval,returned_means,True,False,4,dev,1054158,8486,13,17.857089634442747,True,29
pd_d192_k10_eval:returned:score_by_pd_d192_k3_eval,round_verification,pd_d192_k10_eval,pd_d192_k3_eval,returned_means,True,False,5,test,1131800,9181,3,16.910317499646887,True,29
pd_d192_k10_eval:returned:score_by_pd_d192_k3_eval,round_verification,pd_d192_k10_eval,pd_d192_k3_eval,returned_means,True,False,6,dev,1172631,9572,18,80.29570097539751,False,2
pd_d192_k10_eval:returned:score_by_pd_d192_k3_eval,round_verification,pd_d192_k10_eval,pd_d192_k3_eval,returned_means,True,False,7,test,1221675,9978,11,161.43866907241113,False,9
pd_d192_k10_eval:returned:score_by_pd_d192_k3_eval,round_verification,pd_d192_k10_eval,pd_d192_k3_eval,returned_means,True,False,8,dev,1588091,12620,83,46.21144055891279,False,9
pd_d192_k10_eval:returned:score_by_pd_d192_k3_eval,round_verification,pd_d192_k10_eval,pd_d192_k3_eval,returned_means,True,False,9,test,1901402,15145,80,198.14364241654764,False,29
pd_d192_k10_eval:returned:score_by_pd_d192_k3_eval,round_verification,pd_d192_k10_eval,pd_d192_k3_eval,returned_means,True,False,10,dev,1952199,15647,50,14.264341022731024,True,29
pd_d192_k10_eval:returned:score_by_pd_d192_k3_eval,round_verification,pd_d192_k10_eval,pd_d192_k3_eval,returned_means,True,False,11,test,2159639,17227,46,29.244688741467503,False,29
pd_d192_k10_eval:returned:score_by_iter2_multistep_eval,round_verification,pd_d192_k10_eval,iter2_multistep_eval,returned_means,True,False,0,dev,250130,2075,30,438.7552940756133,False,4
pd_d192_k10_eval:returned:score_by_iter2_multistep_eval,round_verification,pd_d192_k10_eval,iter2_multistep_eval,returned_means,True,False,1,test,310273,2670,59,19.322546860948595,True,29
pd_d192_k10_eval:returned:score_by_iter2_multistep_eval,round_verification,pd_d192_k10_eval,iter2_multistep_eval,returned_means,True,False,2,dev,474552,3850,46,41.10481696547358,False,29
pd_d192_k10_eval:returned:score_by_iter2_multistep_eval,round_verification,pd_d192_k10_eval,iter2_multistep_eval,returned_means,True,False,3,test,852952,6879,85,19.463620219221472,True,29
pd_d192_k10_eval:returned:score_by_iter2_multistep_eval,round_verification,pd_d192_k10_eval,iter2_multistep_eval,returned_means,True,False,4,dev,1054158,8486,13,17.857089634442747,True,29
pd_d192_k10_eval:returned:score_by_iter2_multistep_eval,round_verification,pd_d192_k10_eval,iter2_multistep_eval,returned_means,True,False,5,test,1131800,9181,3,19.360605153563238,True,4
pd_d192_k10_eval:returned:score_by_iter2_multistep_eval,round_verification,pd_d192_k10_eval,iter2_multistep_eval,returned_means,True,False,6,dev,1172631,9572,18,85.56487856856155,False,19
pd_d192_k10_eval:returned:score_by_iter2_multistep_eval,round_verification,pd_d192_k10_eval,iter2_multistep_eval,returned_means,True,False,7,test,1221675,9978,11,189.2940865070619,False,29
pd_d192_k10_eval:returned:score_by_iter2_multistep_eval,round_verification,pd_d192_k10_eval,iter2_multistep_eval,returned_means,True,False,8,dev,1588091,12620,83,91.00151919334733,False,19
pd_d192_k10_eval:returned:score_by_iter2_multistep_eval,round_verification,pd_d192_k10_eval,iter2_multistep_eval,returned_means,True,False,9,test,1901402,15145,80,253.25108344143996,False,2
pd_d192_k10_eval:returned:score_by_iter2_multistep_eval,round_verification,pd_d192_k10_eval,iter2_multistep_eval,returned_means,True,False,10,dev,1952199,15647,50,19.64113160640659,True,19
pd_d192_k10_eval:returned:score_by_iter2_multistep_eval,round_verification,pd_d192_k10_eval,iter2_multistep_eval,returned_means,True,False,11,test,2159639,17227,46,29.244688741467503,False,29
pd_d192_k10_eval:returned:score_by_pd_d192_k10_eval,round_verification,pd_d192_k10_eval,pd_d192_k10_eval,returned_means,True,False,0,dev,250130,2075,30,443.45048515207577,False,29
pd_d192_k10_eval:returned:score_by_pd_d192_k10_eval,round_verification,pd_d192_k10_eval,pd_d192_k10_eval,returned_means,True,False,1,test,310273,2670,59,19.322546860948595,True,29
pd_d192_k10_eval:returned:score_by_pd_d192_k10_eval,round_verification,pd_d192_k10_eval,pd_d192_k10_eval,returned_means,True,False,2,dev,474552,3850,46,41.10481696547358,False,29
pd_d192_k10_eval:returned:score_by_pd_d192_k10_eval,round_verification,pd_d192_k10_eval,pd_d192_k10_eval,returned_means,True,False,3,test,852952,6879,85,19.463620219221472,True,29
pd_d192_k10_eval:returned:score_by_pd_d192_k10_eval,round_verification,pd_d192_k10_eval,pd_d192_k10_eval,returned_means,True,False,4,dev,1054158,8486,13,17.857089634442747,True,29
pd_d192_k10_eval:returned:score_by_pd_d192_k10_eval,round_verification,pd_d192_k10_eval,pd_d192_k10_eval,returned_means,True,False,5,test,1131800,9181,3,16.910317499646887,True,29
pd_d192_k10_eval:returned:score_by_pd_d192_k10_eval,round_verification,pd_d192_k10_eval,pd_d192_k10_eval,returned_means,True,False,6,dev,1172631,9572,18,87.79338111044649,False,29
pd_d192_k10_eval:returned:score_by_pd_d192_k10_eval,round_verification,pd_d192_k10_eval,pd_d192_k10_eval,returned_means,True,False,7,test,1221675,9978,11,189.2940865070619,False,29
pd_d192_k10_eval:returned:score_by_pd_d192_k10_eval,round_verification,pd_d192_k10_eval,pd_d192_k10_eval,returned_means,True,False,8,dev,1588091,12620,83,102.97082780324205,False,29
pd_d192_k10_eval:returned:score_by_pd_d192_k10_eval,round_verification,pd_d192_k10_eval,pd_d192_k10_eval,returned_means,True,False,9,test,1901402,15145,80,198.14364241654764,False,29
pd_d192_k10_eval:returned:score_by_pd_d192_k10_eval,round_verification,pd_d192_k10_eval,pd_d192_k10_eval,returned_means,True,False,10,dev,1952199,15647,50,14.264341022731024,True,29
pd_d192_k10_eval:returned:score_by_pd_d192_k10_eval,round_verification,pd_d192_k10_eval,pd_d192_k10_eval,returned_means,True,False,11,test,2159639,17227,46,29.244688741467503,False,29
pd_d192_k10_eval:returned:consensus,round_verification,pd_d192_k10_eval,all_rank_consensus,returned_means,True,False,0,dev,250130,2075,30,438.7552940756133,False,4
pd_d192_k10_eval:returned:consensus,round_verification,pd_d192_k10_eval,all_rank_consensus,returned_means,True,False,1,test,310273,2670,59,19.322546860948595,True,29
pd_d192_k10_eval:returned:consensus,round_verification,pd_d192_k10_eval,all_rank_consensus,returned_means,True,False,2,dev,474552,3850,46,41.10481696547358,False,29
pd_d192_k10_eval:returned:consensus,round_verification,pd_d192_k10_eval,all_rank_consensus,returned_means,True,False,3,test,852952,6879,85,19.463620219221472,True,29
pd_d192_k10_eval:returned:consensus,round_verification,pd_d192_k10_eval,all_rank_consensus,returned_means,True,False,4,dev,1054158,8486,13,17.857089634442747,True,29
pd_d192_k10_eval:returned:consensus,round_verification,pd_d192_k10_eval,all_rank_consensus,returned_means,True,False,5,test,1131800,9181,3,16.910317499646887,True,29
pd_d192_k10_eval:returned:consensus,round_verification,pd_d192_k10_eval,all_rank_consensus,returned_means,True,False,6,dev,1172631,9572,18,85.56487856856155,False,19
pd_d192_k10_eval:returned:consensus,round_verification,pd_d192_k10_eval,all_rank_consensus,returned_means,True,False,7,test,1221675,9978,11,161.43866907241113,False,9
pd_d192_k10_eval:returned:consensus,round_verification,pd_d192_k10_eval,all_rank_consensus,returned_means,True,False,8,dev,1588091,12620,83,46.21144055891279,False,9
pd_d192_k10_eval:returned:consensus,round_verification,pd_d192_k10_eval,all_rank_consensus,returned_means,True,False,9,test,1901402,15145,80,207.02174722394298,False,19
pd_d192_k10_eval:returned:consensus,round_verification,pd_d192_k10_eval,all_rank_consensus,returned_means,True,False,10,dev,1952199,15647,50,19.64113160640659,True,19
pd_d192_k10_eval:returned:consensus,round_verification,pd_d192_k10_eval,all_rank_consensus,returned_means,True,False,11,test,2159639,17227,46,29.244688741467503,False,29
pd_d192_k10_eval:returned:nonself_consensus,round_verification,pd_d192_k10_eval,nonself_rank_consensus,returned_means,True,False,0,dev,250130,2075,30,439.4189921776825,False,2
pd_d192_k10_eval:returned:nonself_consensus,round_verification,pd_d192_k10_eval,nonself_rank_consensus,returned_means,True,False,1,test,310273,2670,59,19.322546860948595,True,29
pd_d192_k10_eval:returned:nonself_consensus,round_verification,pd_d192_k10_eval,nonself_rank_consensus,returned_means,True,False,2,dev,474552,3850,46,41.10481696547358,False,29
pd_d192_k10_eval:returned:nonself_consensus,round_verification,pd_d192_k10_eval,nonself_rank_consensus,returned_means,True,False,3,test,852952,6879,85,19.463620219221472,True,29
pd_d192_k10_eval:returned:nonself_consensus,round_verification,pd_d192_k10_eval,nonself_rank_consensus,returned_means,True,False,4,dev,1054158,8486,13,17.857089634442747,True,29
pd_d192_k10_eval:returned:nonself_consensus,round_verification,pd_d192_k10_eval,nonself_rank_consensus,returned_means,True,False,5,test,1131800,9181,3,19.28640369356129,True,1
pd_d192_k10_eval:returned:nonself_consensus,round_verification,pd_d192_k10_eval,nonself_rank_consensus,returned_means,True,False,6,dev,1172631,9572,18,85.56487856856155,False,19
pd_d192_k10_eval:returned:nonself_consensus,round_verification,pd_d192_k10_eval,nonself_rank_consensus,returned_means,True,False,7,test,1221675,9978,11,161.43866907241113,False,9
pd_d192_k10_eval:returned:nonself_consensus,round_verification,pd_d192_k10_eval,nonself_rank_consensus,returned_means,True,False,8,dev,1588091,12620,83,46.21144055891279,False,9
pd_d192_k10_eval:returned:nonself_consensus,round_verification,pd_d192_k10_eval,nonself_rank_consensus,returned_means,True,False,9,test,1901402,15145,80,253.25108344143996,False,2
pd_d192_k10_eval:returned:nonself_consensus,round_verification,pd_d192_k10_eval,nonself_rank_consensus,returned_means,True,False,10,dev,1952199,15647,50,19.64113160640659,True,19
pd_d192_k10_eval:returned:nonself_consensus,round_verification,pd_d192_k10_eval,nonself_rank_consensus,returned_means,True,False,11,test,2159639,17227,46,29.244688741467503,False,29
pd_d192_k10_eval:returned:oracle_round,oracle_ceiling,pd_d192_k10_eval,true_simulator_cost,returned_means,False,False,0,dev,250130,2075,30,394.97356918313375,False,0
pd_d192_k10_eval:returned:oracle_round,oracle_ceiling,pd_d192_k10_eval,true_simulator_cost,returned_means,False,False,1,test,310273,2670,59,18.1419609093646,True,19
pd_d192_k10_eval:returned:oracle_round,oracle_ceiling,pd_d192_k10_eval,true_simulator_cost,returned_means,False,False,2,dev,474552,3850,46,41.10481696547358,False,29
pd_d192_k10_eval:returned:oracle_round,oracle_ceiling,pd_d192_k10_eval,true_simulator_cost,returned_means,False,False,3,test,852952,6879,85,19.463620219221472,True,29
pd_d192_k10_eval:returned:oracle_round,oracle_ceiling,pd_d192_k10_eval,true_simulator_cost,returned_means,False,False,4,dev,1054158,8486,13,17.857089634442747,True,29
pd_d192_k10_eval:returned:oracle_round,oracle_ceiling,pd_d192_k10_eval,true_simulator_cost,returned_means,False,False,5,test,1131800,9181,3,16.910317499646887,True,29
pd_d192_k10_eval:returned:oracle_round,oracle_ceiling,pd_d192_k10_eval,true_simulator_cost,returned_means,False,False,6,dev,1172631,9572,18,76.33712085654992,False,9
pd_d192_k10_eval:returned:oracle_round,oracle_ceiling,pd_d192_k10_eval,true_simulator_cost,returned_means,False,False,7,test,1221675,9978,11,161.0026083367312,False,4
pd_d192_k10_eval:returned:oracle_round,oracle_ceiling,pd_d192_k10_eval,true_simulator_cost,returned_means,False,False,8,dev,1588091,12620,83,36.44117005994283,False,4
pd_d192_k10_eval:returned:oracle_round,oracle_ceiling,pd_d192_k10_eval,true_simulator_cost,returned_means,False,False,9,test,1901402,15145,80,198.14364241654764,False,29
pd_d192_k10_eval:returned:oracle_round,oracle_ceiling,pd_d192_k10_eval,true_simulator_cost,returned_means,False,False,10,dev,1952199,15647,50,14.264341022731024,True,29
pd_d192_k10_eval:returned:oracle_round,oracle_ceiling,pd_d192_k10_eval,true_simulator_cost,returned_means,False,False,11,test,2159639,17227,46,26.825784090647616,False,9
pd_d192_k10_eval:population_all:score_by_pd_d192_k3_eval,population_verification,pd_d192_k10_eval,pd_d192_k3_eval,all_recorded_populations,True,False,0,dev,250130,2075,30,270.3955744013756,False,0
pd_d192_k10_eval:population_all:score_by_pd_d192_k3_eval,population_verification,pd_d192_k10_eval,pd_d192_k3_eval,all_recorded_populations,True,False,1,test,310273,2670,59,13.944849566052435,True,29
pd_d192_k10_eval:population_all:score_by_pd_d192_k3_eval,population_verification,pd_d192_k10_eval,pd_d192_k3_eval,all_recorded_populations,True,False,2,dev,474552,3850,46,39.992257297425354,False,29
pd_d192_k10_eval:population_all:score_by_pd_d192_k3_eval,population_verification,pd_d192_k10_eval,pd_d192_k3_eval,all_recorded_populations,True,False,3,test,852952,6879,85,14.921578804719346,True,29
pd_d192_k10_eval:population_all:score_by_pd_d192_k3_eval,population_verification,pd_d192_k10_eval,pd_d192_k3_eval,all_recorded_populations,True,False,4,dev,1054158,8486,13,22.80677975795742,False,29
pd_d192_k10_eval:population_all:score_by_pd_d192_k3_eval,population_verification,pd_d192_k10_eval,pd_d192_k3_eval,all_recorded_populations,True,False,5,test,1131800,9181,3,21.141566189193174,False,2
pd_d192_k10_eval:population_all:score_by_pd_d192_k3_eval,population_verification,pd_d192_k10_eval,pd_d192_k3_eval,all_recorded_populations,True,False,6,dev,1172631,9572,18,58.170986542178,False,19
pd_d192_k10_eval:population_all:score_by_pd_d192_k3_eval,population_verification,pd_d192_k10_eval,pd_d192_k3_eval,all_recorded_populations,True,False,7,test,1221675,9978,11,157.85562739371125,False,19
pd_d192_k10_eval:population_all:score_by_pd_d192_k3_eval,population_verification,pd_d192_k10_eval,pd_d192_k3_eval,all_recorded_populations,True,False,8,dev,1588091,12620,83,95.34122417888429,False,9
pd_d192_k10_eval:population_all:score_by_pd_d192_k3_eval,population_verification,pd_d192_k10_eval,pd_d192_k3_eval,all_recorded_populations,True,False,9,test,1901402,15145,80,222.4780430185524,False,29
pd_d192_k10_eval:population_all:score_by_pd_d192_k3_eval,population_verification,pd_d192_k10_eval,pd_d192_k3_eval,all_recorded_populations,True,False,10,dev,1952199,15647,50,12.932584529820364,True,2
pd_d192_k10_eval:population_all:score_by_pd_d192_k3_eval,population_verification,pd_d192_k10_eval,pd_d192_k3_eval,all_recorded_populations,True,False,11,test,2159639,17227,46,22.3984158735189,True,29
pd_d192_k10_eval:population_elite:score_by_pd_d192_k3_eval,elite_verification,pd_d192_k10_eval,pd_d192_k3_eval,recorded_generator_elites,True,False,0,dev,250130,2075,30,302.7667736894837,False,0
pd_d192_k10_eval:population_elite:score_by_pd_d192_k3_eval,elite_verification,pd_d192_k10_eval,pd_d192_k3_eval,recorded_generator_elites,True,False,1,test,310273,2670,59,13.93204721930479,True,29
pd_d192_k10_eval:population_elite:score_by_pd_d192_k3_eval,elite_verification,pd_d192_k10_eval,pd_d192_k3_eval,recorded_generator_elites,True,False,2,dev,474552,3850,46,28.44347204601485,False,29
pd_d192_k10_eval:population_elite:score_by_pd_d192_k3_eval,elite_verification,pd_d192_k10_eval,pd_d192_k3_eval,recorded_generator_elites,True,False,3,test,852952,6879,85,14.921578804719346,True,29
pd_d192_k10_eval:population_elite:score_by_pd_d192_k3_eval,elite_verification,pd_d192_k10_eval,pd_d192_k3_eval,recorded_generator_elites,True,False,4,dev,1054158,8486,13,22.80677975795742,False,29
pd_d192_k10_eval:population_elite:score_by_pd_d192_k3_eval,elite_verification,pd_d192_k10_eval,pd_d192_k3_eval,recorded_generator_elites,True,False,5,test,1131800,9181,3,21.141566189193174,False,2
pd_d192_k10_eval:population_elite:score_by_pd_d192_k3_eval,elite_verification,pd_d192_k10_eval,pd_d192_k3_eval,recorded_generator_elites,True,False,6,dev,1172631,9572,18,94.31850384415137,False,19
pd_d192_k10_eval:population_elite:score_by_pd_d192_k3_eval,elite_verification,pd_d192_k10_eval,pd_d192_k3_eval,recorded_generator_elites,True,False,7,test,1221675,9978,11,165.19591122904876,False,9
pd_d192_k10_eval:population_elite:score_by_pd_d192_k3_eval,elite_verification,pd_d192_k10_eval,pd_d192_k3_eval,recorded_generator_elites,True,False,8,dev,1588091,12620,83,41.67476957567293,False,9
pd_d192_k10_eval:population_elite:score_by_pd_d192_k3_eval,elite_verification,pd_d192_k10_eval,pd_d192_k3_eval,recorded_generator_elites,True,False,9,test,1901402,15145,80,178.05725907082748,False,9
pd_d192_k10_eval:population_elite:score_by_pd_d192_k3_eval,elite_verification,pd_d192_k10_eval,pd_d192_k3_eval,recorded_generator_elites,True,False,10,dev,1952199,15647,50,12.932584529820364,True,2
pd_d192_k10_eval:population_elite:score_by_pd_d192_k3_eval,elite_verification,pd_d192_k10_eval,pd_d192_k3_eval,recorded_generator_elites,True,False,11,test,2159639,17227,46,18.747022612912843,True,29
pd_d192_k10_eval:population_all:score_by_iter2_multistep_eval,population_verification,pd_d192_k10_eval,iter2_multistep_eval,all_recorded_populations,True,False,0,dev,250130,2075,30,246.6761327240569,False,1
pd_d192_k10_eval:population_all:score_by_iter2_multistep_eval,population_verification,pd_d192_k10_eval,iter2_multistep_eval,all_recorded_populations,True,False,1,test,310273,2670,59,19.90639471431407,True,29
pd_d192_k10_eval:population_all:score_by_iter2_multistep_eval,population_verification,pd_d192_k10_eval,iter2_multistep_eval,all_recorded_populations,True,False,2,dev,474552,3850,46,37.717394723854376,False,29
pd_d192_k10_eval:population_all:score_by_iter2_multistep_eval,population_verification,pd_d192_k10_eval,iter2_multistep_eval,all_recorded_populations,True,False,3,test,852952,6879,85,18.873883138810573,True,29
pd_d192_k10_eval:population_all:score_by_iter2_multistep_eval,population_verification,pd_d192_k10_eval,iter2_multistep_eval,all_recorded_populations,True,False,4,dev,1054158,8486,13,22.96537895255662,False,29
pd_d192_k10_eval:population_all:score_by_iter2_multistep_eval,population_verification,pd_d192_k10_eval,iter2_multistep_eval,all_recorded_populations,True,False,5,test,1131800,9181,3,10.792437666098728,True,2
pd_d192_k10_eval:population_all:score_by_iter2_multistep_eval,population_verification,pd_d192_k10_eval,iter2_multistep_eval,all_recorded_populations,True,False,6,dev,1172631,9572,18,75.88312926963323,False,29
pd_d192_k10_eval:population_all:score_by_iter2_multistep_eval,population_verification,pd_d192_k10_eval,iter2_multistep_eval,all_recorded_populations,True,False,7,test,1221675,9978,11,220.2426883278404,False,19
pd_d192_k10_eval:population_all:score_by_iter2_multistep_eval,population_verification,pd_d192_k10_eval,iter2_multistep_eval,all_recorded_populations,True,False,8,dev,1588091,12620,83,112.57460875004766,False,29
pd_d192_k10_eval:population_all:score_by_iter2_multistep_eval,population_verification,pd_d192_k10_eval,iter2_multistep_eval,all_recorded_populations,True,False,9,test,1901402,15145,80,211.86199234662425,False,9
pd_d192_k10_eval:population_all:score_by_iter2_multistep_eval,population_verification,pd_d192_k10_eval,iter2_multistep_eval,all_recorded_populations,True,False,10,dev,1952199,15647,50,19.349880309040298,True,29
pd_d192_k10_eval:population_all:score_by_iter2_multistep_eval,population_verification,pd_d192_k10_eval,iter2_multistep_eval,all_recorded_populations,True,False,11,test,2159639,17227,46,20.89715381624876,True,19
pd_d192_k10_eval:population_elite:score_by_iter2_multistep_eval,elite_verification,pd_d192_k10_eval,iter2_multistep_eval,recorded_generator_elites,True,False,0,dev,250130,2075,30,302.7667736894837,False,0
pd_d192_k10_eval:population_elite:score_by_iter2_multistep_eval,elite_verification,pd_d192_k10_eval,iter2_multistep_eval,recorded_generator_elites,True,False,1,test,310273,2670,59,19.90639471431407,True,29
pd_d192_k10_eval:population_elite:score_by_iter2_multistep_eval,elite_verification,pd_d192_k10_eval,iter2_multistep_eval,recorded_generator_elites,True,False,2,dev,474552,3850,46,28.44347204601485,False,29
pd_d192_k10_eval:population_elite:score_by_iter2_multistep_eval,elite_verification,pd_d192_k10_eval,iter2_multistep_eval,recorded_generator_elites,True,False,3,test,852952,6879,85,18.873883138810573,True,29
pd_d192_k10_eval:population_elite:score_by_iter2_multistep_eval,elite_verification,pd_d192_k10_eval,iter2_multistep_eval,recorded_generator_elites,True,False,4,dev,1054158,8486,13,22.80677975795742,False,29
pd_d192_k10_eval:population_elite:score_by_iter2_multistep_eval,elite_verification,pd_d192_k10_eval,iter2_multistep_eval,recorded_generator_elites,True,False,5,test,1131800,9181,3,10.792437666098728,True,2
pd_d192_k10_eval:population_elite:score_by_iter2_multistep_eval,elite_verification,pd_d192_k10_eval,iter2_multistep_eval,recorded_generator_elites,True,False,6,dev,1172631,9572,18,79.99889349220891,False,19
pd_d192_k10_eval:population_elite:score_by_iter2_multistep_eval,elite_verification,pd_d192_k10_eval,iter2_multistep_eval,recorded_generator_elites,True,False,7,test,1221675,9978,11,191.9984867533149,False,19
pd_d192_k10_eval:population_elite:score_by_iter2_multistep_eval,elite_verification,pd_d192_k10_eval,iter2_multistep_eval,recorded_generator_elites,True,False,8,dev,1588091,12620,83,79.75772272598864,False,19
pd_d192_k10_eval:population_elite:score_by_iter2_multistep_eval,elite_verification,pd_d192_k10_eval,iter2_multistep_eval,recorded_generator_elites,True,False,9,test,1901402,15145,80,254.31821644302434,False,4
pd_d192_k10_eval:population_elite:score_by_iter2_multistep_eval,elite_verification,pd_d192_k10_eval,iter2_multistep_eval,recorded_generator_elites,True,False,10,dev,1952199,15647,50,19.349880309040298,True,29
pd_d192_k10_eval:population_elite:score_by_iter2_multistep_eval,elite_verification,pd_d192_k10_eval,iter2_multistep_eval,recorded_generator_elites,True,False,11,test,2159639,17227,46,23.254069664395285,False,19
pd_d192_k10_eval:population_all:score_by_pd_d192_k10_eval,population_verification,pd_d192_k10_eval,pd_d192_k10_eval,all_recorded_populations,True,False,0,dev,250130,2075,30,447.48810746417894,False,29
pd_d192_k10_eval:population_all:score_by_pd_d192_k10_eval,population_verification,pd_d192_k10_eval,pd_d192_k10_eval,all_recorded_populations,True,False,1,test,310273,2670,59,19.90639471431407,True,29
pd_d192_k10_eval:population_all:score_by_pd_d192_k10_eval,population_verification,pd_d192_k10_eval,pd_d192_k10_eval,all_recorded_populations,True,False,2,dev,474552,3850,46,46.36115982742344,False,29
pd_d192_k10_eval:population_all:score_by_pd_d192_k10_eval,population_verification,pd_d192_k10_eval,pd_d192_k10_eval,all_recorded_populations,True,False,3,test,852952,6879,85,20.82458922102813,True,29
pd_d192_k10_eval:population_all:score_by_pd_d192_k10_eval,population_verification,pd_d192_k10_eval,pd_d192_k10_eval,all_recorded_populations,True,False,4,dev,1054158,8486,13,18.35744258913537,True,29
pd_d192_k10_eval:population_all:score_by_pd_d192_k10_eval,population_verification,pd_d192_k10_eval,pd_d192_k10_eval,all_recorded_populations,True,False,5,test,1131800,9181,3,18.988600785448014,True,29
pd_d192_k10_eval:population_all:score_by_pd_d192_k10_eval,population_verification,pd_d192_k10_eval,pd_d192_k10_eval,all_recorded_populations,True,False,6,dev,1172631,9572,18,84.69419815938092,False,29
pd_d192_k10_eval:population_all:score_by_pd_d192_k10_eval,population_verification,pd_d192_k10_eval,pd_d192_k10_eval,all_recorded_populations,True,False,7,test,1221675,9978,11,188.71208878089544,False,29
pd_d192_k10_eval:population_all:score_by_pd_d192_k10_eval,population_verification,pd_d192_k10_eval,pd_d192_k10_eval,all_recorded_populations,True,False,8,dev,1588091,12620,83,105.03614712376734,False,29
pd_d192_k10_eval:population_all:score_by_pd_d192_k10_eval,population_verification,pd_d192_k10_eval,pd_d192_k10_eval,all_recorded_populations,True,False,9,test,1901402,15145,80,196.57019165162498,False,29
pd_d192_k10_eval:population_all:score_by_pd_d192_k10_eval,population_verification,pd_d192_k10_eval,pd_d192_k10_eval,all_recorded_populations,True,False,10,dev,1952199,15647,50,12.824544831384406,True,29
pd_d192_k10_eval:population_all:score_by_pd_d192_k10_eval,population_verification,pd_d192_k10_eval,pd_d192_k10_eval,all_recorded_populations,True,False,11,test,2159639,17227,46,21.010100224687278,True,29
pd_d192_k10_eval:population_elite:score_by_pd_d192_k10_eval,elite_verification,pd_d192_k10_eval,pd_d192_k10_eval,recorded_generator_elites,True,False,0,dev,250130,2075,30,447.48810746417894,False,29
pd_d192_k10_eval:population_elite:score_by_pd_d192_k10_eval,elite_verification,pd_d192_k10_eval,pd_d192_k10_eval,recorded_generator_elites,True,False,1,test,310273,2670,59,19.90639471431407,True,29
pd_d192_k10_eval:population_elite:score_by_pd_d192_k10_eval,elite_verification,pd_d192_k10_eval,pd_d192_k10_eval,recorded_generator_elites,True,False,2,dev,474552,3850,46,46.36115982742344,False,29
pd_d192_k10_eval:population_elite:score_by_pd_d192_k10_eval,elite_verification,pd_d192_k10_eval,pd_d192_k10_eval,recorded_generator_elites,True,False,3,test,852952,6879,85,20.82458922102813,True,29
pd_d192_k10_eval:population_elite:score_by_pd_d192_k10_eval,elite_verification,pd_d192_k10_eval,pd_d192_k10_eval,recorded_generator_elites,True,False,4,dev,1054158,8486,13,18.35744258913537,True,29
pd_d192_k10_eval:population_elite:score_by_pd_d192_k10_eval,elite_verification,pd_d192_k10_eval,pd_d192_k10_eval,recorded_generator_elites,True,False,5,test,1131800,9181,3,18.988600785448014,True,29
pd_d192_k10_eval:population_elite:score_by_pd_d192_k10_eval,elite_verification,pd_d192_k10_eval,pd_d192_k10_eval,recorded_generator_elites,True,False,6,dev,1172631,9572,18,84.69419815938092,False,29
pd_d192_k10_eval:population_elite:score_by_pd_d192_k10_eval,elite_verification,pd_d192_k10_eval,pd_d192_k10_eval,recorded_generator_elites,True,False,7,test,1221675,9978,11,188.71208878089544,False,29
pd_d192_k10_eval:population_elite:score_by_pd_d192_k10_eval,elite_verification,pd_d192_k10_eval,pd_d192_k10_eval,recorded_generator_elites,True,False,8,dev,1588091,12620,83,105.03614712376734,False,29
pd_d192_k10_eval:population_elite:score_by_pd_d192_k10_eval,elite_verification,pd_d192_k10_eval,pd_d192_k10_eval,recorded_generator_elites,True,False,9,test,1901402,15145,80,196.57019165162498,False,29
pd_d192_k10_eval:population_elite:score_by_pd_d192_k10_eval,elite_verification,pd_d192_k10_eval,pd_d192_k10_eval,recorded_generator_elites,True,False,10,dev,1952199,15647,50,12.824544831384406,True,29
pd_d192_k10_eval:population_elite:score_by_pd_d192_k10_eval,elite_verification,pd_d192_k10_eval,pd_d192_k10_eval,recorded_generator_elites,True,False,11,test,2159639,17227,46,21.010100224687278,True,29
pd_d192_k10_eval:population_all:all_rank_consensus,population_verification,pd_d192_k10_eval,all_rank_consensus,all_recorded_populations,True,False,0,dev,250130,2075,30,448.9960602352264,False,29
pd_d192_k10_eval:population_all:all_rank_consensus,population_verification,pd_d192_k10_eval,all_rank_consensus,all_recorded_populations,True,False,1,test,310273,2670,59,13.919571488305694,True,29
pd_d192_k10_eval:population_all:all_rank_consensus,population_verification,pd_d192_k10_eval,all_rank_consensus,all_recorded_populations,True,False,2,dev,474552,3850,46,28.44347204601485,False,29
pd_d192_k10_eval:population_all:all_rank_consensus,population_verification,pd_d192_k10_eval,all_rank_consensus,all_recorded_populations,True,False,3,test,852952,6879,85,21.345806716253342,True,19
pd_d192_k10_eval:population_all:all_rank_consensus,population_verification,pd_d192_k10_eval,all_rank_consensus,all_recorded_populations,True,False,4,dev,1054158,8486,13,22.80677975795742,False,29
pd_d192_k10_eval:population_all:all_rank_consensus,population_verification,pd_d192_k10_eval,all_rank_consensus,all_recorded_populations,True,False,5,test,1131800,9181,3,21.141566189193174,False,2
pd_d192_k10_eval:population_all:all_rank_consensus,population_verification,pd_d192_k10_eval,all_rank_consensus,all_recorded_populations,True,False,6,dev,1172631,9572,18,81.47914879917123,False,29
pd_d192_k10_eval:population_all:all_rank_consensus,population_verification,pd_d192_k10_eval,all_rank_consensus,all_recorded_populations,True,False,7,test,1221675,9978,11,175.868833826434,False,29
pd_d192_k10_eval:population_all:all_rank_consensus,population_verification,pd_d192_k10_eval,all_rank_consensus,all_recorded_populations,True,False,8,dev,1588091,12620,83,36.93242500375139,False,19
pd_d192_k10_eval:population_all:all_rank_consensus,population_verification,pd_d192_k10_eval,all_rank_consensus,all_recorded_populations,True,False,9,test,1901402,15145,80,175.6681892462321,False,19
pd_d192_k10_eval:population_all:all_rank_consensus,population_verification,pd_d192_k10_eval,all_rank_consensus,all_recorded_populations,True,False,10,dev,1952199,15647,50,19.349880309040298,True,29
pd_d192_k10_eval:population_all:all_rank_consensus,population_verification,pd_d192_k10_eval,all_rank_consensus,all_recorded_populations,True,False,11,test,2159639,17227,46,19.921906487169323,True,29
pd_d192_k10_eval:population_elite:all_rank_consensus,elite_verification,pd_d192_k10_eval,all_rank_consensus,recorded_generator_elites,True,False,0,dev,250130,2075,30,454.6787999619254,False,19
pd_d192_k10_eval:population_elite:all_rank_consensus,elite_verification,pd_d192_k10_eval,all_rank_consensus,recorded_generator_elites,True,False,1,test,310273,2670,59,13.919571488305694,True,29
pd_d192_k10_eval:population_elite:all_rank_consensus,elite_verification,pd_d192_k10_eval,all_rank_consensus,recorded_generator_elites,True,False,2,dev,474552,3850,46,28.44347204601485,False,29
pd_d192_k10_eval:population_elite:all_rank_consensus,elite_verification,pd_d192_k10_eval,all_rank_consensus,recorded_generator_elites,True,False,3,test,852952,6879,85,21.345806716253342,True,19
pd_d192_k10_eval:population_elite:all_rank_consensus,elite_verification,pd_d192_k10_eval,all_rank_consensus,recorded_generator_elites,True,False,4,dev,1054158,8486,13,22.80677975795742,False,29
pd_d192_k10_eval:population_elite:all_rank_consensus,elite_verification,pd_d192_k10_eval,all_rank_consensus,recorded_generator_elites,True,False,5,test,1131800,9181,3,21.141566189193174,False,2
pd_d192_k10_eval:population_elite:all_rank_consensus,elite_verification,pd_d192_k10_eval,all_rank_consensus,recorded_generator_elites,True,False,6,dev,1172631,9572,18,84.13197390362313,False,29
pd_d192_k10_eval:population_elite:all_rank_consensus,elite_verification,pd_d192_k10_eval,all_rank_consensus,recorded_generator_elites,True,False,7,test,1221675,9978,11,187.27856814424777,False,29
pd_d192_k10_eval:population_elite:all_rank_consensus,elite_verification,pd_d192_k10_eval,all_rank_consensus,recorded_generator_elites,True,False,8,dev,1588091,12620,83,36.93242500375139,False,19
pd_d192_k10_eval:population_elite:all_rank_consensus,elite_verification,pd_d192_k10_eval,all_rank_consensus,recorded_generator_elites,True,False,9,test,1901402,15145,80,175.6681892462321,False,19
pd_d192_k10_eval:population_elite:all_rank_consensus,elite_verification,pd_d192_k10_eval,all_rank_consensus,recorded_generator_elites,True,False,10,dev,1952199,15647,50,19.349880309040298,True,29
pd_d192_k10_eval:population_elite:all_rank_consensus,elite_verification,pd_d192_k10_eval,all_rank_consensus,recorded_generator_elites,True,False,11,test,2159639,17227,46,22.689212043580994,False,29
pd_d192_k10_eval:population_all:nonself_rank_consensus,population_verification,pd_d192_k10_eval,nonself_rank_consensus,all_recorded_populations,True,False,0,dev,250130,2075,30,273.4145940052928,False,0
pd_d192_k10_eval:population_all:nonself_rank_consensus,population_verification,pd_d192_k10_eval,nonself_rank_consensus,all_recorded_populations,True,False,1,test,310273,2670,59,13.919571488305694,True,29
pd_d192_k10_eval:population_all:nonself_rank_consensus,population_verification,pd_d192_k10_eval,nonself_rank_consensus,all_recorded_populations,True,False,2,dev,474552,3850,46,39.992257297425354,False,29
pd_d192_k10_eval:population_all:nonself_rank_consensus,population_verification,pd_d192_k10_eval,nonself_rank_consensus,all_recorded_populations,True,False,3,test,852952,6879,85,21.345806716253342,True,19
pd_d192_k10_eval:population_all:nonself_rank_consensus,population_verification,pd_d192_k10_eval,nonself_rank_consensus,all_recorded_populations,True,False,4,dev,1054158,8486,13,22.80677975795742,False,29
pd_d192_k10_eval:population_all:nonself_rank_consensus,population_verification,pd_d192_k10_eval,nonself_rank_consensus,all_recorded_populations,True,False,5,test,1131800,9181,3,21.141566189193174,False,2
pd_d192_k10_eval:population_all:nonself_rank_consensus,population_verification,pd_d192_k10_eval,nonself_rank_consensus,all_recorded_populations,True,False,6,dev,1172631,9572,18,75.88312926963323,False,29
pd_d192_k10_eval:population_all:nonself_rank_consensus,population_verification,pd_d192_k10_eval,nonself_rank_consensus,all_recorded_populations,True,False,7,test,1221675,9978,11,180.49003914424276,False,19
pd_d192_k10_eval:population_all:nonself_rank_consensus,population_verification,pd_d192_k10_eval,nonself_rank_consensus,all_recorded_populations,True,False,8,dev,1588091,12620,83,49.0192442103747,False,9
pd_d192_k10_eval:population_all:nonself_rank_consensus,population_verification,pd_d192_k10_eval,nonself_rank_consensus,all_recorded_populations,True,False,9,test,1901402,15145,80,222.4780430185524,False,29
pd_d192_k10_eval:population_all:nonself_rank_consensus,population_verification,pd_d192_k10_eval,nonself_rank_consensus,all_recorded_populations,True,False,10,dev,1952199,15647,50,19.45453097265865,True,19
pd_d192_k10_eval:population_all:nonself_rank_consensus,population_verification,pd_d192_k10_eval,nonself_rank_consensus,all_recorded_populations,True,False,11,test,2159639,17227,46,19.831068374995915,True,29
pd_d192_k10_eval:population_elite:nonself_rank_consensus,elite_verification,pd_d192_k10_eval,nonself_rank_consensus,recorded_generator_elites,True,False,0,dev,250130,2075,30,302.7667736894837,False,0
pd_d192_k10_eval:population_elite:nonself_rank_consensus,elite_verification,pd_d192_k10_eval,nonself_rank_consensus,recorded_generator_elites,True,False,1,test,310273,2670,59,13.919571488305694,True,29
pd_d192_k10_eval:population_elite:nonself_rank_consensus,elite_verification,pd_d192_k10_eval,nonself_rank_consensus,recorded_generator_elites,True,False,2,dev,474552,3850,46,28.44347204601485,False,29
pd_d192_k10_eval:population_elite:nonself_rank_consensus,elite_verification,pd_d192_k10_eval,nonself_rank_consensus,recorded_generator_elites,True,False,3,test,852952,6879,85,21.345806716253342,True,19
pd_d192_k10_eval:population_elite:nonself_rank_consensus,elite_verification,pd_d192_k10_eval,nonself_rank_consensus,recorded_generator_elites,True,False,4,dev,1054158,8486,13,22.80677975795742,False,29
pd_d192_k10_eval:population_elite:nonself_rank_consensus,elite_verification,pd_d192_k10_eval,nonself_rank_consensus,recorded_generator_elites,True,False,5,test,1131800,9181,3,21.141566189193174,False,2
pd_d192_k10_eval:population_elite:nonself_rank_consensus,elite_verification,pd_d192_k10_eval,nonself_rank_consensus,recorded_generator_elites,True,False,6,dev,1172631,9572,18,94.31850384415137,False,19
pd_d192_k10_eval:population_elite:nonself_rank_consensus,elite_verification,pd_d192_k10_eval,nonself_rank_consensus,recorded_generator_elites,True,False,7,test,1221675,9978,11,171.81995590654944,False,9
pd_d192_k10_eval:population_elite:nonself_rank_consensus,elite_verification,pd_d192_k10_eval,nonself_rank_consensus,recorded_generator_elites,True,False,8,dev,1588091,12620,83,49.0192442103747,False,9
pd_d192_k10_eval:population_elite:nonself_rank_consensus,elite_verification,pd_d192_k10_eval,nonself_rank_consensus,recorded_generator_elites,True,False,9,test,1901402,15145,80,224.4715025679233,False,4
pd_d192_k10_eval:population_elite:nonself_rank_consensus,elite_verification,pd_d192_k10_eval,nonself_rank_consensus,recorded_generator_elites,True,False,10,dev,1952199,15647,50,19.45453097265865,True,19
pd_d192_k10_eval:population_elite:nonself_rank_consensus,elite_verification,pd_d192_k10_eval,nonself_rank_consensus,recorded_generator_elites,True,False,11,test,2159639,17227,46,23.254069664395285,False,19
portfolio:returned:score_by_pd_d192_k3_eval,multi_proposer_portfolio,all,pd_d192_k3_eval,all_returned_means,True,False,0,dev,250130,2075,30,80.25954671030671,False,29
portfolio:returned:score_by_pd_d192_k3_eval,multi_proposer_portfolio,all,pd_d192_k3_eval,all_returned_means,True,False,1,test,310273,2670,59,13.911138663658376,True,29
portfolio:returned:score_by_pd_d192_k3_eval,multi_proposer_portfolio,all,pd_d192_k3_eval,all_returned_means,True,False,2,dev,474552,3850,46,25.371452441368522,False,29
portfolio:returned:score_by_pd_d192_k3_eval,multi_proposer_portfolio,all,pd_d192_k3_eval,all_returned_means,True,False,3,test,852952,6879,85,22.136572061534974,True,29
portfolio:returned:score_by_pd_d192_k3_eval,multi_proposer_portfolio,all,pd_d192_k3_eval,all_returned_means,True,False,4,dev,1054158,8486,13,18.142151769355173,True,29
portfolio:returned:score_by_pd_d192_k3_eval,multi_proposer_portfolio,all,pd_d192_k3_eval,all_returned_means,True,False,5,test,1131800,9181,3,28.350893969488276,False,29
portfolio:returned:score_by_pd_d192_k3_eval,multi_proposer_portfolio,all,pd_d192_k3_eval,all_returned_means,True,False,6,dev,1172631,9572,18,81.60639641889348,False,29
portfolio:returned:score_by_pd_d192_k3_eval,multi_proposer_portfolio,all,pd_d192_k3_eval,all_returned_means,True,False,7,test,1221675,9978,11,288.31517249918477,False,29
portfolio:returned:score_by_pd_d192_k3_eval,multi_proposer_portfolio,all,pd_d192_k3_eval,all_returned_means,True,False,8,dev,1588091,12620,83,86.6445651929742,False,29
portfolio:returned:score_by_pd_d192_k3_eval,multi_proposer_portfolio,all,pd_d192_k3_eval,all_returned_means,True,False,9,test,1901402,15145,80,315.8116671113993,False,29
portfolio:returned:score_by_pd_d192_k3_eval,multi_proposer_portfolio,all,pd_d192_k3_eval,all_returned_means,True,False,10,dev,1952199,15647,50,6.699698591636034,True,29
portfolio:returned:score_by_pd_d192_k3_eval,multi_proposer_portfolio,all,pd_d192_k3_eval,all_returned_means,True,False,11,test,2159639,17227,46,11.797731185077506,True,29
portfolio:returned:score_by_iter2_multistep_eval,multi_proposer_portfolio,all,iter2_multistep_eval,all_returned_means,True,False,0,dev,250130,2075,30,257.70931368266247,False,29
portfolio:returned:score_by_iter2_multistep_eval,multi_proposer_portfolio,all,iter2_multistep_eval,all_returned_means,True,False,1,test,310273,2670,59,18.263245323724178,True,29
portfolio:returned:score_by_iter2_multistep_eval,multi_proposer_portfolio,all,iter2_multistep_eval,all_returned_means,True,False,2,dev,474552,3850,46,25.371452441368522,False,29
portfolio:returned:score_by_iter2_multistep_eval,multi_proposer_portfolio,all,iter2_multistep_eval,all_returned_means,True,False,3,test,852952,6879,85,20.058497436535504,True,29
portfolio:returned:score_by_iter2_multistep_eval,multi_proposer_portfolio,all,iter2_multistep_eval,all_returned_means,True,False,4,dev,1054158,8486,13,24.948320686795466,False,29
portfolio:returned:score_by_iter2_multistep_eval,multi_proposer_portfolio,all,iter2_multistep_eval,all_returned_means,True,False,5,test,1131800,9181,3,19.107574972616593,True,29
portfolio:returned:score_by_iter2_multistep_eval,multi_proposer_portfolio,all,iter2_multistep_eval,all_returned_means,True,False,6,dev,1172631,9572,18,156.78580506605,False,29
portfolio:returned:score_by_iter2_multistep_eval,multi_proposer_portfolio,all,iter2_multistep_eval,all_returned_means,True,False,7,test,1221675,9978,11,518.7298193410745,False,29
portfolio:returned:score_by_iter2_multistep_eval,multi_proposer_portfolio,all,iter2_multistep_eval,all_returned_means,True,False,8,dev,1588091,12620,83,36.73913384175345,False,29
portfolio:returned:score_by_iter2_multistep_eval,multi_proposer_portfolio,all,iter2_multistep_eval,all_returned_means,True,False,9,test,1901402,15145,80,150.10463894325827,False,29
portfolio:returned:score_by_iter2_multistep_eval,multi_proposer_portfolio,all,iter2_multistep_eval,all_returned_means,True,False,10,dev,1952199,15647,50,13.15248209903079,True,29
portfolio:returned:score_by_iter2_multistep_eval,multi_proposer_portfolio,all,iter2_multistep_eval,all_returned_means,True,False,11,test,2159639,17227,46,21.797326434796645,True,29
portfolio:returned:score_by_pd_d192_k10_eval,multi_proposer_portfolio,all,pd_d192_k10_eval,all_returned_means,True,False,0,dev,250130,2075,30,80.25954671030671,False,29
portfolio:returned:score_by_pd_d192_k10_eval,multi_proposer_portfolio,all,pd_d192_k10_eval,all_returned_means,True,False,1,test,310273,2670,59,19.322546860948595,True,29
portfolio:returned:score_by_pd_d192_k10_eval,multi_proposer_portfolio,all,pd_d192_k10_eval,all_returned_means,True,False,2,dev,474552,3850,46,40.00573532590752,False,4
portfolio:returned:score_by_pd_d192_k10_eval,multi_proposer_portfolio,all,pd_d192_k10_eval,all_returned_means,True,False,3,test,852952,6879,85,19.463620219221472,True,29
portfolio:returned:score_by_pd_d192_k10_eval,multi_proposer_portfolio,all,pd_d192_k10_eval,all_returned_means,True,False,4,dev,1054158,8486,13,17.857089634442747,True,29
portfolio:returned:score_by_pd_d192_k10_eval,multi_proposer_portfolio,all,pd_d192_k10_eval,all_returned_means,True,False,5,test,1131800,9181,3,16.910317499646887,True,29
portfolio:returned:score_by_pd_d192_k10_eval,multi_proposer_portfolio,all,pd_d192_k10_eval,all_returned_means,True,False,6,dev,1172631,9572,18,87.79338111044649,False,29
portfolio:returned:score_by_pd_d192_k10_eval,multi_proposer_portfolio,all,pd_d192_k10_eval,all_returned_means,True,False,7,test,1221675,9978,11,189.2940865070619,False,29
portfolio:returned:score_by_pd_d192_k10_eval,multi_proposer_portfolio,all,pd_d192_k10_eval,all_returned_means,True,False,8,dev,1588091,12620,83,102.97082780324205,False,29
portfolio:returned:score_by_pd_d192_k10_eval,multi_proposer_portfolio,all,pd_d192_k10_eval,all_returned_means,True,False,9,test,1901402,15145,80,198.14364241654764,False,29
portfolio:returned:score_by_pd_d192_k10_eval,multi_proposer_portfolio,all,pd_d192_k10_eval,all_returned_means,True,False,10,dev,1952199,15647,50,14.264341022731024,True,29
portfolio:returned:score_by_pd_d192_k10_eval,multi_proposer_portfolio,all,pd_d192_k10_eval,all_returned_means,True,False,11,test,2159639,17227,46,29.244688741467503,False,29
portfolio:returned:rank_consensus,multi_proposer_portfolio,all,all_rank_consensus,all_returned_means,True,False,0,dev,250130,2075,30,80.25954671030671,False,29
portfolio:returned:rank_consensus,multi_proposer_portfolio,all,all_rank_consensus,all_returned_means,True,False,1,test,310273,2670,59,18.263245323724178,True,29
portfolio:returned:rank_consensus,multi_proposer_portfolio,all,all_rank_consensus,all_returned_means,True,False,2,dev,474552,3850,46,25.371452441368522,False,29
portfolio:returned:rank_consensus,multi_proposer_portfolio,all,all_rank_consensus,all_returned_means,True,False,3,test,852952,6879,85,20.058497436535504,True,29
portfolio:returned:rank_consensus,multi_proposer_portfolio,all,all_rank_consensus,all_returned_means,True,False,4,dev,1054158,8486,13,18.142151769355173,True,29
portfolio:returned:rank_consensus,multi_proposer_portfolio,all,all_rank_consensus,all_returned_means,True,False,5,test,1131800,9181,3,19.360605153563238,True,4
portfolio:returned:rank_consensus,multi_proposer_portfolio,all,all_rank_consensus,all_returned_means,True,False,6,dev,1172631,9572,18,85.56487856856155,False,19
portfolio:returned:rank_consensus,multi_proposer_portfolio,all,all_rank_consensus,all_returned_means,True,False,7,test,1221675,9978,11,288.31517249918477,False,29
portfolio:returned:rank_consensus,multi_proposer_portfolio,all,all_rank_consensus,all_returned_means,True,False,8,dev,1588091,12620,83,38.00034346564651,False,19
portfolio:returned:rank_consensus,multi_proposer_portfolio,all,all_rank_consensus,all_returned_means,True,False,9,test,1901402,15145,80,172.16040191148105,False,19
portfolio:returned:rank_consensus,multi_proposer_portfolio,all,all_rank_consensus,all_returned_means,True,False,10,dev,1952199,15647,50,18.216074315082974,True,19
portfolio:returned:rank_consensus,multi_proposer_portfolio,all,all_rank_consensus,all_returned_means,True,False,11,test,2159639,17227,46,29.244688741467503,False,29
portfolio:returned:oracle,oracle_ceiling,all,true_simulator_cost,all_returned_means,False,False,0,dev,250130,2075,30,80.25954671030671,False,29
portfolio:returned:oracle,oracle_ceiling,all,true_simulator_cost,all_returned_means,False,False,1,test,310273,2670,59,13.911138663658376,True,29
portfolio:returned:oracle,oracle_ceiling,all,true_simulator_cost,all_returned_means,False,False,2,dev,474552,3850,46,25.12291046360643,False,29
portfolio:returned:oracle,oracle_ceiling,all,true_simulator_cost,all_returned_means,False,False,3,test,852952,6879,85,19.463620219221472,True,29
portfolio:returned:oracle,oracle_ceiling,all,true_simulator_cost,all_returned_means,False,False,4,dev,1054158,8486,13,17.857089634442747,True,29
portfolio:returned:oracle,oracle_ceiling,all,true_simulator_cost,all_returned_means,False,False,5,test,1131800,9181,3,16.542936721835947,True,4
portfolio:returned:oracle,oracle_ceiling,all,true_simulator_cost,all_returned_means,False,False,6,dev,1172631,9572,18,76.33712085654992,False,9
portfolio:returned:oracle,oracle_ceiling,all,true_simulator_cost,all_returned_means,False,False,7,test,1221675,9978,11,161.0026083367312,False,4
portfolio:returned:oracle,oracle_ceiling,all,true_simulator_cost,all_returned_means,False,False,8,dev,1588091,12620,83,36.44117005994283,False,4
portfolio:returned:oracle,oracle_ceiling,all,true_simulator_cost,all_returned_means,False,False,9,test,1901402,15145,80,150.10463894325827,False,29
portfolio:returned:oracle,oracle_ceiling,all,true_simulator_cost,all_returned_means,False,False,10,dev,1952199,15647,50,6.699698591636034,True,29
portfolio:returned:oracle,oracle_ceiling,all,true_simulator_cost,all_returned_means,False,False,11,test,2159639,17227,46,11.797731185077506,True,29
