state_index,split,dataset_row,episode,start,generator,scorer,is_self_scorer,step,elite_count,elite_overlap,update_cosine,relative_update_error,learned_update_norm,oracle_update_norm,learned_elite_success_fraction,oracle_elite_success_fraction
0,dev,250130,2075,30,pd_d192_k3_eval,pd_d192_k3_eval,True,0,30,0.4,0.340464356371287,1.0127049173931626,1.553345775712566,2.167623851155581,0.0,0.0
0,dev,250130,2075,30,pd_d192_k3_eval,iter2_multistep_eval,False,0,30,0.8,0.8906075844401189,0.45487770958793267,1.951696254753551,2.167623851155581,0.0,0.0
0,dev,250130,2075,30,pd_d192_k3_eval,pd_d192_k10_eval,False,0,30,0.03333333333333333,-0.25688197651866734,1.4571516194505574,1.80705870524212,2.167623851155581,0.0,0.0
0,dev,250130,2075,30,pd_d192_k3_eval,pd_d192_k3_eval,True,1,30,0.4666666666666667,0.6860102732953475,0.7958774944915523,2.32069306945108,2.301022162189166,0.0,0.0
0,dev,250130,2075,30,pd_d192_k3_eval,iter2_multistep_eval,False,1,30,0.4,0.6381955947188583,0.8009743667356753,1.9770934524651045,2.301022162189166,0.0,0.0
0,dev,250130,2075,30,pd_d192_k3_eval,pd_d192_k10_eval,False,1,30,0.0,-0.3851157879152793,1.4610839002910347,1.7202800000263558,2.301022162189166,0.0,0.0
0,dev,250130,2075,30,pd_d192_k3_eval,pd_d192_k3_eval,True,2,30,0.2,0.35350763059308515,1.0175998150854018,1.6845634204550437,2.233862436517876,0.0,0.0
0,dev,250130,2075,30,pd_d192_k3_eval,iter2_multistep_eval,False,2,30,0.2,0.27585230588397947,1.1109198303183256,1.8604541479404706,2.233862436517876,0.0,0.0
0,dev,250130,2075,30,pd_d192_k3_eval,pd_d192_k10_eval,False,2,30,0.0,-0.2494619719721075,1.426575097249136,1.7828047723393223,2.233862436517876,0.0,0.0
0,dev,250130,2075,30,pd_d192_k3_eval,pd_d192_k3_eval,True,4,30,0.13333333333333333,0.07999624035113277,1.2091660745625994,1.6047846541773065,2.0992568737999346,0.0,0.0
0,dev,250130,2075,30,pd_d192_k3_eval,iter2_multistep_eval,False,4,30,0.3,0.26250429956777466,1.0954648071089352,1.6397500881575915,2.0992568737999346,0.0,0.0
0,dev,250130,2075,30,pd_d192_k3_eval,pd_d192_k10_eval,False,4,30,0.0,-0.4003606856612725,1.5159645180348031,1.6947237875965029,2.0992568737999346,0.0,0.0
0,dev,250130,2075,30,pd_d192_k3_eval,pd_d192_k3_eval,True,9,30,0.06666666666666667,-0.02588110457360515,1.2568584570624686,1.676601123336751,2.2781934090418785,0.0,0.0
0,dev,250130,2075,30,pd_d192_k3_eval,iter2_multistep_eval,False,9,30,0.1,-0.07218701911537495,1.2547766573660977,1.5700788820656761,2.2781934090418785,0.0,0.0
0,dev,250130,2075,30,pd_d192_k3_eval,pd_d192_k10_eval,False,9,30,0.03333333333333333,-0.45113110243769056,1.6367614580972976,2.098019855718816,2.2781934090418785,0.0,0.0
0,dev,250130,2075,30,pd_d192_k3_eval,pd_d192_k3_eval,True,19,30,0.23333333333333334,0.394668592462356,0.9356571919199392,0.831293084440304,1.4549531623484573,0.0,0.0
0,dev,250130,2075,30,pd_d192_k3_eval,iter2_multistep_eval,False,19,30,0.43333333333333335,0.5983608843759596,0.8107021833150542,1.0504005423372058,1.4549531623484573,0.0,0.0
0,dev,250130,2075,30,pd_d192_k3_eval,pd_d192_k10_eval,False,19,30,0.5,0.7877630730101309,0.6193981263106567,1.2407269506267729,1.4549531623484573,0.0,0.0
0,dev,250130,2075,30,pd_d192_k3_eval,pd_d192_k3_eval,True,29,30,0.16666666666666666,0.2122086904255813,1.0548644042834399,0.6283794853969173,1.0311221728619666,0.0,0.0
0,dev,250130,2075,30,pd_d192_k3_eval,iter2_multistep_eval,False,29,30,0.4666666666666667,0.7631785693436237,0.6516059899700621,0.8733965322345365,1.0311221728619666,0.0,0.0
0,dev,250130,2075,30,pd_d192_k3_eval,pd_d192_k10_eval,False,29,30,0.4666666666666667,0.79649766569092,0.6157515879456879,0.9413514911688653,1.0311221728619666,0.0,0.0
0,dev,250130,2075,30,iter2_multistep_eval,pd_d192_k3_eval,False,0,30,0.4,0.340464356371287,1.0127049173931626,1.553345775712566,2.167623851155581,0.0,0.0
0,dev,250130,2075,30,iter2_multistep_eval,iter2_multistep_eval,True,0,30,0.8,0.8906075844401189,0.45487770958793267,1.951696254753551,2.167623851155581,0.0,0.0
0,dev,250130,2075,30,iter2_multistep_eval,pd_d192_k10_eval,False,0,30,0.03333333333333333,-0.25688197651866734,1.4571516194505574,1.80705870524212,2.167623851155581,0.0,0.0
0,dev,250130,2075,30,iter2_multistep_eval,pd_d192_k3_eval,False,1,30,0.3333333333333333,0.5654930114471215,0.8717259006064088,1.8961098711336721,2.2365474226754434,0.0,0.0
0,dev,250130,2075,30,iter2_multistep_eval,iter2_multistep_eval,True,1,30,0.1,0.44479640857624814,0.961230391814387,1.7753848157092167,2.2365474226754434,0.0,0.0
0,dev,250130,2075,30,iter2_multistep_eval,pd_d192_k10_eval,False,1,30,0.0,-0.34541751869503057,1.621779084954417,2.1856924298310783,2.2365474226754434,0.0,0.0
0,dev,250130,2075,30,iter2_multistep_eval,pd_d192_k3_eval,False,2,30,0.2,0.38185953227822783,1.001019389734908,1.806490722887084,2.3571715018352957,0.0,0.0
0,dev,250130,2075,30,iter2_multistep_eval,iter2_multistep_eval,True,2,30,0.13333333333333333,0.23696069422684335,1.0752508227306734,1.6446855123763267,2.3571715018352957,0.0,0.0
0,dev,250130,2075,30,iter2_multistep_eval,pd_d192_k10_eval,False,2,30,0.0,-0.013095799016209275,1.397237473870552,2.2695710075959146,2.3571715018352957,0.0,0.0
0,dev,250130,2075,30,iter2_multistep_eval,pd_d192_k3_eval,False,4,30,0.0,0.239884547776182,1.2041354886937292,1.7872289040887646,1.876817520291897,0.0,0.0
0,dev,250130,2075,30,iter2_multistep_eval,iter2_multistep_eval,True,4,30,0.36666666666666664,0.4863535869509496,0.9332863970567689,1.528333884066297,1.876817520291897,0.0,0.0
0,dev,250130,2075,30,iter2_multistep_eval,pd_d192_k10_eval,False,4,30,0.13333333333333333,0.08040467860437263,1.3727137846694286,1.9222946080775232,1.876817520291897,0.0,0.0
0,dev,250130,2075,30,iter2_multistep_eval,pd_d192_k3_eval,False,9,30,0.16666666666666666,0.22083629282170486,1.3522648833569242,1.7871031176010168,1.5438979202681062,0.0,0.0
0,dev,250130,2075,30,iter2_multistep_eval,iter2_multistep_eval,True,9,30,0.3,0.4117038136772919,1.0209680833548762,1.3462844843620478,1.5438979202681062,0.0,0.0
0,dev,250130,2075,30,iter2_multistep_eval,pd_d192_k10_eval,False,9,30,0.3,0.5305747674163167,0.9971600466424353,1.6300124397719031,1.5438979202681062,0.0,0.0
0,dev,250130,2075,30,iter2_multistep_eval,pd_d192_k3_eval,False,19,30,0.3,0.5209567779851364,1.060914804499001,1.3810485275347721,1.199883518073253,0.0,0.0
0,dev,250130,2075,30,iter2_multistep_eval,iter2_multistep_eval,True,19,30,0.16666666666666666,0.41205909842063604,0.9791128085714843,0.9244679236732298,1.199883518073253,0.0,0.0
0,dev,250130,2075,30,iter2_multistep_eval,pd_d192_k10_eval,False,19,30,0.26666666666666666,0.48326536345153526,1.0417582433454606,1.257350900666305,1.199883518073253,0.0,0.0
0,dev,250130,2075,30,iter2_multistep_eval,pd_d192_k3_eval,False,29,30,0.26666666666666666,0.4853534321579916,1.1402929149894738,0.7675682982914522,0.6305179407441462,0.0,0.0
0,dev,250130,2075,30,iter2_multistep_eval,iter2_multistep_eval,True,29,30,0.23333333333333334,0.3438541036387589,1.172069178878056,0.6590603844925065,0.6305179407441462,0.0,0.0
0,dev,250130,2075,30,iter2_multistep_eval,pd_d192_k10_eval,False,29,30,0.26666666666666666,0.3989653612470326,1.1788076791800262,0.7186324071582265,0.6305179407441462,0.0,0.0
0,dev,250130,2075,30,pd_d192_k10_eval,pd_d192_k3_eval,False,0,30,0.4,0.340464356371287,1.0127049173931626,1.553345775712566,2.167623851155581,0.0,0.0
0,dev,250130,2075,30,pd_d192_k10_eval,iter2_multistep_eval,False,0,30,0.8,0.8906075844401189,0.45487770958793267,1.951696254753551,2.167623851155581,0.0,0.0
0,dev,250130,2075,30,pd_d192_k10_eval,pd_d192_k10_eval,True,0,30,0.03333333333333333,-0.25688197651866734,1.4571516194505574,1.80705870524212,2.167623851155581,0.0,0.0
0,dev,250130,2075,30,pd_d192_k10_eval,pd_d192_k3_eval,False,1,30,0.23333333333333334,0.39531063438199615,0.9995400410085746,1.661810949063908,2.10500693674697,0.0,0.0
0,dev,250130,2075,30,pd_d192_k10_eval,iter2_multistep_eval,False,1,30,0.7,0.8223383992443853,0.6174006008399134,2.2354570307124266,2.10500693674697,0.0,0.0
0,dev,250130,2075,30,pd_d192_k10_eval,pd_d192_k10_eval,True,1,30,0.0,-0.28304152856177467,1.4880360913226203,1.7990644402496783,2.10500693674697,0.0,0.0
0,dev,250130,2075,30,pd_d192_k10_eval,pd_d192_k3_eval,False,2,30,0.1,0.07671008291810413,1.2876010081018605,1.805742269948469,2.0256241989000783,0.0,0.0
0,dev,250130,2075,30,pd_d192_k10_eval,iter2_multistep_eval,False,2,30,0.3,0.3610593213114857,1.0521917888532866,1.7184781707777264,2.0256241989000783,0.0,0.0
0,dev,250130,2075,30,pd_d192_k10_eval,pd_d192_k10_eval,True,2,30,0.0,-0.17183980662605797,1.2621754409866002,1.2502562616261081,2.0256241989000783,0.0,0.0
0,dev,250130,2075,30,pd_d192_k10_eval,pd_d192_k3_eval,False,4,30,0.13333333333333333,0.21103774984099136,1.2742723296679341,1.7040373836616498,1.656756617084516,0.0,0.0
0,dev,250130,2075,30,pd_d192_k10_eval,iter2_multistep_eval,False,4,30,0.3,0.3067021843780697,1.0580626293723565,1.273765336424073,1.656756617084516,0.0,0.0
0,dev,250130,2075,30,pd_d192_k10_eval,pd_d192_k10_eval,True,4,30,0.0,0.02445484683756515,1.197224401834301,1.1318950280992461,1.656756617084516,0.0,0.0
0,dev,250130,2075,30,pd_d192_k10_eval,pd_d192_k3_eval,False,9,30,0.06666666666666667,0.16923557694989688,1.2116097998890836,1.1311296218605311,1.294255285041376,0.0,0.0
0,dev,250130,2075,30,pd_d192_k10_eval,iter2_multistep_eval,False,9,30,0.1,-0.1888503606981085,1.3796823397530753,1.009864260169295,1.294255285041376,0.0,0.0
0,dev,250130,2075,30,pd_d192_k10_eval,pd_d192_k10_eval,True,9,30,0.0,-0.02453920223801728,1.2030714292935831,0.8345049356365725,1.294255285041376,0.0,0.0
0,dev,250130,2075,30,pd_d192_k10_eval,pd_d192_k3_eval,False,19,30,0.03333333333333333,0.06520004028904028,1.3998942152804137,0.47612646979910245,0.45474783339207714,0.0,0.0
0,dev,250130,2075,30,pd_d192_k10_eval,iter2_multistep_eval,False,19,30,0.0,-0.5092283643482043,1.7302242328456918,0.45100424882482065,0.45474783339207714,0.0,0.0
0,dev,250130,2075,30,pd_d192_k10_eval,pd_d192_k10_eval,True,19,30,0.03333333333333333,-0.001546348117398862,1.2712358601996396,0.3562211318723378,0.45474783339207714,0.0,0.0
0,dev,250130,2075,30,pd_d192_k10_eval,pd_d192_k3_eval,False,29,30,0.03333333333333333,-0.1153212281424962,1.5221838503109477,0.2340753019033149,0.22548791407141372,0.0,0.0
0,dev,250130,2075,30,pd_d192_k10_eval,iter2_multistep_eval,False,29,30,0.03333333333333333,-0.09557052384960685,1.5393033251242412,0.24320281735385565,0.22548791407141372,0.0,0.0
0,dev,250130,2075,30,pd_d192_k10_eval,pd_d192_k10_eval,True,29,30,0.0,-0.023987905334765035,1.2406325087165664,0.16025090329567768,0.22548791407141372,0.0,0.0
1,test,310273,2670,59,pd_d192_k3_eval,pd_d192_k3_eval,True,0,30,0.6,0.7544561033762412,0.724456287149036,2.0583232142251457,1.9397702195441313,0.06666666666666667,0.13333333333333333
1,test,310273,2670,59,pd_d192_k3_eval,iter2_multistep_eval,False,0,30,0.6666666666666666,0.7595472195971126,0.7251680853904638,2.0952264302787214,1.9397702195441313,0.06666666666666667,0.13333333333333333
1,test,310273,2670,59,pd_d192_k3_eval,pd_d192_k10_eval,False,0,30,0.8666666666666667,0.893918536527969,0.463707917355949,1.9644571165389724,1.9397702195441313,0.1,0.13333333333333333
1,test,310273,2670,59,pd_d192_k3_eval,pd_d192_k3_eval,True,1,30,0.43333333333333335,0.4905316461729493,1.0317984243607485,1.7533705240233908,1.681072242617522,0.16666666666666666,0.5666666666666667
1,test,310273,2670,59,pd_d192_k3_eval,iter2_multistep_eval,False,1,30,0.4666666666666667,0.5849383463866589,0.901735530026181,1.645759590115626,1.681072242617522,0.16666666666666666,0.5666666666666667
1,test,310273,2670,59,pd_d192_k3_eval,pd_d192_k10_eval,False,1,30,0.5333333333333333,0.6377499442030066,0.8386696243979055,1.6298847408816561,1.681072242617522,0.23333333333333334,0.5666666666666667
1,test,310273,2670,59,pd_d192_k3_eval,pd_d192_k3_eval,True,2,30,0.43333333333333335,0.49447418590879677,0.9952576780249686,1.6850845420615368,1.7207275666737534,0.3333333333333333,0.8333333333333334
1,test,310273,2670,59,pd_d192_k3_eval,iter2_multistep_eval,False,2,30,0.43333333333333335,0.5180774779400084,0.955494635551232,1.624294658737195,1.7207275666737534,0.3,0.8333333333333334
1,test,310273,2670,59,pd_d192_k3_eval,pd_d192_k10_eval,False,2,30,0.4,0.527408174003386,0.9092373577200364,1.464765160506534,1.7207275666737534,0.3333333333333333,0.8333333333333334
1,test,310273,2670,59,pd_d192_k3_eval,pd_d192_k3_eval,True,4,30,0.4666666666666667,0.39719468313167783,1.0876907197819887,1.5324006858389319,1.5620719316364218,0.4666666666666667,0.9333333333333333
1,test,310273,2670,59,pd_d192_k3_eval,iter2_multistep_eval,False,4,30,0.43333333333333335,0.3417935563998151,1.12681176430199,1.5050672172845352,1.5620719316364218,0.5,0.9333333333333333
1,test,310273,2670,59,pd_d192_k3_eval,pd_d192_k10_eval,False,4,30,0.5333333333333333,0.4442173221443836,1.0088097579018753,1.4182464263557841,1.5620719316364218,0.6,0.9333333333333333
1,test,310273,2670,59,pd_d192_k3_eval,pd_d192_k3_eval,True,9,30,0.5,0.435085695105386,0.9889428083198297,1.058212226735686,1.253630660216978,0.6666666666666666,1.0
1,test,310273,2670,59,pd_d192_k3_eval,iter2_multistep_eval,False,9,30,0.4,0.22432262917525736,1.2457326980178385,1.2540307536463817,1.253630660216978,0.7,1.0
1,test,310273,2670,59,pd_d192_k3_eval,pd_d192_k10_eval,False,9,30,0.3333333333333333,0.20436548700786478,1.3535683780889893,1.4281340632495374,1.253630660216978,0.7,1.0
1,test,310273,2670,59,pd_d192_k3_eval,pd_d192_k3_eval,True,19,30,0.36666666666666664,0.33495192483957437,1.0562738892724381,0.657816521024914,0.8097715010727559,1.0,1.0
1,test,310273,2670,59,pd_d192_k3_eval,iter2_multistep_eval,False,19,30,0.3,0.3785069866507723,1.0353811575944067,0.6822256518130397,0.8097715010727559,0.9333333333333333,1.0
1,test,310273,2670,59,pd_d192_k3_eval,pd_d192_k10_eval,False,19,30,0.43333333333333335,0.39456191670048585,1.077180982301609,0.7747074947838567,0.8097715010727559,1.0,1.0
1,test,310273,2670,59,pd_d192_k3_eval,pd_d192_k3_eval,True,29,30,0.13333333333333333,-0.012601157522171906,1.304655078984162,0.38569945460224647,0.4672751842556578,1.0,1.0
1,test,310273,2670,59,pd_d192_k3_eval,iter2_multistep_eval,False,29,30,0.13333333333333333,0.14835564993590475,1.1647454448119037,0.35685527925174443,0.4672751842556578,1.0,1.0
1,test,310273,2670,59,pd_d192_k3_eval,pd_d192_k10_eval,False,29,30,0.13333333333333333,0.1770440226248643,1.2134667027202264,0.4144100736408642,0.4672751842556578,1.0,1.0
1,test,310273,2670,59,iter2_multistep_eval,pd_d192_k3_eval,False,0,30,0.6,0.7544561033762412,0.724456287149036,2.0583232142251457,1.9397702195441313,0.06666666666666667,0.13333333333333333
1,test,310273,2670,59,iter2_multistep_eval,iter2_multistep_eval,True,0,30,0.6666666666666666,0.7595472195971126,0.7251680853904638,2.0952264302787214,1.9397702195441313,0.06666666666666667,0.13333333333333333
1,test,310273,2670,59,iter2_multistep_eval,pd_d192_k10_eval,False,0,30,0.8666666666666667,0.893918536527969,0.463707917355949,1.9644571165389724,1.9397702195441313,0.1,0.13333333333333333
1,test,310273,2670,59,iter2_multistep_eval,pd_d192_k3_eval,False,1,30,0.4,0.5215431058690535,1.0894605196767868,1.953909282682318,1.6296322084470485,0.23333333333333334,0.6666666666666666
1,test,310273,2670,59,iter2_multistep_eval,iter2_multistep_eval,True,1,30,0.4666666666666667,0.5459041914025469,1.0158316602284259,1.8256695910810516,1.6296322084470485,0.2,0.6666666666666666
1,test,310273,2670,59,iter2_multistep_eval,pd_d192_k10_eval,False,1,30,0.43333333333333335,0.5370951226766076,0.9722116208317646,1.6630166283390257,1.6296322084470485,0.2,0.6666666666666666
1,test,310273,2670,59,iter2_multistep_eval,pd_d192_k3_eval,False,2,30,0.43333333333333335,0.4968558649141565,0.9943638362264454,1.8185052686983316,1.851332625104103,0.36666666666666664,0.9333333333333333
1,test,310273,2670,59,iter2_multistep_eval,iter2_multistep_eval,True,2,30,0.43333333333333335,0.5322246831270215,0.9129202908187299,1.6177293342621002,1.851332625104103,0.36666666666666664,0.9333333333333333
1,test,310273,2670,59,iter2_multistep_eval,pd_d192_k10_eval,False,2,30,0.5,0.6686251085345143,0.7712001815072318,1.616395230503914,1.851332625104103,0.43333333333333335,0.9333333333333333
1,test,310273,2670,59,iter2_multistep_eval,pd_d192_k3_eval,False,4,30,0.5,0.5232721053618032,0.9208231265660127,1.3664964751271602,1.566779760032791,0.5333333333333333,1.0
1,test,310273,2670,59,iter2_multistep_eval,iter2_multistep_eval,True,4,30,0.6,0.6003957434731612,0.883142211679461,1.5277918957852856,1.566779760032791,0.7,1.0
1,test,310273,2670,59,iter2_multistep_eval,pd_d192_k10_eval,False,4,30,0.5,0.21078226401266537,1.1538121261050667,1.2906120012316857,1.566779760032791,0.6666666666666666,1.0
1,test,310273,2670,59,iter2_multistep_eval,pd_d192_k3_eval,False,9,30,0.43333333333333335,0.5818772612675411,0.9089093350429389,1.2639947396384712,1.2797271353419084,0.6,1.0
1,test,310273,2670,59,iter2_multistep_eval,iter2_multistep_eval,True,9,30,0.4666666666666667,0.5354944151419552,0.9352616503494893,1.1995215179333865,1.2797271353419084,0.7,1.0
1,test,310273,2670,59,iter2_multistep_eval,pd_d192_k10_eval,False,9,30,0.4666666666666667,0.4658402130727102,1.0285526013687563,1.267154535155046,1.2797271353419084,0.7333333333333333,1.0
1,test,310273,2670,59,iter2_multistep_eval,pd_d192_k3_eval,False,19,30,0.36666666666666664,0.21579516436534635,1.229082671424184,0.7032728953830277,0.7308543520429547,0.8333333333333334,1.0
1,test,310273,2670,59,iter2_multistep_eval,iter2_multistep_eval,True,19,30,0.36666666666666664,0.16325686727867625,1.3096689001773711,0.748822101070142,0.7308543520429547,0.9,1.0
1,test,310273,2670,59,iter2_multistep_eval,pd_d192_k10_eval,False,19,30,0.4,0.25470617605458773,1.168098497077348,0.6650324774867509,0.7308543520429547,0.8333333333333334,1.0
1,test,310273,2670,59,iter2_multistep_eval,pd_d192_k3_eval,False,29,30,0.2,0.17285601472338252,1.2349707189433123,0.4769660188733993,0.5196497188075481,1.0,1.0
1,test,310273,2670,59,iter2_multistep_eval,iter2_multistep_eval,True,29,30,0.06666666666666667,0.0011548772181235452,1.3374278297649567,0.4620989765914693,0.5196497188075481,1.0,1.0
1,test,310273,2670,59,iter2_multistep_eval,pd_d192_k10_eval,False,29,30,0.06666666666666667,-0.10201464342125921,1.482116225156217,0.517911610391273,0.5196497188075481,1.0,1.0
1,test,310273,2670,59,pd_d192_k10_eval,pd_d192_k3_eval,False,0,30,0.6,0.7544561033762412,0.724456287149036,2.0583232142251457,1.9397702195441313,0.06666666666666667,0.13333333333333333
1,test,310273,2670,59,pd_d192_k10_eval,iter2_multistep_eval,False,0,30,0.6666666666666666,0.7595472195971126,0.7251680853904638,2.0952264302787214,1.9397702195441313,0.06666666666666667,0.13333333333333333
1,test,310273,2670,59,pd_d192_k10_eval,pd_d192_k10_eval,True,0,30,0.8666666666666667,0.893918536527969,0.463707917355949,1.9644571165389724,1.9397702195441313,0.1,0.13333333333333333
1,test,310273,2670,59,pd_d192_k10_eval,pd_d192_k3_eval,False,1,30,0.5333333333333333,0.5809756501619125,0.950594688273082,1.945417434277309,1.8146550043014273,0.26666666666666666,0.6666666666666666
1,test,310273,2670,59,pd_d192_k10_eval,iter2_multistep_eval,False,1,30,0.5333333333333333,0.5962346143670259,0.9154653351239985,1.8803516086749859,1.8146550043014273,0.26666666666666666,0.6666666666666666
1,test,310273,2670,59,pd_d192_k10_eval,pd_d192_k10_eval,True,1,30,0.5333333333333333,0.6726910391568299,0.8095053584982993,1.8165398124478114,1.8146550043014273,0.26666666666666666,0.6666666666666666
1,test,310273,2670,59,pd_d192_k10_eval,pd_d192_k3_eval,False,2,30,0.43333333333333335,0.46159286707228836,0.9705233552842132,1.635609059876786,1.912383820761242,0.36666666666666664,0.9
1,test,310273,2670,59,pd_d192_k10_eval,iter2_multistep_eval,False,2,30,0.4666666666666667,0.5282492423880282,0.8967933555293702,1.562114778359108,1.912383820761242,0.4,0.9
1,test,310273,2670,59,pd_d192_k10_eval,pd_d192_k10_eval,True,2,30,0.4666666666666667,0.4205333206249283,0.9599975678712172,1.4042453830679678,1.912383820761242,0.4,0.9
1,test,310273,2670,59,pd_d192_k10_eval,pd_d192_k3_eval,False,4,30,0.5333333333333333,0.611301877205398,1.0391677570292173,1.9212545476091858,1.4954071270716234,0.6,1.0
1,test,310273,2670,59,pd_d192_k10_eval,iter2_multistep_eval,False,4,30,0.5,0.5049549792330623,1.0270802265092922,1.5875505915907453,1.4954071270716234,0.6333333333333333,1.0
1,test,310273,2670,59,pd_d192_k10_eval,pd_d192_k10_eval,True,4,30,0.43333333333333335,0.4962791544909079,0.9924921310663686,1.4613876645473307,1.4954071270716234,0.6666666666666666,1.0
1,test,310273,2670,59,pd_d192_k10_eval,pd_d192_k3_eval,False,9,30,0.4666666666666667,0.4942626245595708,0.9931646247784397,1.312768248849982,1.3470570909610673,0.6333333333333333,1.0
1,test,310273,2670,59,pd_d192_k10_eval,iter2_multistep_eval,False,9,30,0.4666666666666667,0.5548974697330669,0.8715602593528441,1.0975281135168986,1.3470570909610673,0.7,1.0
1,test,310273,2670,59,pd_d192_k10_eval,pd_d192_k10_eval,True,9,30,0.36666666666666664,0.33545576410942773,1.0735386356802163,1.1453387805007091,1.3470570909610673,0.7,1.0
1,test,310273,2670,59,pd_d192_k10_eval,pd_d192_k3_eval,False,19,30,0.5,0.543993294216041,0.8911067108689351,0.7709065212409072,0.9134038361092305,0.8333333333333334,1.0
1,test,310273,2670,59,pd_d192_k10_eval,iter2_multistep_eval,False,19,30,0.36666666666666664,0.42423593039248964,1.0302936631002741,0.8363520599355427,0.9134038361092305,0.7333333333333333,1.0
1,test,310273,2670,59,pd_d192_k10_eval,pd_d192_k10_eval,True,19,30,0.4666666666666667,0.5576339887690308,0.9459928355272479,0.9237708603867022,0.9134038361092305,0.9333333333333333,1.0
1,test,310273,2670,59,pd_d192_k10_eval,pd_d192_k3_eval,False,29,30,0.3333333333333333,0.3239745781739382,1.2343916919903148,0.5038894119846813,0.4511622946430447,0.9666666666666667,1.0
1,test,310273,2670,59,pd_d192_k10_eval,iter2_multistep_eval,False,29,30,0.1,0.20206549997746376,1.4209570444808484,0.5556532572640726,0.4511622946430447,0.9333333333333333,1.0
1,test,310273,2670,59,pd_d192_k10_eval,pd_d192_k10_eval,True,29,30,0.13333333333333333,0.2760926258137952,1.1556809116322189,0.4140898143843522,0.4511622946430447,1.0,1.0
2,dev,474552,3850,46,pd_d192_k3_eval,pd_d192_k3_eval,True,0,30,0.43333333333333335,0.655239452541244,0.7846365970284473,2.081174326008707,2.399447161734771,0.0,0.0
2,dev,474552,3850,46,pd_d192_k3_eval,iter2_multistep_eval,False,0,30,0.5666666666666667,0.722027805293874,0.740210278283944,2.3638250300599117,2.399447161734771,0.0,0.0
2,dev,474552,3850,46,pd_d192_k3_eval,pd_d192_k10_eval,False,0,30,0.6,0.7780719294753667,0.6438370157332879,2.205613465986527,2.399447161734771,0.0,0.0
2,dev,474552,3850,46,pd_d192_k3_eval,pd_d192_k3_eval,True,1,30,0.36666666666666664,0.6429140143644725,0.7797773232265737,1.7760118699747052,2.25047788959863,0.0,0.0
2,dev,474552,3850,46,pd_d192_k3_eval,iter2_multistep_eval,False,1,30,0.5,0.6683983704012797,0.8028538569574554,2.1843319810995783,2.25047788959863,0.0,0.0
2,dev,474552,3850,46,pd_d192_k3_eval,pd_d192_k10_eval,False,1,30,0.7,0.8193904986847262,0.5897427682569043,2.1558338162726423,2.25047788959863,0.0,0.0
2,dev,474552,3850,46,pd_d192_k3_eval,pd_d192_k3_eval,True,2,30,0.43333333333333335,0.47266181868231827,0.9821395573379123,1.9207821140901582,2.1194605350726725,0.0,0.0
2,dev,474552,3850,46,pd_d192_k3_eval,iter2_multistep_eval,False,2,30,0.8333333333333334,0.930501944388206,0.37333970883787027,2.125239541667357,2.1194605350726725,0.0,0.0
2,dev,474552,3850,46,pd_d192_k3_eval,pd_d192_k10_eval,False,2,30,0.6666666666666666,0.8307755607986906,0.5811461751075143,2.1149356680287106,2.1194605350726725,0.0,0.0
2,dev,474552,3850,46,pd_d192_k3_eval,pd_d192_k3_eval,True,4,30,0.6,0.7188973909318168,0.7717996868460025,1.7988113598039281,1.706182669395876,0.1,0.1
2,dev,474552,3850,46,pd_d192_k3_eval,iter2_multistep_eval,False,4,30,0.7,0.7815461534075286,0.6348657561307254,1.5343914440583069,1.706182669395876,0.06666666666666667,0.1
2,dev,474552,3850,46,pd_d192_k3_eval,pd_d192_k10_eval,False,4,30,0.43333333333333335,0.4630983404472219,0.9445911858572287,1.3474872074871265,1.706182669395876,0.0,0.1
2,dev,474552,3850,46,pd_d192_k3_eval,pd_d192_k3_eval,True,9,30,0.6333333333333333,0.5007845752444658,1.0073789848377597,1.1783754565526348,1.159651485410441,0.23333333333333334,0.3
2,dev,474552,3850,46,pd_d192_k3_eval,iter2_multistep_eval,False,9,30,0.6666666666666666,0.4776842829400631,1.1454442711506636,1.4062910136698374,1.159651485410441,0.16666666666666666,0.3
2,dev,474552,3850,46,pd_d192_k3_eval,pd_d192_k10_eval,False,9,30,0.3,0.28944049811623423,1.2890253581344935,1.3368277945604947,1.159651485410441,0.0,0.3
2,dev,474552,3850,46,pd_d192_k3_eval,pd_d192_k3_eval,True,19,30,0.5666666666666667,0.33026582486433237,1.1395900947682416,0.6877953820070445,0.7099369619123634,0.23333333333333334,0.4
2,dev,474552,3850,46,pd_d192_k3_eval,iter2_multistep_eval,False,19,30,0.3,0.22726685702353366,1.5573360773990943,1.024129134488992,0.7099369619123634,0.06666666666666667,0.4
2,dev,474552,3850,46,pd_d192_k3_eval,pd_d192_k10_eval,False,19,30,0.03333333333333333,-0.09491974162837559,1.9841791054340703,1.1511379149552696,0.7099369619123634,0.0,0.4
2,dev,474552,3850,46,pd_d192_k3_eval,pd_d192_k3_eval,True,29,30,0.3333333333333333,0.445844583055674,0.9576277931076411,0.48005922591520284,0.6106223240818293,0.13333333333333333,0.4
2,dev,474552,3850,46,pd_d192_k3_eval,iter2_multistep_eval,False,29,30,0.06666666666666667,-0.05537196608252789,1.3851342034647993,0.5524060497619189,0.6106223240818293,0.03333333333333333,0.4
2,dev,474552,3850,46,pd_d192_k3_eval,pd_d192_k10_eval,False,29,30,0.0,-0.1307282273079476,1.5359440621912046,0.6365085970094689,0.6106223240818293,0.0,0.4
2,dev,474552,3850,46,iter2_multistep_eval,pd_d192_k3_eval,False,0,30,0.43333333333333335,0.655239452541244,0.7846365970284473,2.081174326008707,2.399447161734771,0.0,0.0
2,dev,474552,3850,46,iter2_multistep_eval,iter2_multistep_eval,True,0,30,0.5666666666666667,0.722027805293874,0.740210278283944,2.3638250300599117,2.399447161734771,0.0,0.0
2,dev,474552,3850,46,iter2_multistep_eval,pd_d192_k10_eval,False,0,30,0.6,0.7780719294753667,0.6438370157332879,2.205613465986527,2.399447161734771,0.0,0.0
2,dev,474552,3850,46,iter2_multistep_eval,pd_d192_k3_eval,False,1,30,0.26666666666666666,0.5539183202417096,0.8536703200026412,1.71262369548847,2.306436496123415,0.0,0.0
2,dev,474552,3850,46,iter2_multistep_eval,iter2_multistep_eval,True,1,30,0.5333333333333333,0.7314273328243012,0.6979196947323337,2.0296952101871977,2.306436496123415,0.0,0.0
2,dev,474552,3850,46,iter2_multistep_eval,pd_d192_k10_eval,False,1,30,0.6,0.7441627514227976,0.6932374552684648,2.143873005974449,2.306436496123415,0.0,0.0
2,dev,474552,3850,46,iter2_multistep_eval,pd_d192_k3_eval,False,2,30,0.36666666666666664,0.533307522378092,0.9226586604261138,1.9599598824200055,2.17361797548053,0.0,0.0
2,dev,474552,3850,46,iter2_multistep_eval,iter2_multistep_eval,True,2,30,0.7333333333333333,0.8641538856380993,0.5160778174600036,2.127105766643864,2.17361797548053,0.0,0.0
2,dev,474552,3850,46,iter2_multistep_eval,pd_d192_k10_eval,False,2,30,0.5666666666666667,0.7575400536043833,0.6665100886019044,1.9390543214271683,2.17361797548053,0.0,0.0
2,dev,474552,3850,46,iter2_multistep_eval,pd_d192_k3_eval,False,4,30,0.5666666666666667,0.5931889880506903,0.9282161158912764,1.4017321123430841,1.3283985353098489,0.1,0.13333333333333333
2,dev,474552,3850,46,iter2_multistep_eval,iter2_multistep_eval,True,4,30,0.6,0.612034146518052,0.9300012282199043,1.463110555388628,1.3283985353098489,0.1,0.13333333333333333
2,dev,474552,3850,46,iter2_multistep_eval,pd_d192_k10_eval,False,4,30,0.3333333333333333,0.29711160090061517,1.2594012653011137,1.485561398171524,1.3283985353098489,0.03333333333333333,0.13333333333333333
2,dev,474552,3850,46,iter2_multistep_eval,pd_d192_k3_eval,False,9,30,0.5666666666666667,0.6116098390322313,0.8576645687529293,1.1722626911728387,1.243447624080225,0.06666666666666667,0.16666666666666666
2,dev,474552,3850,46,iter2_multistep_eval,iter2_multistep_eval,True,9,30,0.5666666666666667,0.37985552620652524,1.0462698078902555,1.0801852557483507,1.243447624080225,0.06666666666666667,0.16666666666666666
2,dev,474552,3850,46,iter2_multistep_eval,pd_d192_k10_eval,False,9,30,0.4,0.3634998225803856,1.1395373663576138,1.2680182532241855,1.243447624080225,0.0,0.16666666666666666
2,dev,474552,3850,46,iter2_multistep_eval,pd_d192_k3_eval,False,19,30,0.5333333333333333,0.479883501575112,0.9215405352538275,0.7255529383316014,0.9523122937218269,0.1,0.16666666666666666
2,dev,474552,3850,46,iter2_multistep_eval,iter2_multistep_eval,True,19,30,0.6333333333333333,0.7488777303219752,0.6631582770255945,0.7364291029927847,0.9523122937218269,0.16666666666666666,0.16666666666666666
2,dev,474552,3850,46,iter2_multistep_eval,pd_d192_k10_eval,False,19,30,0.1,-0.1097616286069397,1.5158787516549053,0.9854172677777626,0.9523122937218269,0.0,0.16666666666666666
2,dev,474552,3850,46,iter2_multistep_eval,pd_d192_k3_eval,False,29,30,0.3333333333333333,0.37460643286130807,1.1406710424976778,0.5031172020758079,0.48421756024671414,0.13333333333333333,0.4
2,dev,474552,3850,46,iter2_multistep_eval,iter2_multistep_eval,True,29,30,0.3333333333333333,0.26837686266416977,1.282454602318255,0.5398869112958625,0.48421756024671414,0.16666666666666666,0.4
2,dev,474552,3850,46,iter2_multistep_eval,pd_d192_k10_eval,False,29,30,0.1,0.20893045517148567,1.5296254362874744,0.6706961469678145,0.48421756024671414,0.03333333333333333,0.4
2,dev,474552,3850,46,pd_d192_k10_eval,pd_d192_k3_eval,False,0,30,0.43333333333333335,0.655239452541244,0.7846365970284473,2.081174326008707,2.399447161734771,0.0,0.0
2,dev,474552,3850,46,pd_d192_k10_eval,iter2_multistep_eval,False,0,30,0.5666666666666667,0.722027805293874,0.740210278283944,2.3638250300599117,2.399447161734771,0.0,0.0
2,dev,474552,3850,46,pd_d192_k10_eval,pd_d192_k10_eval,True,0,30,0.6,0.7780719294753667,0.6438370157332879,2.205613465986527,2.399447161734771,0.0,0.0
2,dev,474552,3850,46,pd_d192_k10_eval,pd_d192_k3_eval,False,1,30,0.3333333333333333,0.5280892007957373,0.8713664243161147,1.668099989059446,2.305823953207011,0.0,0.0
2,dev,474552,3850,46,pd_d192_k10_eval,iter2_multistep_eval,False,1,30,0.4666666666666667,0.7214795238060094,0.7065983262814319,1.9881768095612806,2.305823953207011,0.0,0.0
2,dev,474552,3850,46,pd_d192_k10_eval,pd_d192_k10_eval,True,1,30,0.5333333333333333,0.738635365438118,0.6817766061200348,1.938329396520095,2.305823953207011,0.0,0.0
2,dev,474552,3850,46,pd_d192_k10_eval,pd_d192_k3_eval,False,2,30,0.3333333333333333,0.38360210068320344,1.0281864538957821,1.753308949875366,2.098219424587757,0.0,0.0
2,dev,474552,3850,46,pd_d192_k10_eval,iter2_multistep_eval,False,2,30,0.7666666666666667,0.8726804144750628,0.5044075815138317,2.0964654515808423,2.098219424587757,0.0,0.0
2,dev,474552,3850,46,pd_d192_k10_eval,pd_d192_k10_eval,True,2,30,0.5666666666666667,0.700049846370585,0.7477715969168907,1.9344177982474984,2.098219424587757,0.0,0.0
2,dev,474552,3850,46,pd_d192_k10_eval,pd_d192_k3_eval,False,4,30,0.5333333333333333,0.6515809846918899,0.8911220993249032,1.8580660265149127,1.6601910754219735,0.06666666666666667,0.06666666666666667
2,dev,474552,3850,46,pd_d192_k10_eval,iter2_multistep_eval,False,4,30,0.6333333333333333,0.6960134147331605,0.804408067109428,1.7575652167449547,1.6601910754219735,0.03333333333333333,0.06666666666666667
2,dev,474552,3850,46,pd_d192_k10_eval,pd_d192_k10_eval,True,4,30,0.36666666666666664,0.37819016500494257,1.05817215750595,1.4788776000766906,1.6601910754219735,0.03333333333333333,0.06666666666666667
2,dev,474552,3850,46,pd_d192_k10_eval,pd_d192_k3_eval,False,9,30,0.7333333333333333,0.819513031555729,0.6167603332971131,1.596970868028054,1.524500719341174,0.06666666666666667,0.06666666666666667
2,dev,474552,3850,46,pd_d192_k10_eval,iter2_multistep_eval,False,9,30,0.6333333333333333,0.6755133360988578,0.8170533574822223,1.5664241527155327,1.524500719341174,0.0,0.06666666666666667
2,dev,474552,3850,46,pd_d192_k10_eval,pd_d192_k10_eval,True,9,30,0.36666666666666664,0.0832687377303837,1.2386967188073448,1.2485689419750101,1.524500719341174,0.0,0.06666666666666667
2,dev,474552,3850,46,pd_d192_k10_eval,pd_d192_k3_eval,False,19,30,0.6333333333333333,0.7821274605540559,0.6394447826852604,0.9147782878936764,0.9882019674183647,0.1,0.13333333333333333
2,dev,474552,3850,46,pd_d192_k10_eval,iter2_multistep_eval,False,19,30,0.5,0.6357812772688695,0.7915838563750037,0.8017733260089233,0.9882019674183647,0.06666666666666667,0.13333333333333333
2,dev,474552,3850,46,pd_d192_k10_eval,pd_d192_k10_eval,True,19,30,0.16666666666666666,0.5108243108724622,0.9217960580110693,0.8335132096040102,0.9882019674183647,0.0,0.13333333333333333
2,dev,474552,3850,46,pd_d192_k10_eval,pd_d192_k3_eval,False,29,30,0.3,0.4602859902010244,1.0054833200238822,0.6951642249014596,0.745591256522899,0.06666666666666667,0.16666666666666666
2,dev,474552,3850,46,pd_d192_k10_eval,iter2_multistep_eval,False,29,30,0.3333333333333333,0.5567427069780289,0.9213609531247742,0.7122825315048628,0.745591256522899,0.06666666666666667,0.16666666666666666
2,dev,474552,3850,46,pd_d192_k10_eval,pd_d192_k10_eval,True,29,30,0.1,0.16202947575181176,1.0946940003318253,0.47416492826635126,0.745591256522899,0.0,0.16666666666666666
3,test,852952,6879,85,pd_d192_k3_eval,pd_d192_k3_eval,True,0,30,0.16666666666666666,0.31451964079305406,1.1119186814986328,1.8648845864653925,2.0870318195801,0.0,0.0
3,test,852952,6879,85,pd_d192_k3_eval,iter2_multistep_eval,False,0,30,0.5333333333333333,0.7208000039480246,0.7333081769219705,2.0038858683650504,2.0870318195801,0.0,0.0
3,test,852952,6879,85,pd_d192_k3_eval,pd_d192_k10_eval,False,0,30,0.3333333333333333,0.37981537311523283,1.0101961238234058,1.6398158545336172,2.0870318195801,0.0,0.0
3,test,852952,6879,85,pd_d192_k3_eval,pd_d192_k3_eval,True,1,30,0.4,0.4862189932591625,0.8889928546893958,1.350935067782947,2.0794078155305993,0.0,0.0
3,test,852952,6879,85,pd_d192_k3_eval,iter2_multistep_eval,False,1,30,0.5333333333333333,0.6489902364470359,0.847406844068653,2.1255738971711167,2.0794078155305993,0.0,0.0
3,test,852952,6879,85,pd_d192_k3_eval,pd_d192_k10_eval,False,1,30,0.5,0.5795486462238677,0.8266176763191846,1.4930496444843149,2.0794078155305993,0.0,0.0
3,test,852952,6879,85,pd_d192_k3_eval,pd_d192_k3_eval,True,2,30,0.26666666666666666,0.1834508459184214,1.2288495316668238,1.5434834767902266,1.676190468262228,0.0,0.0
3,test,852952,6879,85,pd_d192_k3_eval,iter2_multistep_eval,False,2,30,0.5,0.4365075638616915,1.1638619095452358,1.9692313310515288,1.676190468262228,0.0,0.0
3,test,852952,6879,85,pd_d192_k3_eval,pd_d192_k10_eval,False,2,30,0.5,0.46294970676424374,1.0087529855363322,1.5831868402895928,1.676190468262228,0.0,0.0
3,test,852952,6879,85,pd_d192_k3_eval,pd_d192_k3_eval,True,4,30,0.23333333333333334,0.17193136706402024,1.206814573403693,1.727389289869166,1.9876960163444635,0.0,0.0
3,test,852952,6879,85,pd_d192_k3_eval,iter2_multistep_eval,False,4,30,0.43333333333333335,0.6471241100075855,0.7891039155435032,1.6909889458532343,1.9876960163444635,0.0,0.0
3,test,852952,6879,85,pd_d192_k3_eval,pd_d192_k10_eval,False,4,30,0.4,0.6074752289609602,0.8219457245515448,1.6273503667226874,1.9876960163444635,0.0,0.0
3,test,852952,6879,85,pd_d192_k3_eval,pd_d192_k3_eval,True,9,30,0.6333333333333333,0.6352432162404806,0.8238874396825809,1.3407896444233678,1.4539575510849694,0.03333333333333333,0.03333333333333333
3,test,852952,6879,85,pd_d192_k3_eval,iter2_multistep_eval,False,9,30,0.4666666666666667,0.5718264174662845,1.0137730630515205,1.6973663805993169,1.4539575510849694,0.03333333333333333,0.03333333333333333
3,test,852952,6879,85,pd_d192_k3_eval,pd_d192_k10_eval,False,9,30,0.4,0.14089170592715683,1.3200292651645813,1.4743209837825286,1.4539575510849694,0.03333333333333333,0.03333333333333333
3,test,852952,6879,85,pd_d192_k3_eval,pd_d192_k3_eval,True,19,30,0.6,0.6264520559921049,0.8007366108247489,0.7586803885036035,0.9368585446521337,0.13333333333333333,0.16666666666666666
3,test,852952,6879,85,pd_d192_k3_eval,iter2_multistep_eval,False,19,30,0.1,0.4730677270228558,1.2359969605179433,1.2553418159099174,0.9368585446521337,0.03333333333333333,0.16666666666666666
3,test,852952,6879,85,pd_d192_k3_eval,pd_d192_k10_eval,False,19,30,0.2,0.3492185086942565,1.2432407556758815,1.0926460698316587,0.9368585446521337,0.06666666666666667,0.16666666666666666
3,test,852952,6879,85,pd_d192_k3_eval,pd_d192_k3_eval,True,29,30,0.4666666666666667,0.7314254616740394,0.693693562138039,0.8967206596971239,1.0443001441781388,0.9,1.0
3,test,852952,6879,85,pd_d192_k3_eval,iter2_multistep_eval,False,29,30,0.26666666666666666,0.4221792922249991,1.0494997030789572,0.993162652341287,1.0443001441781388,0.6,1.0
3,test,852952,6879,85,pd_d192_k3_eval,pd_d192_k10_eval,False,29,30,0.43333333333333335,0.5291399064379376,0.8941564368280039,0.8470379205016769,1.0443001441781388,0.8333333333333334,1.0
3,test,852952,6879,85,iter2_multistep_eval,pd_d192_k3_eval,False,0,30,0.16666666666666666,0.31451964079305406,1.1119186814986328,1.8648845864653925,2.0870318195801,0.0,0.0
3,test,852952,6879,85,iter2_multistep_eval,iter2_multistep_eval,True,0,30,0.5333333333333333,0.7208000039480246,0.7333081769219705,2.0038858683650504,2.0870318195801,0.0,0.0
3,test,852952,6879,85,iter2_multistep_eval,pd_d192_k10_eval,False,0,30,0.3333333333333333,0.37981537311523283,1.0101961238234058,1.6398158545336172,2.0870318195801,0.0,0.0
3,test,852952,6879,85,iter2_multistep_eval,pd_d192_k3_eval,False,1,30,0.26666666666666666,0.399739460969727,1.039678745160195,1.7279528158565989,1.9407016450505785,0.0,0.0
3,test,852952,6879,85,iter2_multistep_eval,iter2_multistep_eval,True,1,30,0.6333333333333333,0.7159237491911745,0.7682737247820242,2.0116044432923887,1.9407016450505785,0.0,0.0
3,test,852952,6879,85,iter2_multistep_eval,pd_d192_k10_eval,False,1,30,0.5,0.6306260758363432,0.8327705163824026,1.809923191651085,1.9407016450505785,0.0,0.0
3,test,852952,6879,85,iter2_multistep_eval,pd_d192_k3_eval,False,2,30,0.43333333333333335,0.45910088488522965,1.0273731401990929,1.5653959207943204,1.6053471232636065,0.13333333333333333,0.13333333333333333
3,test,852952,6879,85,iter2_multistep_eval,iter2_multistep_eval,True,2,30,0.6666666666666666,0.6293415165058612,0.8978663788710199,1.7322445632675074,1.6053471232636065,0.13333333333333333,0.13333333333333333
3,test,852952,6879,85,iter2_multistep_eval,pd_d192_k10_eval,False,2,30,0.5,0.5705863867943907,1.0638619353715253,2.0016728367045644,1.6053471232636065,0.13333333333333333,0.13333333333333333
3,test,852952,6879,85,iter2_multistep_eval,pd_d192_k3_eval,False,4,30,0.6,0.6649247408803997,0.8547678869593487,1.456128392646457,1.3475677165419542,0.23333333333333334,0.36666666666666664
3,test,852952,6879,85,iter2_multistep_eval,iter2_multistep_eval,True,4,30,0.5333333333333333,0.3078066753675677,1.1476749840121685,1.2796546571014489,1.3475677165419542,0.23333333333333334,0.36666666666666664
3,test,852952,6879,85,iter2_multistep_eval,pd_d192_k10_eval,False,4,30,0.4,0.1525322667392649,1.3753175655026908,1.4944060845025793,1.3475677165419542,0.16666666666666666,0.36666666666666664
3,test,852952,6879,85,iter2_multistep_eval,pd_d192_k3_eval,False,9,30,0.6333333333333333,0.6939583703763709,0.7968571511696166,1.387442112852754,1.3400492071984582,0.5666666666666667,0.9
3,test,852952,6879,85,iter2_multistep_eval,iter2_multistep_eval,True,9,30,0.5,0.5172681321615687,0.9183457556747583,1.1394740635653369,1.3400492071984582,0.6666666666666666,0.9
3,test,852952,6879,85,iter2_multistep_eval,pd_d192_k10_eval,False,9,30,0.43333333333333335,0.3173370687646956,1.0964741321771794,1.162832499242105,1.3400492071984582,0.6333333333333333,0.9
3,test,852952,6879,85,iter2_multistep_eval,pd_d192_k3_eval,False,19,30,0.5,0.6209686579094067,0.80961947579483,0.731152092510299,0.8876814899443073,0.9,1.0
3,test,852952,6879,85,iter2_multistep_eval,iter2_multistep_eval,True,19,30,0.4,0.5181912728690864,0.9068472835671724,0.7276129063950758,0.8876814899443073,0.9333333333333333,1.0
3,test,852952,6879,85,iter2_multistep_eval,pd_d192_k10_eval,False,19,30,0.2,0.05583219763976146,1.2732443649066336,0.7509242166138964,0.8876814899443073,0.8,1.0
3,test,852952,6879,85,iter2_multistep_eval,pd_d192_k3_eval,False,29,30,0.36666666666666664,0.5813526940922065,1.0774711395279661,0.6621141789752668,0.5141868188131937,0.9666666666666667,1.0
3,test,852952,6879,85,iter2_multistep_eval,iter2_multistep_eval,True,29,30,0.23333333333333334,-0.03312403715138749,1.4647449055432442,0.5335502266779402,0.5141868188131937,1.0,1.0
3,test,852952,6879,85,iter2_multistep_eval,pd_d192_k10_eval,False,29,30,0.13333333333333333,-0.35162071560593944,1.5956870134320447,0.4836480600006178,0.5141868188131937,1.0,1.0
3,test,852952,6879,85,pd_d192_k10_eval,pd_d192_k3_eval,False,0,30,0.16666666666666666,0.31451964079305406,1.1119186814986328,1.8648845864653925,2.0870318195801,0.0,0.0
3,test,852952,6879,85,pd_d192_k10_eval,iter2_multistep_eval,False,0,30,0.5333333333333333,0.7208000039480246,0.7333081769219705,2.0038858683650504,2.0870318195801,0.0,0.0
3,test,852952,6879,85,pd_d192_k10_eval,pd_d192_k10_eval,True,0,30,0.3333333333333333,0.37981537311523283,1.0101961238234058,1.6398158545336172,2.0870318195801,0.0,0.0
3,test,852952,6879,85,pd_d192_k10_eval,pd_d192_k3_eval,False,1,30,0.36666666666666664,0.34378073819833294,1.0628606276931152,1.5411958760136641,1.831194798738104,0.0,0.0
3,test,852952,6879,85,pd_d192_k10_eval,iter2_multistep_eval,False,1,30,0.6333333333333333,0.7066169543099952,0.7915897211119334,1.9437612396967923,1.831194798738104,0.0,0.0
3,test,852952,6879,85,pd_d192_k10_eval,pd_d192_k10_eval,True,1,30,0.6333333333333333,0.7594166454374817,0.7076249985894163,1.9002478017389262,1.831194798738104,0.0,0.0
3,test,852952,6879,85,pd_d192_k10_eval,pd_d192_k3_eval,False,2,30,0.43333333333333335,0.6044038037402314,0.8919799898936559,1.6406440947596703,1.631560485164679,0.06666666666666667,0.06666666666666667
3,test,852952,6879,85,pd_d192_k10_eval,iter2_multistep_eval,False,2,30,0.6,0.6576570468708421,0.9547357328857287,2.0299882163992686,1.631560485164679,0.06666666666666667,0.06666666666666667
3,test,852952,6879,85,pd_d192_k10_eval,pd_d192_k10_eval,True,2,30,0.5666666666666667,0.6792640770786583,0.8319597010496267,1.7476086547942318,1.631560485164679,0.06666666666666667,0.06666666666666667
3,test,852952,6879,85,pd_d192_k10_eval,pd_d192_k3_eval,False,4,30,0.5333333333333333,0.6310344254520126,0.8666503862544136,1.7169853234048769,1.687601444769296,0.06666666666666667,0.1
3,test,852952,6879,85,pd_d192_k10_eval,iter2_multistep_eval,False,4,30,0.6666666666666666,0.6669233536460972,0.8648838920998602,1.8665306382185491,1.687601444769296,0.06666666666666667,0.1
3,test,852952,6879,85,pd_d192_k10_eval,pd_d192_k10_eval,True,4,30,0.6,0.43015886577416657,0.9524730959506005,1.2384833930562993,1.687601444769296,0.06666666666666667,0.1
3,test,852952,6879,85,pd_d192_k10_eval,pd_d192_k3_eval,False,9,30,0.5333333333333333,0.6533748417380665,0.7920365342826194,1.6165356529043002,1.8240631092505097,0.3333333333333333,0.7333333333333333
3,test,852952,6879,85,pd_d192_k10_eval,iter2_multistep_eval,False,9,30,0.5,0.5958916292967926,0.8160679989396311,1.351614255497027,1.8240631092505097,0.36666666666666664,0.7333333333333333
3,test,852952,6879,85,pd_d192_k10_eval,pd_d192_k10_eval,True,9,30,0.4,0.2941725598080439,1.0135116044378616,1.1517700250297842,1.8240631092505097,0.3,0.7333333333333333
3,test,852952,6879,85,pd_d192_k10_eval,pd_d192_k3_eval,False,19,30,0.6333333333333333,0.8167730321838964,0.5867267217117028,1.1847092155965977,1.283004692255259,0.7,0.9666666666666667
3,test,852952,6879,85,pd_d192_k10_eval,iter2_multistep_eval,False,19,30,0.6,0.7641327448944035,0.6455153625030448,1.0115218345455017,1.283004692255259,0.7,0.9666666666666667
3,test,852952,6879,85,pd_d192_k10_eval,pd_d192_k10_eval,True,19,30,0.26666666666666666,0.2660842742472045,1.0089299560639933,0.7235860443388229,1.283004692255259,0.5666666666666667,0.9666666666666667
3,test,852952,6879,85,pd_d192_k10_eval,pd_d192_k3_eval,False,29,30,0.3,0.5283573465571796,0.9735541771674355,0.67718547266887,0.6739704883073842,0.9333333333333333,1.0
3,test,852952,6879,85,pd_d192_k10_eval,iter2_multistep_eval,False,29,30,0.36666666666666664,0.6629040860697397,0.7651174367790672,0.5530142674998214,0.6739704883073842,0.9666666666666667,1.0
3,test,852952,6879,85,pd_d192_k10_eval,pd_d192_k10_eval,True,29,30,0.13333333333333333,0.15437879929928447,1.1457268507935021,0.49502099696928037,0.6739704883073842,0.9666666666666667,1.0
4,dev,1054158,8486,13,pd_d192_k3_eval,pd_d192_k3_eval,True,0,30,0.13333333333333333,0.2153866472048262,1.2637578549274577,2.2401724667229326,2.201523004847726,0.0,0.0
4,dev,1054158,8486,13,pd_d192_k3_eval,iter2_multistep_eval,False,0,30,0.23333333333333334,0.22316621095193442,1.1720082649787293,1.923829869094687,2.201523004847726,0.0,0.0
4,dev,1054158,8486,13,pd_d192_k3_eval,pd_d192_k10_eval,False,0,30,0.16666666666666666,0.2309710608148499,1.154842724774595,1.8780572282364163,2.201523004847726,0.0,0.0
4,dev,1054158,8486,13,pd_d192_k3_eval,pd_d192_k3_eval,True,1,30,0.06666666666666667,0.21388738554800277,1.2157545181164642,2.3591096329475887,2.516028248393964,0.0,0.0
4,dev,1054158,8486,13,pd_d192_k3_eval,iter2_multistep_eval,False,1,30,0.26666666666666666,0.37331878475964764,0.96353633148075,1.5942660074582955,2.516028248393964,0.0,0.0
4,dev,1054158,8486,13,pd_d192_k3_eval,pd_d192_k10_eval,False,1,30,0.16666666666666666,0.0725185965940959,1.2076249269427122,1.8956078778823062,2.516028248393964,0.0,0.0
4,dev,1054158,8486,13,pd_d192_k3_eval,pd_d192_k3_eval,True,2,30,0.13333333333333333,0.17224325950802644,1.1220322269540381,1.7745195173882942,2.5011526566304636,0.0,0.0
4,dev,1054158,8486,13,pd_d192_k3_eval,iter2_multistep_eval,False,2,30,0.2,0.25126377266728805,1.0875400837051807,1.8686700477372509,2.5011526566304636,0.0,0.0
4,dev,1054158,8486,13,pd_d192_k3_eval,pd_d192_k10_eval,False,2,30,0.2,0.3349489185437529,1.1425575946873414,2.454108103536757,2.5011526566304636,0.0,0.0
4,dev,1054158,8486,13,pd_d192_k3_eval,pd_d192_k3_eval,True,4,30,0.43333333333333335,0.4848852243944814,1.0322640493024597,2.3077699275937396,2.2335476023326253,0.0,0.0
4,dev,1054158,8486,13,pd_d192_k3_eval,iter2_multistep_eval,False,4,30,0.5,0.6838366281086065,0.8108119822334583,2.317213501640303,2.2335476023326253,0.0,0.0
4,dev,1054158,8486,13,pd_d192_k3_eval,pd_d192_k10_eval,False,4,30,0.43333333333333335,0.5568644165419214,1.0101389222929893,2.5277887222226836,2.2335476023326253,0.0,0.0
4,dev,1054158,8486,13,pd_d192_k3_eval,pd_d192_k3_eval,True,9,30,0.4,0.49927154409491115,1.101146830970322,1.753739516442919,1.4876980593957867,0.06666666666666667,0.06666666666666667
4,dev,1054158,8486,13,pd_d192_k3_eval,iter2_multistep_eval,False,9,30,0.5333333333333333,0.4792580890135616,1.0567374705226933,1.5885650197890835,1.4876980593957867,0.06666666666666667,0.06666666666666667
4,dev,1054158,8486,13,pd_d192_k3_eval,pd_d192_k10_eval,False,9,30,0.3333333333333333,0.29364829061278014,1.2571002946803667,1.6514362856070302,1.4876980593957867,0.06666666666666667,0.06666666666666667
4,dev,1054158,8486,13,pd_d192_k3_eval,pd_d192_k3_eval,True,19,30,0.6666666666666666,0.5885688442444577,0.8599314669262954,0.9609371635627507,1.0899328588013542,0.23333333333333334,0.26666666666666666
4,dev,1054158,8486,13,pd_d192_k3_eval,iter2_multistep_eval,False,19,30,0.5333333333333333,0.30250364820574277,1.0861375801588804,0.897314996891375,1.0899328588013542,0.16666666666666666,0.26666666666666666
4,dev,1054158,8486,13,pd_d192_k3_eval,pd_d192_k10_eval,False,19,30,0.43333333333333335,0.2719980019621636,1.2361293458419926,1.1421229163787807,1.0899328588013542,0.2,0.26666666666666666
4,dev,1054158,8486,13,pd_d192_k3_eval,pd_d192_k3_eval,True,29,30,0.6666666666666666,0.7591606849947287,0.7550391480915817,0.8665712719182441,0.7589551806496786,0.6333333333333333,0.9333333333333333
4,dev,1054158,8486,13,pd_d192_k3_eval,iter2_multistep_eval,False,29,30,0.43333333333333335,0.4871400598095417,0.9604556589077932,0.6730912446207026,0.7589551806496786,0.43333333333333335,0.9333333333333333
4,dev,1054158,8486,13,pd_d192_k3_eval,pd_d192_k10_eval,False,29,30,0.26666666666666666,0.12673158546848404,1.277314813761162,0.7069393195585452,0.7589551806496786,0.43333333333333335,0.9333333333333333
4,dev,1054158,8486,13,iter2_multistep_eval,pd_d192_k3_eval,False,0,30,0.13333333333333333,0.2153866472048262,1.2637578549274577,2.2401724667229326,2.201523004847726,0.0,0.0
4,dev,1054158,8486,13,iter2_multistep_eval,iter2_multistep_eval,True,0,30,0.23333333333333334,0.22316621095193442,1.1720082649787293,1.923829869094687,2.201523004847726,0.0,0.0
4,dev,1054158,8486,13,iter2_multistep_eval,pd_d192_k10_eval,False,0,30,0.16666666666666666,0.2309710608148499,1.154842724774595,1.8780572282364163,2.201523004847726,0.0,0.0
4,dev,1054158,8486,13,iter2_multistep_eval,pd_d192_k3_eval,False,1,30,0.03333333333333333,0.12320737470388465,1.1854488099146099,1.74533323684672,2.2618399006766925,0.0,0.0
4,dev,1054158,8486,13,iter2_multistep_eval,iter2_multistep_eval,True,1,30,0.03333333333333333,0.36635003238720876,1.0600408614972163,1.9772723480254502,2.2618399006766925,0.0,0.0
4,dev,1054158,8486,13,iter2_multistep_eval,pd_d192_k10_eval,False,1,30,0.03333333333333333,-0.06881551460411617,1.3550219374506816,1.9183724460675948,2.2618399006766925,0.0,0.0
4,dev,1054158,8486,13,iter2_multistep_eval,pd_d192_k3_eval,False,2,30,0.0,-0.05061084980708217,1.5606989815796466,2.120104269315015,1.8456578315957646,0.0,0.0
4,dev,1054158,8486,13,iter2_multistep_eval,iter2_multistep_eval,True,2,30,0.06666666666666667,0.1429898160726293,1.2693101026771116,1.7307081241160933,1.8456578315957646,0.0,0.0
4,dev,1054158,8486,13,iter2_multistep_eval,pd_d192_k10_eval,False,2,30,0.13333333333333333,0.19464449923988472,1.2838989288209584,1.8882306190648774,1.8456578315957646,0.0,0.0
4,dev,1054158,8486,13,iter2_multistep_eval,pd_d192_k3_eval,False,4,30,0.0,-0.39092239497701287,1.3671962918069618,1.673030082072608,2.6982592638401752,0.0,0.0
4,dev,1054158,8486,13,iter2_multistep_eval,iter2_multistep_eval,True,4,30,0.03333333333333333,0.08993744051253741,1.078420727571642,1.3587236506405622,2.6982592638401752,0.0,0.0
4,dev,1054158,8486,13,iter2_multistep_eval,pd_d192_k10_eval,False,4,30,0.06666666666666667,0.1070408322431061,1.097341339211757,1.5417455911267202,2.6982592638401752,0.0,0.0
4,dev,1054158,8486,13,iter2_multistep_eval,pd_d192_k3_eval,False,9,30,0.1,0.09514529569600186,1.1653429819236796,1.7068025057858358,2.434762349705786,0.0,0.0
4,dev,1054158,8486,13,iter2_multistep_eval,iter2_multistep_eval,True,9,30,0.2,0.47381626119511716,0.8871306221727548,1.414758569515422,2.434762349705786,0.0,0.0
4,dev,1054158,8486,13,iter2_multistep_eval,pd_d192_k10_eval,False,9,30,0.23333333333333334,0.6800247735135909,0.7340563102466365,1.7425470401346415,2.434762349705786,0.0,0.0
4,dev,1054158,8486,13,iter2_multistep_eval,pd_d192_k3_eval,False,19,30,0.2,0.62443170149237,0.7822766936006013,1.4333120844332503,2.4662625315062674,0.0,0.0
4,dev,1054158,8486,13,iter2_multistep_eval,iter2_multistep_eval,True,19,30,0.23333333333333334,0.6973181102105313,0.7189955938392236,1.5800995522379144,2.4662625315062674,0.0,0.0
4,dev,1054158,8486,13,iter2_multistep_eval,pd_d192_k10_eval,False,19,30,0.23333333333333334,0.7932901572967925,0.7185202694964478,2.897465064679481,2.4662625315062674,0.0,0.0
4,dev,1054158,8486,13,iter2_multistep_eval,pd_d192_k3_eval,False,29,30,0.23333333333333334,0.4653743655309116,1.0222443885502481,0.7755030555651832,0.793921482540539,0.2,0.4666666666666667
4,dev,1054158,8486,13,iter2_multistep_eval,iter2_multistep_eval,True,29,30,0.5333333333333333,0.39131570697678275,1.1425430021681726,0.8482780961020142,0.793921482540539,0.16666666666666666,0.4666666666666667
4,dev,1054158,8486,13,iter2_multistep_eval,pd_d192_k10_eval,False,29,30,0.2,0.3277967208315453,1.2925001619367535,0.9605211223685,0.793921482540539,0.1,0.4666666666666667
4,dev,1054158,8486,13,pd_d192_k10_eval,pd_d192_k3_eval,False,0,30,0.13333333333333333,0.2153866472048262,1.2637578549274577,2.2401724667229326,2.201523004847726,0.0,0.0
4,dev,1054158,8486,13,pd_d192_k10_eval,iter2_multistep_eval,False,0,30,0.23333333333333334,0.22316621095193442,1.1720082649787293,1.923829869094687,2.201523004847726,0.0,0.0
4,dev,1054158,8486,13,pd_d192_k10_eval,pd_d192_k10_eval,True,0,30,0.16666666666666666,0.2309710608148499,1.154842724774595,1.8780572282364163,2.201523004847726,0.0,0.0
4,dev,1054158,8486,13,pd_d192_k10_eval,pd_d192_k3_eval,False,1,30,0.1,0.3625228086334478,1.0848007426896888,2.1183943580527105,2.3083877139221918,0.0,0.0
4,dev,1054158,8486,13,pd_d192_k10_eval,iter2_multistep_eval,False,1,30,0.23333333333333334,0.5360009162808257,0.9105092833561257,2.0246041350398674,2.3083877139221918,0.0,0.0
4,dev,1054158,8486,13,pd_d192_k10_eval,pd_d192_k10_eval,True,1,30,0.13333333333333333,-0.03218924023812967,1.4357396068867683,2.3049968629529864,2.3083877139221918,0.0,0.0
4,dev,1054158,8486,13,pd_d192_k10_eval,pd_d192_k3_eval,False,2,30,0.13333333333333333,0.2750438959094127,1.0901241329490179,1.8097555219362245,2.294104137043132,0.0,0.0
4,dev,1054158,8486,13,pd_d192_k10_eval,iter2_multistep_eval,False,2,30,0.4666666666666667,0.6777692398316238,0.7407924906308598,1.7619109569579459,2.294104137043132,0.0,0.0
4,dev,1054158,8486,13,pd_d192_k10_eval,pd_d192_k10_eval,True,2,30,0.16666666666666666,-0.09665737615260798,1.2962121040979182,1.6832050574620259,2.294104137043132,0.0,0.0
4,dev,1054158,8486,13,pd_d192_k10_eval,pd_d192_k3_eval,False,4,30,0.23333333333333334,0.5051120832236597,1.036510499153381,2.4437827479592076,2.264593981889996,0.0,0.0
4,dev,1054158,8486,13,pd_d192_k10_eval,iter2_multistep_eval,False,4,30,0.36666666666666664,0.43952304160421884,1.0584185824045484,2.263170893521817,2.264593981889996,0.0,0.0
4,dev,1054158,8486,13,pd_d192_k10_eval,pd_d192_k10_eval,True,4,30,0.23333333333333334,0.13542631623664,1.2899158905110863,2.1771679948445946,2.264593981889996,0.0,0.0
4,dev,1054158,8486,13,pd_d192_k10_eval,pd_d192_k3_eval,False,9,30,0.4,0.6419534177539457,0.9796315439160749,2.44320757550149,1.9519226398478322,0.06666666666666667,0.06666666666666667
4,dev,1054158,8486,13,pd_d192_k10_eval,iter2_multistep_eval,False,9,30,0.4,0.6130181017583474,0.867733901817769,1.8969569410816292,1.9519226398478322,0.06666666666666667,0.06666666666666667
4,dev,1054158,8486,13,pd_d192_k10_eval,pd_d192_k10_eval,True,9,30,0.2,0.3313256419680259,1.05472297115265,1.5668568363769144,1.9519226398478322,0.0,0.06666666666666667
4,dev,1054158,8486,13,pd_d192_k10_eval,pd_d192_k3_eval,False,19,30,0.4666666666666667,0.4918966178075639,0.9723537685754182,1.00076528711758,1.0821034809738108,0.1,0.13333333333333333
4,dev,1054158,8486,13,pd_d192_k10_eval,iter2_multistep_eval,False,19,30,0.5,0.5928723665442568,0.9424567839874288,1.1713628882645986,1.0821034809738108,0.1,0.13333333333333333
4,dev,1054158,8486,13,pd_d192_k10_eval,pd_d192_k10_eval,True,19,30,0.16666666666666666,-0.10440551662380308,1.6345259517962976,1.2906635626072878,1.0821034809738108,0.0,0.13333333333333333
4,dev,1054158,8486,13,pd_d192_k10_eval,pd_d192_k3_eval,False,29,30,0.43333333333333335,0.5946671229733352,0.872999880070307,0.784260013381085,0.8388713162559148,0.2,0.6
4,dev,1054158,8486,13,pd_d192_k10_eval,iter2_multistep_eval,False,29,30,0.4,0.6258841574651197,0.8235581972425369,0.746947592607549,0.8388713162559148,0.16666666666666666,0.6
4,dev,1054158,8486,13,pd_d192_k10_eval,pd_d192_k10_eval,True,29,30,0.36666666666666664,0.6579519075599098,0.7881909605725717,0.7471358724219924,0.8388713162559148,0.26666666666666666,0.6
5,test,1131800,9181,3,pd_d192_k3_eval,pd_d192_k3_eval,True,0,30,0.7666666666666667,0.8719573615129983,0.5089291168802706,2.2098530999972104,2.1859209399073642,0.03333333333333333,0.03333333333333333
5,test,1131800,9181,3,pd_d192_k3_eval,iter2_multistep_eval,False,0,30,0.8,0.8783121625176559,0.4987110983313289,2.23017555671618,2.1859209399073642,0.03333333333333333,0.03333333333333333
5,test,1131800,9181,3,pd_d192_k3_eval,pd_d192_k10_eval,False,0,30,0.8666666666666667,0.9364173424310586,0.3551486601082326,2.1668218278230946,2.1859209399073642,0.03333333333333333,0.03333333333333333
5,test,1131800,9181,3,pd_d192_k3_eval,pd_d192_k3_eval,True,1,30,0.43333333333333335,0.5810793126648125,0.8842984258316812,1.7439260917646082,1.881329054933791,0.1,0.36666666666666664
5,test,1131800,9181,3,pd_d192_k3_eval,iter2_multistep_eval,False,1,30,0.7333333333333333,0.7399276108026659,0.6907175424701857,1.6870238266492725,1.881329054933791,0.3333333333333333,0.36666666666666664
5,test,1131800,9181,3,pd_d192_k3_eval,pd_d192_k10_eval,False,1,30,0.6333333333333333,0.7466994871681045,0.7228037729480027,1.936925673164701,1.881329054933791,0.26666666666666666,0.36666666666666664
5,test,1131800,9181,3,pd_d192_k3_eval,pd_d192_k3_eval,True,2,30,0.2,0.2621471001905683,1.1732626276646998,1.5991078563697934,1.720525568465612,0.26666666666666666,1.0
5,test,1131800,9181,3,pd_d192_k3_eval,iter2_multistep_eval,False,2,30,0.5,0.5645486930457065,0.8972578785256956,1.5766592764539196,1.720525568465612,0.6333333333333333,1.0
5,test,1131800,9181,3,pd_d192_k3_eval,pd_d192_k10_eval,False,2,30,0.2,0.1979893181942263,1.1403500129992055,1.3432824903509175,1.720525568465612,0.3,1.0
5,test,1131800,9181,3,pd_d192_k3_eval,pd_d192_k3_eval,True,4,30,0.2,0.08060854002929278,1.1497578024425046,1.3001546272166873,1.9888979964713265,0.23333333333333334,1.0
5,test,1131800,9181,3,pd_d192_k3_eval,iter2_multistep_eval,False,4,30,0.4666666666666667,0.5251838439568852,0.8835769296992176,1.5174026052224179,1.9888979964713265,0.5666666666666667,1.0
5,test,1131800,9181,3,pd_d192_k3_eval,pd_d192_k10_eval,False,4,30,0.36666666666666664,0.3275902586316353,1.0156204390504067,1.392525578603244,1.9888979964713265,0.43333333333333335,1.0
5,test,1131800,9181,3,pd_d192_k3_eval,pd_d192_k3_eval,True,9,30,0.23333333333333334,0.09816891961045546,1.1245658010704187,1.005114293295123,1.6162212169933583,0.4,1.0
5,test,1131800,9181,3,pd_d192_k3_eval,iter2_multistep_eval,False,9,30,0.43333333333333335,0.44379318340731266,0.9301995860956858,1.1204290192719484,1.6162212169933583,0.8333333333333334,1.0
5,test,1131800,9181,3,pd_d192_k3_eval,pd_d192_k10_eval,False,9,30,0.3333333333333333,0.2880891747050239,1.0490797935989638,1.1580752233073155,1.6162212169933583,0.7,1.0
5,test,1131800,9181,3,pd_d192_k3_eval,pd_d192_k3_eval,True,19,30,0.16666666666666666,0.353311790602408,0.9565240017633307,0.7991604573458231,1.4458439182550151,0.26666666666666666,1.0
5,test,1131800,9181,3,pd_d192_k3_eval,iter2_multistep_eval,False,19,30,0.5333333333333333,0.7466649758118791,0.6655340544103421,1.110032451270984,1.4458439182550151,0.8333333333333334,1.0
5,test,1131800,9181,3,pd_d192_k3_eval,pd_d192_k10_eval,False,19,30,0.36666666666666664,0.5914935018322488,0.8121811867624814,0.9961517994077841,1.4458439182550151,0.6333333333333333,1.0
5,test,1131800,9181,3,pd_d192_k3_eval,pd_d192_k3_eval,True,29,30,0.03333333333333333,0.1808257165963718,1.0789660854908487,0.4311366786504274,0.6903474583119168,0.03333333333333333,1.0
5,test,1131800,9181,3,pd_d192_k3_eval,iter2_multistep_eval,False,29,30,0.4666666666666667,0.7316770565428582,0.746336250922184,0.7149237812086315,0.6903474583119168,1.0,1.0
5,test,1131800,9181,3,pd_d192_k3_eval,pd_d192_k10_eval,False,29,30,0.4666666666666667,0.5395551718277463,0.9513232521540587,0.6782161830023937,0.6903474583119168,0.8333333333333334,1.0
5,test,1131800,9181,3,iter2_multistep_eval,pd_d192_k3_eval,False,0,30,0.7666666666666667,0.8719573615129983,0.5089291168802706,2.2098530999972104,2.1859209399073642,0.03333333333333333,0.03333333333333333
5,test,1131800,9181,3,iter2_multistep_eval,iter2_multistep_eval,True,0,30,0.8,0.8783121625176559,0.4987110983313289,2.23017555671618,2.1859209399073642,0.03333333333333333,0.03333333333333333
5,test,1131800,9181,3,iter2_multistep_eval,pd_d192_k10_eval,False,0,30,0.8666666666666667,0.9364173424310586,0.3551486601082326,2.1668218278230946,2.1859209399073642,0.03333333333333333,0.03333333333333333
5,test,1131800,9181,3,iter2_multistep_eval,pd_d192_k3_eval,False,1,30,0.36666666666666664,0.45206194954806866,1.0392684354700559,1.8013088265956965,1.828016007136784,0.1,0.36666666666666664
5,test,1131800,9181,3,iter2_multistep_eval,iter2_multistep_eval,True,1,30,0.7333333333333333,0.722556835589472,0.736284146395985,1.7840328486002577,1.828016007136784,0.26666666666666666,0.36666666666666664
5,test,1131800,9181,3,iter2_multistep_eval,pd_d192_k10_eval,False,1,30,0.6333333333333333,0.7299513269702868,0.7463956333050827,1.882570603140605,1.828016007136784,0.23333333333333334,0.36666666666666664
5,test,1131800,9181,3,iter2_multistep_eval,pd_d192_k3_eval,False,2,30,0.16666666666666666,0.17625260578078814,1.3167114236921496,1.6579702138694412,1.5778507497328782,0.4666666666666667,1.0
5,test,1131800,9181,3,iter2_multistep_eval,iter2_multistep_eval,True,2,30,0.36666666666666664,0.47232090921991954,1.0405955625975807,1.6179705019001562,1.5778507497328782,0.8,1.0
5,test,1131800,9181,3,iter2_multistep_eval,pd_d192_k10_eval,False,2,30,0.36666666666666664,0.4673854665102564,1.0520290145548101,1.6372742389360297,1.5778507497328782,0.7666666666666667,1.0
5,test,1131800,9181,3,iter2_multistep_eval,pd_d192_k3_eval,False,4,30,0.1,0.04843135273018476,1.3393898808720945,1.4685523152409399,1.5609714026830221,0.23333333333333334,1.0
5,test,1131800,9181,3,iter2_multistep_eval,iter2_multistep_eval,True,4,30,0.4,0.4251089183771443,1.0084084823354338,1.3574785656332282,1.5609714026830221,0.7,1.0
5,test,1131800,9181,3,iter2_multistep_eval,pd_d192_k10_eval,False,4,30,0.2,0.08745452308812444,1.4242975539045104,1.725542888039058,1.5609714026830221,0.4,1.0
5,test,1131800,9181,3,iter2_multistep_eval,pd_d192_k3_eval,False,9,30,0.16666666666666666,-0.30491581885279756,1.5809735793336726,1.195138749804407,1.2488286946058818,0.43333333333333335,1.0
5,test,1131800,9181,3,iter2_multistep_eval,iter2_multistep_eval,True,9,30,0.3333333333333333,0.040723440071831915,1.270512284230584,1.030896640935131,1.2488286946058818,1.0,1.0
5,test,1131800,9181,3,iter2_multistep_eval,pd_d192_k10_eval,False,9,30,0.3,-0.09975812490595536,1.3603667387634992,1.0339051084682418,1.2488286946058818,0.8,1.0
5,test,1131800,9181,3,iter2_multistep_eval,pd_d192_k3_eval,False,19,30,0.0,-0.13361499224617523,1.6709827123431575,1.1424170094354882,0.9427743085210021,0.36666666666666664,1.0
5,test,1131800,9181,3,iter2_multistep_eval,iter2_multistep_eval,True,19,30,0.13333333333333333,0.2044006883246719,1.2096549433070882,0.8627004089786213,0.9427743085210021,0.9666666666666667,1.0
5,test,1131800,9181,3,iter2_multistep_eval,pd_d192_k10_eval,False,19,30,0.06666666666666667,0.010103586109916194,1.309717648675322,0.8069711501401025,0.9427743085210021,0.8666666666666667,1.0
5,test,1131800,9181,3,iter2_multistep_eval,pd_d192_k3_eval,False,29,30,0.03333333333333333,-0.5760575051843254,1.669799221182906,0.701407350833846,0.7970636892346937,0.3,1.0
5,test,1131800,9181,3,iter2_multistep_eval,iter2_multistep_eval,True,29,30,0.16666666666666666,0.18944877024111995,1.0763062791103049,0.5023677600834227,0.7970636892346937,1.0,1.0
5,test,1131800,9181,3,iter2_multistep_eval,pd_d192_k10_eval,False,29,30,0.03333333333333333,-0.09573337294506117,1.351392065204671,0.6522234324915459,0.7970636892346937,0.8666666666666667,1.0
5,test,1131800,9181,3,pd_d192_k10_eval,pd_d192_k3_eval,False,0,30,0.7666666666666667,0.8719573615129983,0.5089291168802706,2.2098530999972104,2.1859209399073642,0.03333333333333333,0.03333333333333333
5,test,1131800,9181,3,pd_d192_k10_eval,iter2_multistep_eval,False,0,30,0.8,0.8783121625176559,0.4987110983313289,2.23017555671618,2.1859209399073642,0.03333333333333333,0.03333333333333333
5,test,1131800,9181,3,pd_d192_k10_eval,pd_d192_k10_eval,True,0,30,0.8666666666666667,0.9364173424310586,0.3551486601082326,2.1668218278230946,2.1859209399073642,0.03333333333333333,0.03333333333333333
5,test,1131800,9181,3,pd_d192_k10_eval,pd_d192_k3_eval,False,1,30,0.4666666666666667,0.5593699135130136,0.9330716456449918,1.7782170046434833,1.8002535157872783,0.13333333333333333,0.4666666666666667
5,test,1131800,9181,3,pd_d192_k10_eval,iter2_multistep_eval,False,1,30,0.7333333333333333,0.7210118438053825,0.7591159280349065,1.8561264558937645,1.8002535157872783,0.3333333333333333,0.4666666666666667
5,test,1131800,9181,3,pd_d192_k10_eval,pd_d192_k10_eval,True,1,30,0.6333333333333333,0.7043982289547517,0.7961754073361502,1.917366107385048,1.8002535157872783,0.26666666666666666,0.4666666666666667
5,test,1131800,9181,3,pd_d192_k10_eval,pd_d192_k3_eval,False,2,30,0.2,0.2584426547435292,1.1535249226106787,1.5056308392368687,1.6939104170627437,0.43333333333333335,1.0
5,test,1131800,9181,3,pd_d192_k10_eval,iter2_multistep_eval,False,2,30,0.36666666666666664,0.45656638630740093,1.0418255339294022,1.6916215506514176,1.6939104170627437,0.8,1.0
5,test,1131800,9181,3,pd_d192_k10_eval,pd_d192_k10_eval,True,2,30,0.3333333333333333,0.3855619382806855,1.0606616700316571,1.5392365710797908,1.6939104170627437,0.7333333333333333,1.0
5,test,1131800,9181,3,pd_d192_k10_eval,pd_d192_k3_eval,False,4,30,0.13333333333333333,0.005652990165231033,1.257393539150001,1.2415518460772053,1.616745486554117,0.3,1.0
5,test,1131800,9181,3,pd_d192_k10_eval,iter2_multistep_eval,False,4,30,0.43333333333333335,0.5016328936261792,0.9414282383830926,1.4114387490909106,1.616745486554117,0.8,1.0
5,test,1131800,9181,3,pd_d192_k10_eval,pd_d192_k10_eval,True,4,30,0.3,0.17917266365757492,1.1760060743584206,1.3313088754281805,1.616745486554117,0.6666666666666666,1.0
5,test,1131800,9181,3,pd_d192_k10_eval,pd_d192_k3_eval,False,9,30,0.06666666666666667,-0.27070435603164367,1.5063774422730274,1.1423959341932712,1.2865706494951168,0.3,1.0
5,test,1131800,9181,3,pd_d192_k10_eval,iter2_multistep_eval,False,9,30,0.43333333333333335,0.39517943196398425,1.09411976709051,1.2731135137598621,1.2865706494951168,0.9666666666666667,1.0
5,test,1131800,9181,3,pd_d192_k10_eval,pd_d192_k10_eval,True,9,30,0.23333333333333334,-0.005572830706000661,1.2530505260460618,0.9643117062312802,1.2865706494951168,0.6333333333333333,1.0
5,test,1131800,9181,3,pd_d192_k10_eval,pd_d192_k3_eval,False,19,30,0.2,0.04709565247206071,1.5062450431395866,0.9612955746171717,0.818487148191511,0.6666666666666666,1.0
5,test,1131800,9181,3,pd_d192_k10_eval,iter2_multistep_eval,False,19,30,0.36666666666666664,0.2865621522817652,1.1798814457563567,0.798198179978526,0.818487148191511,1.0,1.0
5,test,1131800,9181,3,pd_d192_k10_eval,pd_d192_k10_eval,True,19,30,0.3333333333333333,0.39096082751067873,1.1336147800100447,0.8616425126948454,0.818487148191511,1.0,1.0
5,test,1131800,9181,3,pd_d192_k10_eval,pd_d192_k3_eval,False,29,30,0.06666666666666667,0.05953730723375395,1.5890151721947046,0.8248613159651054,0.6365318318719032,0.7,1.0
5,test,1131800,9181,3,pd_d192_k10_eval,iter2_multistep_eval,False,29,30,0.13333333333333333,0.2164782507028069,1.351869670445457,0.7330170401504713,0.6365318318719032,1.0,1.0
5,test,1131800,9181,3,pd_d192_k10_eval,pd_d192_k10_eval,True,29,30,0.23333333333333334,0.4582892972868485,0.9963995178049476,0.5783961795536101,0.6365318318719032,1.0,1.0
6,dev,1172631,9572,18,pd_d192_k3_eval,pd_d192_k3_eval,True,0,30,0.6666666666666666,0.7879446852422285,0.6286061501063053,2.1076837470224987,2.304875659334841,0.0,0.0
6,dev,1172631,9572,18,pd_d192_k3_eval,iter2_multistep_eval,False,0,30,0.5666666666666667,0.7688701442829933,0.6914181400778157,2.378557317813741,2.304875659334841,0.0,0.0
6,dev,1172631,9572,18,pd_d192_k3_eval,pd_d192_k10_eval,False,0,30,0.7666666666666667,0.8815372597300452,0.4753159763609614,2.15877400561251,2.304875659334841,0.0,0.0
6,dev,1172631,9572,18,pd_d192_k3_eval,pd_d192_k3_eval,True,1,30,0.4,0.6147688569642797,0.8060812004948522,1.9248232329765582,2.4638525651029344,0.0,0.0
6,dev,1172631,9572,18,pd_d192_k3_eval,iter2_multistep_eval,False,1,30,0.6666666666666666,0.8385715907984147,0.5488968817900639,2.231215106381518,2.4638525651029344,0.0,0.0
6,dev,1172631,9572,18,pd_d192_k3_eval,pd_d192_k10_eval,False,1,30,0.7,0.8579505086331419,0.5164088282738799,2.2432370127869397,2.4638525651029344,0.0,0.0
6,dev,1172631,9572,18,pd_d192_k3_eval,pd_d192_k3_eval,True,2,30,0.3333333333333333,0.5544419824719,0.894545320780668,1.9681502552328582,2.2302171548974026,0.0,0.0
6,dev,1172631,9572,18,pd_d192_k3_eval,iter2_multistep_eval,False,2,30,0.36666666666666664,0.6659186092415551,0.8035089837952332,2.150758435289136,2.2302171548974026,0.0,0.0
6,dev,1172631,9572,18,pd_d192_k3_eval,pd_d192_k10_eval,False,2,30,0.4666666666666667,0.6749064530584684,0.791097264124984,2.141224618422147,2.2302171548974026,0.0,0.0
6,dev,1172631,9572,18,pd_d192_k3_eval,pd_d192_k3_eval,True,4,30,0.23333333333333334,0.46606432796752667,0.9426491051813524,1.5848346395960395,2.002726545170747,0.0,0.0
6,dev,1172631,9572,18,pd_d192_k3_eval,iter2_multistep_eval,False,4,30,0.36666666666666664,0.6735857208595786,0.7812204251471162,1.8557535287415685,2.002726545170747,0.0,0.0
6,dev,1172631,9572,18,pd_d192_k3_eval,pd_d192_k10_eval,False,4,30,0.3333333333333333,0.5187663012463217,0.8968088572413971,1.5814775005727808,2.002726545170747,0.0,0.0
6,dev,1172631,9572,18,pd_d192_k3_eval,pd_d192_k3_eval,True,9,30,0.3,0.38366329569791563,1.1453449059868306,1.3049841719586894,1.229762209809638,0.0,0.0
6,dev,1172631,9572,18,pd_d192_k3_eval,iter2_multistep_eval,False,9,30,0.0,0.04034810866241959,1.4386578154386673,1.3225052081923319,1.229762209809638,0.0,0.0
6,dev,1172631,9572,18,pd_d192_k3_eval,pd_d192_k10_eval,False,9,30,0.06666666666666667,-0.15738891863026153,1.7404489967489798,1.5688892277525675,1.229762209809638,0.0,0.0
6,dev,1172631,9572,18,pd_d192_k3_eval,pd_d192_k3_eval,True,19,30,0.26666666666666666,0.360119129729931,1.0497808540309888,0.8378755625556404,0.9956952361007533,0.0,0.0
6,dev,1172631,9572,18,pd_d192_k3_eval,iter2_multistep_eval,False,19,30,0.0,0.1584561121023865,1.5479993027444623,1.3448708119005575,0.9956952361007533,0.0,0.0
6,dev,1172631,9572,18,pd_d192_k3_eval,pd_d192_k10_eval,False,19,30,0.03333333333333333,-0.004777499994507472,1.568313106769373,1.1981932556711226,0.9956952361007533,0.0,0.0
6,dev,1172631,9572,18,pd_d192_k3_eval,pd_d192_k3_eval,True,29,30,0.0,-0.11092944649218585,1.4886742863051938,0.5825276290405261,0.584029689217996,0.0,0.0
6,dev,1172631,9572,18,pd_d192_k3_eval,iter2_multistep_eval,False,29,30,0.0,-0.12558797367157756,1.5708557849877733,0.6379617929065531,0.584029689217996,0.0,0.0
6,dev,1172631,9572,18,pd_d192_k3_eval,pd_d192_k10_eval,False,29,30,0.0,-0.019803232873652824,1.4706139418943096,0.6182928211560861,0.584029689217996,0.0,0.0
6,dev,1172631,9572,18,iter2_multistep_eval,pd_d192_k3_eval,False,0,30,0.6666666666666666,0.7879446852422285,0.6286061501063053,2.1076837470224987,2.304875659334841,0.0,0.0
6,dev,1172631,9572,18,iter2_multistep_eval,iter2_multistep_eval,True,0,30,0.5666666666666667,0.7688701442829933,0.6914181400778157,2.378557317813741,2.304875659334841,0.0,0.0
6,dev,1172631,9572,18,iter2_multistep_eval,pd_d192_k10_eval,False,0,30,0.7666666666666667,0.8815372597300452,0.4753159763609614,2.15877400561251,2.304875659334841,0.0,0.0
6,dev,1172631,9572,18,iter2_multistep_eval,pd_d192_k3_eval,False,1,30,0.36666666666666664,0.5309687199630542,0.9349431768396875,2.077709168601491,2.243756175826686,0.0,0.0
6,dev,1172631,9572,18,iter2_multistep_eval,iter2_multistep_eval,True,1,30,0.7,0.7847974381126975,0.6410186168816926,2.12829426086083,2.243756175826686,0.0,0.0
6,dev,1172631,9572,18,iter2_multistep_eval,pd_d192_k10_eval,False,1,30,0.6666666666666666,0.8203923133848704,0.6068920697695583,2.297085013042736,2.243756175826686,0.0,0.0
6,dev,1172631,9572,18,iter2_multistep_eval,pd_d192_k3_eval,False,2,30,0.2,0.4214886484486242,1.0374117967209595,1.8447004820112505,1.9935172250373958,0.0,0.0
6,dev,1172631,9572,18,iter2_multistep_eval,iter2_multistep_eval,True,2,30,0.3,0.5794334974442582,0.9559171609626582,2.150913511949769,1.9935172250373958,0.0,0.0
6,dev,1172631,9572,18,iter2_multistep_eval,pd_d192_k10_eval,False,2,30,0.26666666666666666,0.5181062845189199,1.0124860395665762,2.112968777330516,1.9935172250373958,0.0,0.0
6,dev,1172631,9572,18,iter2_multistep_eval,pd_d192_k3_eval,False,4,30,0.3333333333333333,0.4711815840114251,1.0239481748464674,1.6145431231107543,1.6287780306678665,0.0,0.0
6,dev,1172631,9572,18,iter2_multistep_eval,iter2_multistep_eval,True,4,30,0.16666666666666666,0.33003447874190633,1.1820406501584968,1.696326151254174,1.6287780306678665,0.0,0.0
6,dev,1172631,9572,18,iter2_multistep_eval,pd_d192_k10_eval,False,4,30,0.4,0.24369626975978473,1.0820416331217315,1.1784045225684467,1.6287780306678665,0.0,0.0
6,dev,1172631,9572,18,iter2_multistep_eval,pd_d192_k3_eval,False,9,30,0.23333333333333334,-0.06394221008431766,1.5515606883469815,1.2879137646724272,1.1457353029725938,0.0,0.0
6,dev,1172631,9572,18,iter2_multistep_eval,iter2_multistep_eval,True,9,30,0.0,-0.21762041302036475,1.4197127125081728,0.9319076115708442,1.1457353029725938,0.0,0.0
6,dev,1172631,9572,18,iter2_multistep_eval,pd_d192_k10_eval,False,9,30,0.16666666666666666,0.4281292509296896,1.266416840896667,1.507007813022265,1.1457353029725938,0.0,0.0
6,dev,1172631,9572,18,iter2_multistep_eval,pd_d192_k3_eval,False,19,30,0.4,0.6201326793412285,0.8150424055652369,0.82243799057495,0.9777279412750187,0.0,0.0
6,dev,1172631,9572,18,iter2_multistep_eval,iter2_multistep_eval,True,19,30,0.0,0.02028486627064126,1.0908574693364532,0.4464424525406247,0.9777279412750187,0.0,0.0
6,dev,1172631,9572,18,iter2_multistep_eval,pd_d192_k10_eval,False,19,30,0.1,0.38003238741572354,1.02542452188538,0.8043386203737838,0.9777279412750187,0.0,0.0
6,dev,1172631,9572,18,iter2_multistep_eval,pd_d192_k3_eval,False,29,30,0.16666666666666666,-0.08863346042802936,1.7115532360287313,0.5124439911135541,0.39321217375985196,0.0,0.0
6,dev,1172631,9572,18,iter2_multistep_eval,iter2_multistep_eval,True,29,30,0.0,0.13661315047088185,1.139853397956375,0.2754313699988353,0.39321217375985196,0.0,0.0
6,dev,1172631,9572,18,iter2_multistep_eval,pd_d192_k10_eval,False,29,30,0.3333333333333333,0.6876098535135488,0.8670772488912518,0.45674016509193915,0.39321217375985196,0.0,0.0
6,dev,1172631,9572,18,pd_d192_k10_eval,pd_d192_k3_eval,False,0,30,0.6666666666666666,0.7879446852422285,0.6286061501063053,2.1076837470224987,2.304875659334841,0.0,0.0
6,dev,1172631,9572,18,pd_d192_k10_eval,iter2_multistep_eval,False,0,30,0.5666666666666667,0.7688701442829933,0.6914181400778157,2.378557317813741,2.304875659334841,0.0,0.0
6,dev,1172631,9572,18,pd_d192_k10_eval,pd_d192_k10_eval,True,0,30,0.7666666666666667,0.8815372597300452,0.4753159763609614,2.15877400561251,2.304875659334841,0.0,0.0
6,dev,1172631,9572,18,pd_d192_k10_eval,pd_d192_k3_eval,False,1,30,0.26666666666666666,0.5321440582544454,0.9107681836223024,2.0150622755428547,2.3219912196047368,0.0,0.0
6,dev,1172631,9572,18,pd_d192_k10_eval,iter2_multistep_eval,False,1,30,0.6333333333333333,0.8001955261619225,0.6151733362945762,2.1760081713000394,2.3219912196047368,0.0,0.0
6,dev,1172631,9572,18,pd_d192_k10_eval,pd_d192_k10_eval,True,1,30,0.6666666666666666,0.8292705630994152,0.5851554689772169,2.3283865644336057,2.3219912196047368,0.0,0.0
6,dev,1172631,9572,18,pd_d192_k10_eval,pd_d192_k3_eval,False,2,30,0.3,0.5541749740794059,0.9498334945826542,2.1794418201870855,2.1543200459312213,0.0,0.0
6,dev,1172631,9572,18,pd_d192_k10_eval,iter2_multistep_eval,False,2,30,0.36666666666666664,0.5814870992609479,0.9168630210889883,2.16356909306541,2.1543200459312213,0.0,0.0
6,dev,1172631,9572,18,pd_d192_k10_eval,pd_d192_k10_eval,True,2,30,0.43333333333333335,0.666559231358411,0.808102509628887,2.1080844534195733,2.1543200459312213,0.0,0.0
6,dev,1172631,9572,18,pd_d192_k10_eval,pd_d192_k3_eval,False,4,30,0.2,0.15936017832442592,1.4275907899640585,1.8342906319384846,1.5406717863201496,0.0,0.0
6,dev,1172631,9572,18,pd_d192_k10_eval,iter2_multistep_eval,False,4,30,0.13333333333333333,0.1478387870762302,1.3249588594379578,1.5861616131967888,1.5406717863201496,0.0,0.0
6,dev,1172631,9572,18,pd_d192_k10_eval,pd_d192_k10_eval,True,4,30,0.3,0.3520615924027312,1.0258122064758057,1.1891964026193123,1.5406717863201496,0.0,0.0
6,dev,1172631,9572,18,pd_d192_k10_eval,pd_d192_k3_eval,False,9,30,0.5666666666666667,0.673501255240833,0.7673817244834042,1.1991411933212388,1.3632727528154733,0.0,0.0
6,dev,1172631,9572,18,pd_d192_k10_eval,iter2_multistep_eval,False,9,30,0.2,0.21094724205965484,1.242992095727112,1.334309433542293,1.3632727528154733,0.0,0.0
6,dev,1172631,9572,18,pd_d192_k10_eval,pd_d192_k10_eval,True,9,30,0.2,0.0851897414927723,1.2223251669446042,1.0814033807090928,1.3632727528154733,0.0,0.0
6,dev,1172631,9572,18,pd_d192_k10_eval,pd_d192_k3_eval,False,19,30,0.5666666666666667,0.8015432181516823,0.6242493328874705,1.2227372136266668,1.2465820145239241,0.0,0.0
6,dev,1172631,9572,18,pd_d192_k10_eval,iter2_multistep_eval,False,19,30,0.26666666666666666,0.5054222670645868,0.9155711255643121,1.0116798509554037,1.2465820145239241,0.0,0.0
6,dev,1172631,9572,18,pd_d192_k10_eval,pd_d192_k10_eval,True,19,30,0.0,0.3045557377255259,1.006583348520052,0.7854429292122223,1.2465820145239241,0.0,0.0
6,dev,1172631,9572,18,pd_d192_k10_eval,pd_d192_k3_eval,False,29,30,0.7333333333333333,0.8755687372285209,0.4918975920779656,0.7043599351528858,0.7274808541021673,0.0,0.0
6,dev,1172631,9572,18,pd_d192_k10_eval,iter2_multistep_eval,False,29,30,0.6333333333333333,0.8190964614352884,0.5740068341005096,0.6104785096572264,0.7274808541021673,0.0,0.0
6,dev,1172631,9572,18,pd_d192_k10_eval,pd_d192_k10_eval,True,29,30,0.0,0.19788026856875954,1.054707887134264,0.42717252941862094,0.7274808541021673,0.0,0.0
7,test,1221675,9978,11,pd_d192_k3_eval,pd_d192_k3_eval,True,0,30,0.3333333333333333,0.5022281663333525,0.9817889855861393,2.0569676768026035,2.126856808685153,0.0,0.0
7,test,1221675,9978,11,pd_d192_k3_eval,iter2_multistep_eval,False,0,30,0.0,-0.209605713300613,1.3831227775830681,1.6347855839051517,2.126856808685153,0.0,0.0
7,test,1221675,9978,11,pd_d192_k3_eval,pd_d192_k10_eval,False,0,30,0.36666666666666664,0.49105780064457166,1.0007395931975192,2.0920188439264202,2.126856808685153,0.0,0.0
7,test,1221675,9978,11,pd_d192_k3_eval,pd_d192_k3_eval,True,1,30,0.13333333333333333,0.3091756796683894,1.08861160413013,1.899843310475554,2.2645387353114126,0.0,0.0
7,test,1221675,9978,11,pd_d192_k3_eval,iter2_multistep_eval,False,1,30,0.0,-0.17690659882014922,1.3505846053709967,1.6937801018958407,2.2645387353114126,0.0,0.0
7,test,1221675,9978,11,pd_d192_k3_eval,pd_d192_k10_eval,False,1,30,0.5333333333333333,0.7190947265545719,0.7166111717856504,2.0247367094234847,2.2645387353114126,0.0,0.0
7,test,1221675,9978,11,pd_d192_k3_eval,pd_d192_k3_eval,True,2,30,0.0,0.005296481411460931,1.328138697246675,1.5562740097863312,1.7697878844318355,0.0,0.0
7,test,1221675,9978,11,pd_d192_k3_eval,iter2_multistep_eval,False,2,30,0.0,-0.45290816477876805,1.805393263102501,1.9768299535768796,1.7697878844318355,0.0,0.0
7,test,1221675,9978,11,pd_d192_k3_eval,pd_d192_k10_eval,False,2,30,0.5333333333333333,0.6969474581798428,0.7954899213653704,1.8427806708891572,1.7697878844318355,0.0,0.0
7,test,1221675,9978,11,pd_d192_k3_eval,pd_d192_k3_eval,True,4,30,0.0,-0.00492484078900163,1.2550410188297596,1.476417694257669,1.959509053937112,0.0,0.0
7,test,1221675,9978,11,pd_d192_k3_eval,iter2_multistep_eval,False,4,30,0.0,-0.33291424544075376,1.565831579914157,1.7971635828381778,1.959509053937112,0.0,0.0
7,test,1221675,9978,11,pd_d192_k3_eval,pd_d192_k10_eval,False,4,30,0.5333333333333333,0.6305960657733035,0.81360476845908,1.714052349092695,1.959509053937112,0.0,0.0
7,test,1221675,9978,11,pd_d192_k3_eval,pd_d192_k3_eval,True,9,30,0.03333333333333333,-0.04792323629617803,1.1063674734741442,0.9573490229492431,2.237660951315925,0.0,0.0
7,test,1221675,9978,11,pd_d192_k3_eval,iter2_multistep_eval,False,9,30,0.0,-0.600399833409147,1.6415376828327652,1.864354672712942,2.237660951315925,0.0,0.0
7,test,1221675,9978,11,pd_d192_k3_eval,pd_d192_k10_eval,False,9,30,0.4666666666666667,0.5114037541047891,0.8665678059993122,1.3942616034893593,2.237660951315925,0.0,0.0
7,test,1221675,9978,11,pd_d192_k3_eval,pd_d192_k3_eval,True,19,30,0.0,-0.04507641976216624,1.1480933900372206,0.6106189316698913,1.1725943097287823,0.0,0.0
7,test,1221675,9978,11,pd_d192_k3_eval,iter2_multistep_eval,False,19,30,0.0,-0.24771783526381427,1.3758014610599951,0.8549509372553483,1.1725943097287823,0.0,0.0
7,test,1221675,9978,11,pd_d192_k3_eval,pd_d192_k10_eval,False,19,30,0.0,-0.2069173445066955,1.4002942374498324,0.932095654053848,1.1725943097287823,0.0,0.0
7,test,1221675,9978,11,pd_d192_k3_eval,pd_d192_k3_eval,True,29,30,0.0,0.0833788962819172,1.1130265625765485,0.32206531865063986,0.5561085457185383,0.0,0.0
7,test,1221675,9978,11,pd_d192_k3_eval,iter2_multistep_eval,False,29,30,0.06666666666666667,0.3013124616204583,1.0710384867378473,0.43881154781414833,0.5561085457185383,0.0,0.0
7,test,1221675,9978,11,pd_d192_k3_eval,pd_d192_k10_eval,False,29,30,0.06666666666666667,0.37518738352699244,1.012845230125307,0.4356441904783776,0.5561085457185383,0.0,0.0
7,test,1221675,9978,11,iter2_multistep_eval,pd_d192_k3_eval,False,0,30,0.3333333333333333,0.5022281663333525,0.9817889855861393,2.0569676768026035,2.126856808685153,0.0,0.0
7,test,1221675,9978,11,iter2_multistep_eval,iter2_multistep_eval,True,0,30,0.0,-0.209605713300613,1.3831227775830681,1.6347855839051517,2.126856808685153,0.0,0.0
7,test,1221675,9978,11,iter2_multistep_eval,pd_d192_k10_eval,False,0,30,0.36666666666666664,0.49105780064457166,1.0007395931975192,2.0920188439264202,2.126856808685153,0.0,0.0
7,test,1221675,9978,11,iter2_multistep_eval,pd_d192_k3_eval,False,1,30,0.4,0.5407471875419798,0.9397503922203209,2.2068394794425754,2.2994615064551773,0.0,0.0
7,test,1221675,9978,11,iter2_multistep_eval,iter2_multistep_eval,True,1,30,0.0,-0.022449895143196445,1.2590010689817634,1.708010390146897,2.2994615064551773,0.0,0.0
7,test,1221675,9978,11,iter2_multistep_eval,pd_d192_k10_eval,False,1,30,0.36666666666666664,0.401989723548186,0.9857571864780384,1.7639403956545474,2.2994615064551773,0.0,0.0
7,test,1221675,9978,11,iter2_multistep_eval,pd_d192_k3_eval,False,2,30,0.5666666666666667,0.744571314816575,0.6820717467604683,1.8829442617115595,2.128580318243166,0.0,0.0
7,test,1221675,9978,11,iter2_multistep_eval,iter2_multistep_eval,True,2,30,0.06666666666666667,-0.008821762982974712,1.2936446783408355,1.7282075421215397,2.128580318243166,0.0,0.0
7,test,1221675,9978,11,iter2_multistep_eval,pd_d192_k10_eval,False,2,30,0.26666666666666666,0.30620915240285024,1.0651997694244975,1.6690976191801716,2.128580318243166,0.0,0.0
7,test,1221675,9978,11,iter2_multistep_eval,pd_d192_k3_eval,False,4,30,0.26666666666666666,0.43112292305923483,0.95937692536417,1.5349992749376213,2.0274312010426776,0.0,0.0
7,test,1221675,9978,11,iter2_multistep_eval,iter2_multistep_eval,True,4,30,0.03333333333333333,-0.4345913399345382,1.556697935650368,1.693157293548112,2.0274312010426776,0.0,0.0
7,test,1221675,9978,11,iter2_multistep_eval,pd_d192_k10_eval,False,4,30,0.0,-0.3377474988984353,1.5732170816806457,1.870998241742722,2.0274312010426776,0.0,0.0
7,test,1221675,9978,11,iter2_multistep_eval,pd_d192_k3_eval,False,9,30,0.2,0.022472302134603085,1.3516705956823305,1.3505249920970692,1.4488237926534075,0.0,0.0
7,test,1221675,9978,11,iter2_multistep_eval,iter2_multistep_eval,True,9,30,0.0,-0.25597627751331714,1.4451108130452768,1.185437366268344,1.4488237926534075,0.0,0.0
7,test,1221675,9978,11,iter2_multistep_eval,pd_d192_k10_eval,False,9,30,0.03333333333333333,-0.5628029362078281,1.8441350353195087,1.5729964476570244,1.4488237926534075,0.0,0.0
7,test,1221675,9978,11,iter2_multistep_eval,pd_d192_k3_eval,False,19,30,0.16666666666666666,0.1857622080400242,1.298923534589923,0.8507391606937317,0.8217341287564595,0.0,0.0
7,test,1221675,9978,11,iter2_multistep_eval,iter2_multistep_eval,True,19,30,0.0,-0.11040037557831843,1.2711140229112416,0.5604334332136315,0.8217341287564595,0.0,0.0
7,test,1221675,9978,11,iter2_multistep_eval,pd_d192_k10_eval,False,19,30,0.03333333333333333,-0.1736841533670259,1.6003529401625496,0.8938672234349013,0.8217341287564595,0.0,0.0
7,test,1221675,9978,11,iter2_multistep_eval,pd_d192_k3_eval,False,29,30,0.13333333333333333,-0.09162640328144324,1.4280600136973076,0.3989762257707543,0.4280995891079614,0.0,0.0
7,test,1221675,9978,11,iter2_multistep_eval,iter2_multistep_eval,True,29,30,0.16666666666666666,0.16972134948675535,1.0920995561101985,0.27413150256930685,0.4280995891079614,0.0,0.0
7,test,1221675,9978,11,iter2_multistep_eval,pd_d192_k10_eval,False,29,30,0.0,-0.2986896476468279,1.573767614840141,0.40784773505212596,0.4280995891079614,0.0,0.0
7,test,1221675,9978,11,pd_d192_k10_eval,pd_d192_k3_eval,False,0,30,0.3333333333333333,0.5022281663333525,0.9817889855861393,2.0569676768026035,2.126856808685153,0.0,0.0
7,test,1221675,9978,11,pd_d192_k10_eval,iter2_multistep_eval,False,0,30,0.0,-0.209605713300613,1.3831227775830681,1.6347855839051517,2.126856808685153,0.0,0.0
7,test,1221675,9978,11,pd_d192_k10_eval,pd_d192_k10_eval,True,0,30,0.36666666666666664,0.49105780064457166,1.0007395931975192,2.0920188439264202,2.126856808685153,0.0,0.0
7,test,1221675,9978,11,pd_d192_k10_eval,pd_d192_k3_eval,False,1,30,0.13333333333333333,0.3567791432950571,1.043937407287411,1.9561809957157104,2.3777126473123116,0.0,0.0
7,test,1221675,9978,11,pd_d192_k10_eval,iter2_multistep_eval,False,1,30,0.0,-0.19778428688838037,1.4151216200701995,1.956493252720291,2.3777126473123116,0.0,0.0
7,test,1221675,9978,11,pd_d192_k10_eval,pd_d192_k10_eval,True,1,30,0.43333333333333335,0.523320959276058,0.9048484466780115,1.9679114225743877,2.3777126473123116,0.0,0.0
7,test,1221675,9978,11,pd_d192_k10_eval,pd_d192_k3_eval,False,2,30,0.0,0.013349763981094633,1.3895618943030326,1.9652403135530765,2.0089048370413445,0.0,0.0
7,test,1221675,9978,11,pd_d192_k10_eval,iter2_multistep_eval,False,2,30,0.0,-0.46247462244416904,1.8506775168279448,2.334330261308829,2.0089048370413445,0.0,0.0
7,test,1221675,9978,11,pd_d192_k10_eval,pd_d192_k10_eval,True,2,30,0.36666666666666664,0.4544962483113507,1.0256207244024567,1.934355372920543,2.0089048370413445,0.0,0.0
7,test,1221675,9978,11,pd_d192_k10_eval,pd_d192_k3_eval,False,4,30,0.03333333333333333,-0.09116358626938047,1.5039273068999321,1.7757046900302547,1.7142866660486866,0.0,0.0
7,test,1221675,9978,11,pd_d192_k10_eval,iter2_multistep_eval,False,4,30,0.0,-0.2043063489008327,1.7323287456083938,2.0998736249628527,1.7142866660486866,0.0,0.0
7,test,1221675,9978,11,pd_d192_k10_eval,pd_d192_k10_eval,True,4,30,0.03333333333333333,0.057200803132043634,1.2963910984553446,1.515745467697424,1.7142866660486866,0.0,0.0
7,test,1221675,9978,11,pd_d192_k10_eval,pd_d192_k3_eval,False,9,30,0.03333333333333333,-0.09040799908213434,1.432082477181762,1.3194781613757862,1.4056655712989938,0.0,0.0
7,test,1221675,9978,11,pd_d192_k10_eval,iter2_multistep_eval,False,9,30,0.0,-0.32561785324984743,1.6121937331230773,1.3778524213284564,1.4056655712989938,0.0,0.0
7,test,1221675,9978,11,pd_d192_k10_eval,pd_d192_k10_eval,True,9,30,0.0,0.09678483805462651,1.2597630973585054,1.2215726286439412,1.4056655712989938,0.0,0.0
7,test,1221675,9978,11,pd_d192_k10_eval,pd_d192_k3_eval,False,19,30,0.7,0.896156583465842,0.4790787648459594,1.4684547616111474,1.3637874612252334,0.0,0.0
7,test,1221675,9978,11,pd_d192_k10_eval,iter2_multistep_eval,False,19,30,0.0,-0.37798960461766,1.5027838207069617,1.0988693859015957,1.3637874612252334,0.0,0.0
7,test,1221675,9978,11,pd_d192_k10_eval,pd_d192_k10_eval,True,19,30,0.0,0.09147037803912715,1.0948045539845728,0.7451777864478479,1.3637874612252334,0.0,0.0
7,test,1221675,9978,11,pd_d192_k10_eval,pd_d192_k3_eval,False,29,30,0.6333333333333333,0.8546659809705919,0.5463424154181532,0.8280746601708384,0.8080391146977889,0.0,0.0
7,test,1221675,9978,11,pd_d192_k10_eval,iter2_multistep_eval,False,29,30,0.0,-0.6114645928272748,1.6810010966130826,0.7043340337042415,0.8080391146977889,0.0,0.0
7,test,1221675,9978,11,pd_d192_k10_eval,pd_d192_k10_eval,True,29,30,0.0,0.12095022790728079,1.0806281883630855,0.4428193714067524,0.8080391146977889,0.0,0.0
8,dev,1588091,12620,83,pd_d192_k3_eval,pd_d192_k3_eval,True,0,30,0.5333333333333333,0.6533078233384672,0.8263807700775664,2.3096488051100565,2.3459111582724863,0.0,0.0
8,dev,1588091,12620,83,pd_d192_k3_eval,iter2_multistep_eval,False,0,30,0.7,0.8412699247348483,0.5732336285833698,2.4206968270260467,2.3459111582724863,0.0,0.0
8,dev,1588091,12620,83,pd_d192_k3_eval,pd_d192_k10_eval,False,0,30,0.6666666666666666,0.7894578646878955,0.6584330071319672,2.410983627614086,2.3459111582724863,0.0,0.0
8,dev,1588091,12620,83,pd_d192_k3_eval,pd_d192_k3_eval,True,1,30,0.5,0.5097110314838137,0.9390601053066748,2.0743567739731295,2.3410995726205925,0.0,0.0
8,dev,1588091,12620,83,pd_d192_k3_eval,iter2_multistep_eval,False,1,30,0.7,0.8304101550504329,0.5626511068494124,2.127775254242627,2.3410995726205925,0.0,0.0
8,dev,1588091,12620,83,pd_d192_k3_eval,pd_d192_k10_eval,False,1,30,0.7333333333333333,0.8304595699124034,0.5617437862389907,2.1133186679183327,2.3410995726205925,0.0,0.0
8,dev,1588091,12620,83,pd_d192_k3_eval,pd_d192_k3_eval,True,2,30,0.6,0.7668713516877692,0.6928962058061245,2.2903972262241292,2.2279769663320663,0.0,0.0
8,dev,1588091,12620,83,pd_d192_k3_eval,iter2_multistep_eval,False,2,30,0.5666666666666667,0.7631919740117672,0.6897172767537594,2.2377366470542164,2.2279769663320663,0.0,0.0
8,dev,1588091,12620,83,pd_d192_k3_eval,pd_d192_k10_eval,False,2,30,0.7666666666666667,0.8856629026350296,0.48011433338635423,2.2452738139626622,2.2279769663320663,0.0,0.0
8,dev,1588091,12620,83,pd_d192_k3_eval,pd_d192_k3_eval,True,4,30,0.2,0.1948432109919463,1.313306096768106,2.101223407559769,1.9670854130387896,0.0,0.0
8,dev,1588091,12620,83,pd_d192_k3_eval,iter2_multistep_eval,False,4,30,0.5,0.5933296706620963,1.0011036019538848,2.337915384083725,1.9670854130387896,0.0,0.0
8,dev,1588091,12620,83,pd_d192_k3_eval,pd_d192_k10_eval,False,4,30,0.6666666666666666,0.6618404120040279,0.7961377241236535,1.8292369880523072,1.9670854130387896,0.0,0.0
8,dev,1588091,12620,83,pd_d192_k3_eval,pd_d192_k3_eval,True,9,30,0.03333333333333333,0.1372029230435914,1.1955474650997728,2.045588013634524,2.5359076650150456,0.0,0.0
8,dev,1588091,12620,83,pd_d192_k3_eval,iter2_multistep_eval,False,9,30,0.7333333333333333,0.9155056170634156,0.4039352823945291,2.413570826071179,2.5359076650150456,0.0,0.0
8,dev,1588091,12620,83,pd_d192_k3_eval,pd_d192_k10_eval,False,9,30,0.6,0.8368830639071196,0.5515546897776145,2.2939868490911084,2.5359076650150456,0.0,0.0
8,dev,1588091,12620,83,pd_d192_k3_eval,pd_d192_k3_eval,True,19,30,0.03333333333333333,-0.0017363775887100934,1.2072894005030086,1.0432136840302142,1.5462151402855584,0.0,0.0
8,dev,1588091,12620,83,pd_d192_k3_eval,iter2_multistep_eval,False,19,30,0.8333333333333334,0.9230602696042236,0.3854007227386058,1.4642937492561707,1.5462151402855584,0.0,0.0
8,dev,1588091,12620,83,pd_d192_k3_eval,pd_d192_k10_eval,False,19,30,0.5333333333333333,0.7226915992442573,0.7138487639172009,1.3934402328303828,1.5462151402855584,0.0,0.0
8,dev,1588091,12620,83,pd_d192_k3_eval,pd_d192_k3_eval,True,29,30,0.0,0.32661333361729356,0.967000193685074,0.48202021959116803,0.9077939274175629,0.0,0.0
8,dev,1588091,12620,83,pd_d192_k3_eval,iter2_multistep_eval,False,29,30,0.8666666666666667,0.9511374415355576,0.3167948231000978,0.9277646920615801,0.9077939274175629,0.0,0.0
8,dev,1588091,12620,83,pd_d192_k3_eval,pd_d192_k10_eval,False,29,30,0.36666666666666664,0.25065512777061066,1.1157902686402863,0.7311978084411873,0.9077939274175629,0.0,0.0
8,dev,1588091,12620,83,iter2_multistep_eval,pd_d192_k3_eval,False,0,30,0.5333333333333333,0.6533078233384672,0.8263807700775664,2.3096488051100565,2.3459111582724863,0.0,0.0
8,dev,1588091,12620,83,iter2_multistep_eval,iter2_multistep_eval,True,0,30,0.7,0.8412699247348483,0.5732336285833698,2.4206968270260467,2.3459111582724863,0.0,0.0
8,dev,1588091,12620,83,iter2_multistep_eval,pd_d192_k10_eval,False,0,30,0.6666666666666666,0.7894578646878955,0.6584330071319672,2.410983627614086,2.3459111582724863,0.0,0.0
8,dev,1588091,12620,83,iter2_multistep_eval,pd_d192_k3_eval,False,1,30,0.6333333333333333,0.7539991029204312,0.6673931941545868,2.0270859989260575,2.324593472511163,0.0,0.0
8,dev,1588091,12620,83,iter2_multistep_eval,iter2_multistep_eval,True,1,30,0.7666666666666667,0.8792109699819114,0.4780072165729858,2.133924054164138,2.324593472511163,0.0,0.0
8,dev,1588091,12620,83,iter2_multistep_eval,pd_d192_k10_eval,False,1,30,0.7666666666666667,0.8481616105922601,0.5341569305531207,2.1310266100910726,2.324593472511163,0.0,0.0
8,dev,1588091,12620,83,iter2_multistep_eval,pd_d192_k3_eval,False,2,30,0.6666666666666666,0.8190821132639389,0.6195833857947279,2.3146376625491034,2.197862116810015,0.0,0.0
8,dev,1588091,12620,83,iter2_multistep_eval,iter2_multistep_eval,True,2,30,0.6,0.7803811308960183,0.6954923923834107,2.384361852382911,2.197862116810015,0.0,0.0
8,dev,1588091,12620,83,iter2_multistep_eval,pd_d192_k10_eval,False,2,30,0.8,0.9110526031437518,0.42180035557647916,2.1981182656692186,2.197862116810015,0.0,0.0
8,dev,1588091,12620,83,iter2_multistep_eval,pd_d192_k3_eval,False,4,30,0.03333333333333333,-0.02678607483638224,1.6435876651212797,2.001147992824341,1.5660166823582067,0.0,0.0
8,dev,1588091,12620,83,iter2_multistep_eval,iter2_multistep_eval,True,4,30,0.3333333333333333,0.3596329369307556,1.1080553737136003,1.4990385560200497,1.5660166823582067,0.0,0.0
8,dev,1588091,12620,83,iter2_multistep_eval,pd_d192_k10_eval,False,4,30,0.6333333333333333,0.45663893322210247,1.029105340836596,1.525170752866826,1.5660166823582067,0.0,0.0
8,dev,1588091,12620,83,iter2_multistep_eval,pd_d192_k3_eval,False,9,30,0.03333333333333333,-0.26818199579942237,2.204753100984862,2.439862651991348,1.4226924404225358,0.0,0.0
8,dev,1588091,12620,83,iter2_multistep_eval,iter2_multistep_eval,True,9,30,0.2,-0.0022109618910639344,1.4177751321393826,1.4267072495961113,1.4226924404225358,0.0,0.0
8,dev,1588091,12620,83,iter2_multistep_eval,pd_d192_k10_eval,False,9,30,0.43333333333333335,0.4203843425358599,1.1449396038052453,1.5915303124853437,1.4226924404225358,0.0,0.0
8,dev,1588091,12620,83,iter2_multistep_eval,pd_d192_k3_eval,False,19,30,0.03333333333333333,0.03422560224441743,1.7946154455543353,1.674420702255218,1.0981238495321646,0.0,0.0
8,dev,1588091,12620,83,iter2_multistep_eval,iter2_multistep_eval,True,19,30,0.3333333333333333,-0.13306821324601878,1.366270552650473,0.886579606124192,1.0981238495321646,0.0,0.0
8,dev,1588091,12620,83,iter2_multistep_eval,pd_d192_k10_eval,False,19,30,0.2,0.5784236387432004,1.1180480389433496,1.4748006605672823,1.0981238495321646,0.0,0.0
8,dev,1588091,12620,83,iter2_multistep_eval,pd_d192_k3_eval,False,29,30,0.0,-0.3333265036514854,1.864952402132618,0.8041031457082536,0.6302942518200089,0.0,0.0
8,dev,1588091,12620,83,iter2_multistep_eval,iter2_multistep_eval,True,29,30,0.1,0.4704256133361003,0.9997569449271653,0.5926873260837892,0.6302942518200089,0.0,0.0
8,dev,1588091,12620,83,iter2_multistep_eval,pd_d192_k10_eval,False,29,30,0.03333333333333333,-0.06528288987774906,1.7138859932884936,0.8371279872496069,0.6302942518200089,0.0,0.0
8,dev,1588091,12620,83,pd_d192_k10_eval,pd_d192_k3_eval,False,0,30,0.5333333333333333,0.6533078233384672,0.8263807700775664,2.3096488051100565,2.3459111582724863,0.0,0.0
8,dev,1588091,12620,83,pd_d192_k10_eval,iter2_multistep_eval,False,0,30,0.7,0.8412699247348483,0.5732336285833698,2.4206968270260467,2.3459111582724863,0.0,0.0
8,dev,1588091,12620,83,pd_d192_k10_eval,pd_d192_k10_eval,True,0,30,0.6666666666666666,0.7894578646878955,0.6584330071319672,2.410983627614086,2.3459111582724863,0.0,0.0
8,dev,1588091,12620,83,pd_d192_k10_eval,pd_d192_k3_eval,False,1,30,0.6,0.6941466315757583,0.7339497927592578,1.9910319953581768,2.3776323929897103,0.0,0.0
8,dev,1588091,12620,83,pd_d192_k10_eval,iter2_multistep_eval,False,1,30,0.7666666666666667,0.8894312306200841,0.4572696424924176,2.1469431593991044,2.3776323929897103,0.0,0.0
8,dev,1588091,12620,83,pd_d192_k10_eval,pd_d192_k10_eval,True,1,30,0.8,0.8830508389184011,0.46955536367325956,2.137983847781513,2.3776323929897103,0.0,0.0
8,dev,1588091,12620,83,pd_d192_k10_eval,pd_d192_k3_eval,False,2,30,0.5666666666666667,0.7636234472571987,0.7100266621127925,2.4284511614035327,2.2931135162268177,0.0,0.0
8,dev,1588091,12620,83,pd_d192_k10_eval,iter2_multistep_eval,False,2,30,0.5666666666666667,0.7137155702062664,0.7919213201905798,2.483933293988681,2.2931135162268177,0.0,0.0
8,dev,1588091,12620,83,pd_d192_k10_eval,pd_d192_k10_eval,True,2,30,0.7666666666666667,0.8684494783718307,0.5060382808458856,2.223944169019596,2.2931135162268177,0.0,0.0
8,dev,1588091,12620,83,pd_d192_k10_eval,pd_d192_k3_eval,False,4,30,0.06666666666666667,0.09940041924481773,1.531390873264838,2.100382725800281,1.6624032841895615,0.0,0.0
8,dev,1588091,12620,83,pd_d192_k10_eval,iter2_multistep_eval,False,4,30,0.23333333333333334,0.1850373564788025,1.3250218812763248,1.785109944167077,1.6624032841895615,0.0,0.0
8,dev,1588091,12620,83,pd_d192_k10_eval,pd_d192_k10_eval,True,4,30,0.43333333333333335,0.47663415431918355,1.0179009790797242,1.6453873805642516,1.6624032841895615,0.0,0.0
8,dev,1588091,12620,83,pd_d192_k10_eval,pd_d192_k3_eval,False,9,30,0.03333333333333333,-0.12340814018945519,1.8781192690853101,1.7622894049215516,1.1979130122976516,0.0,0.0
8,dev,1588091,12620,83,pd_d192_k10_eval,iter2_multistep_eval,False,9,30,0.13333333333333333,-0.03428577709360898,1.5528764296633812,1.3826827424830457,1.1979130122976516,0.0,0.0
8,dev,1588091,12620,83,pd_d192_k10_eval,pd_d192_k10_eval,True,9,30,0.23333333333333334,0.1059100691661851,1.4237047597749855,1.3474216647316462,1.1979130122976516,0.0,0.0
8,dev,1588091,12620,83,pd_d192_k10_eval,pd_d192_k3_eval,False,19,30,0.5333333333333333,0.6393348693669589,0.834657788872204,1.2770403122013,1.3247406614693706,0.03333333333333333,0.03333333333333333
8,dev,1588091,12620,83,pd_d192_k10_eval,iter2_multistep_eval,False,19,30,0.1,0.20844888063771672,1.1791452995794747,1.1486959787477744,1.3247406614693706,0.03333333333333333,0.03333333333333333
8,dev,1588091,12620,83,pd_d192_k10_eval,pd_d192_k10_eval,True,19,30,0.06666666666666667,0.19090693611744047,1.088469593931847,0.8759691549423877,1.3247406614693706,0.0,0.03333333333333333
8,dev,1588091,12620,83,pd_d192_k10_eval,pd_d192_k3_eval,False,29,30,0.23333333333333334,-0.0922380211742462,1.2760086021063213,0.6528444585217934,0.925101376510233,0.0,0.0
8,dev,1588091,12620,83,pd_d192_k10_eval,iter2_multistep_eval,False,29,30,0.03333333333333333,-0.17048021266097332,1.432296781510334,0.8039213108529601,0.925101376510233,0.0,0.0
8,dev,1588091,12620,83,pd_d192_k10_eval,pd_d192_k10_eval,True,29,30,0.1,0.08832961492888325,1.1128733484725777,0.5408188462097472,0.925101376510233,0.0,0.0
9,test,1901402,15145,80,pd_d192_k3_eval,pd_d192_k3_eval,True,0,30,0.36666666666666664,0.5701226229452816,0.9141784965726774,2.2998085778120196,2.3683140702140393,0.0,0.0
9,test,1901402,15145,80,pd_d192_k3_eval,iter2_multistep_eval,False,0,30,0.03333333333333333,0.0007894048189089245,1.267101112888595,1.844816416822889,2.3683140702140393,0.0,0.0
9,test,1901402,15145,80,pd_d192_k3_eval,pd_d192_k10_eval,False,0,30,0.0,-0.12154001958377995,1.3916795504226525,2.022377090452086,2.3683140702140393,0.0,0.0
9,test,1901402,15145,80,pd_d192_k3_eval,pd_d192_k3_eval,True,1,30,0.16666666666666666,0.2271208212916635,1.197037653894171,2.032255923972432,2.2013910893849835,0.0,0.0
9,test,1901402,15145,80,pd_d192_k3_eval,iter2_multistep_eval,False,1,30,0.0,-0.2897362842333748,1.5889036321308145,2.154181463329572,2.2013910893849835,0.0,0.0
9,test,1901402,15145,80,pd_d192_k3_eval,pd_d192_k10_eval,False,1,30,0.0,-0.344721159445017,1.6323586569698536,2.180982268205408,2.2013910893849835,0.0,0.0
9,test,1901402,15145,80,pd_d192_k3_eval,pd_d192_k3_eval,True,2,30,0.03333333333333333,0.12509061339200347,1.205546742551674,1.7701927180603392,2.1856403115636187,0.0,0.0
9,test,1901402,15145,80,pd_d192_k3_eval,iter2_multistep_eval,False,2,30,0.0,-0.5984016143849776,1.8539779123584674,2.346326434837981,2.1856403115636187,0.0,0.0
9,test,1901402,15145,80,pd_d192_k3_eval,pd_d192_k10_eval,False,2,30,0.03333333333333333,-0.542876728451639,1.8073679977932713,2.3113750946457343,2.1856403115636187,0.0,0.0
9,test,1901402,15145,80,pd_d192_k3_eval,pd_d192_k3_eval,True,4,30,0.0,-0.12685816081234205,1.2597713208069656,1.5147428595610495,2.33127826922742,0.0,0.0
9,test,1901402,15145,80,pd_d192_k3_eval,iter2_multistep_eval,False,4,30,0.03333333333333333,-0.36188936568508956,1.550993863743021,2.046129162259557,2.33127826922742,0.0,0.0
9,test,1901402,15145,80,pd_d192_k3_eval,pd_d192_k10_eval,False,4,30,0.06666666666666667,-0.07142365214619567,1.2117803159050535,1.437697125919904,2.33127826922742,0.0,0.0
9,test,1901402,15145,80,pd_d192_k3_eval,pd_d192_k3_eval,True,9,30,0.0,-0.5666869722399931,2.271155245993048,3.4101893597317114,2.2004855302705546,0.0,0.0
9,test,1901402,15145,80,pd_d192_k3_eval,iter2_multistep_eval,False,9,30,0.0,-0.757877731107311,2.2607270665053183,3.0953562917594657,2.2004855302705546,0.0,0.0
9,test,1901402,15145,80,pd_d192_k3_eval,pd_d192_k10_eval,False,9,30,0.1,-0.517018532661351,1.9492928176575801,2.7160178570975266,2.2004855302705546,0.0,0.0
9,test,1901402,15145,80,pd_d192_k3_eval,pd_d192_k3_eval,True,19,30,0.06666666666666667,0.006848053152845057,1.1455698558797538,0.7982109001753439,1.4108768432116308,0.0,0.0
9,test,1901402,15145,80,pd_d192_k3_eval,iter2_multistep_eval,False,19,30,0.5,0.7052171310814831,0.7387529805674472,1.287836558718131,1.4108768432116308,0.0,0.0
9,test,1901402,15145,80,pd_d192_k3_eval,pd_d192_k10_eval,False,19,30,0.4,0.6470880222882748,0.8295343756945798,1.3741481833716693,1.4108768432116308,0.0,0.0
9,test,1901402,15145,80,pd_d192_k3_eval,pd_d192_k3_eval,True,29,30,0.06666666666666667,0.3238421693420457,1.0289339300738718,0.672028922254143,0.9227479209834338,0.0,0.0
9,test,1901402,15145,80,pd_d192_k3_eval,iter2_multistep_eval,False,29,30,0.6,0.8449199365460294,0.5831006343621373,0.9938688669968734,0.9227479209834338,0.0,0.0
9,test,1901402,15145,80,pd_d192_k3_eval,pd_d192_k10_eval,False,29,30,0.43333333333333335,0.6858317934506678,0.8584698504056829,1.0530151333849944,0.9227479209834338,0.0,0.0
9,test,1901402,15145,80,iter2_multistep_eval,pd_d192_k3_eval,False,0,30,0.36666666666666664,0.5701226229452816,0.9141784965726774,2.2998085778120196,2.3683140702140393,0.0,0.0
9,test,1901402,15145,80,iter2_multistep_eval,iter2_multistep_eval,True,0,30,0.03333333333333333,0.0007894048189089245,1.267101112888595,1.844816416822889,2.3683140702140393,0.0,0.0
9,test,1901402,15145,80,iter2_multistep_eval,pd_d192_k10_eval,False,0,30,0.0,-0.12154001958377995,1.3916795504226525,2.022377090452086,2.3683140702140393,0.0,0.0
9,test,1901402,15145,80,iter2_multistep_eval,pd_d192_k3_eval,False,1,30,0.23333333333333334,0.41134371558884586,1.047714270406139,2.000432416131551,2.155694293223066,0.0,0.0
9,test,1901402,15145,80,iter2_multistep_eval,iter2_multistep_eval,True,1,30,0.06666666666666667,0.045494410116426395,1.2504961385365612,1.7195931598821055,2.155694293223066,0.0,0.0
9,test,1901402,15145,80,iter2_multistep_eval,pd_d192_k10_eval,False,1,30,0.1,0.06312254392018335,1.252761491866696,1.768427216556786,2.155694293223066,0.0,0.0
9,test,1901402,15145,80,iter2_multistep_eval,pd_d192_k3_eval,False,2,30,0.16666666666666666,0.43955689350836896,1.0346763346395536,1.8689260643030914,1.9608140628846809,0.0,0.0
9,test,1901402,15145,80,iter2_multistep_eval,iter2_multistep_eval,True,2,30,0.06666666666666667,0.044326922638009914,1.2228602096306387,1.4697453908468514,1.9608140628846809,0.0,0.0
9,test,1901402,15145,80,iter2_multistep_eval,pd_d192_k10_eval,False,2,30,0.06666666666666667,-0.06402336657681457,1.2643094646108004,1.3965608613971137,1.9608140628846809,0.0,0.0
9,test,1901402,15145,80,iter2_multistep_eval,pd_d192_k3_eval,False,4,30,0.2,0.5520009329018352,0.9044794718295228,1.8805067359617875,2.083866410482509,0.0,0.0
9,test,1901402,15145,80,iter2_multistep_eval,iter2_multistep_eval,True,4,30,0.03333333333333333,0.04952845562623194,1.1389509326738232,1.2439487273332,2.083866410482509,0.0,0.0
9,test,1901402,15145,80,iter2_multistep_eval,pd_d192_k10_eval,False,4,30,0.0,-0.1190036126999221,1.286534069348146,1.456879722309116,2.083866410482509,0.0,0.0
9,test,1901402,15145,80,iter2_multistep_eval,pd_d192_k3_eval,False,9,30,0.13333333333333333,0.1895633771792893,1.1265716764989808,1.2379991133427484,1.6686419630936637,0.0,0.0
9,test,1901402,15145,80,iter2_multistep_eval,iter2_multistep_eval,True,9,30,0.23333333333333334,0.08978123927405911,1.1633044993270787,1.1528567718157179,1.6686419630936637,0.0,0.0
9,test,1901402,15145,80,iter2_multistep_eval,pd_d192_k10_eval,False,9,30,0.23333333333333334,0.04965034073836261,1.3348463608821473,1.5605909963137985,1.6686419630936637,0.0,0.0
9,test,1901402,15145,80,iter2_multistep_eval,pd_d192_k3_eval,False,19,30,0.43333333333333335,0.543108854583896,0.9680406749439489,0.9798856467356785,0.956130328257324,0.0,0.0
9,test,1901402,15145,80,iter2_multistep_eval,iter2_multistep_eval,True,19,30,0.43333333333333335,0.6021639061682462,0.850397025614513,0.8557749946591593,0.956130328257324,0.0,0.0
9,test,1901402,15145,80,iter2_multistep_eval,pd_d192_k10_eval,False,19,30,0.1,0.09617481582463207,1.7225491027356639,1.4361351473559683,0.956130328257324,0.0,0.0
9,test,1901402,15145,80,iter2_multistep_eval,pd_d192_k3_eval,False,29,30,0.23333333333333334,0.3560917801511892,1.0394519606920385,0.538149651213093,0.663275308763349,0.0,0.0
9,test,1901402,15145,80,iter2_multistep_eval,iter2_multistep_eval,True,29,30,0.5,0.3477262497472302,1.0076924123859414,0.4755634031090639,0.663275308763349,0.0,0.0
9,test,1901402,15145,80,iter2_multistep_eval,pd_d192_k10_eval,False,29,30,0.03333333333333333,0.04520096618756519,1.7277277828319413,0.9649604414315663,0.663275308763349,0.0,0.0
9,test,1901402,15145,80,pd_d192_k10_eval,pd_d192_k3_eval,False,0,30,0.36666666666666664,0.5701226229452816,0.9141784965726774,2.2998085778120196,2.3683140702140393,0.0,0.0
9,test,1901402,15145,80,pd_d192_k10_eval,iter2_multistep_eval,False,0,30,0.03333333333333333,0.0007894048189089245,1.267101112888595,1.844816416822889,2.3683140702140393,0.0,0.0
9,test,1901402,15145,80,pd_d192_k10_eval,pd_d192_k10_eval,True,0,30,0.0,-0.12154001958377995,1.3916795504226525,2.022377090452086,2.3683140702140393,0.0,0.0
9,test,1901402,15145,80,pd_d192_k10_eval,pd_d192_k3_eval,False,1,30,0.3,0.5483982203821154,0.9316006095217669,2.125024872944676,2.2158012722631764,0.0,0.0
9,test,1901402,15145,80,pd_d192_k10_eval,iter2_multistep_eval,False,1,30,0.1,0.08179090745566353,1.2156161294514074,1.7234242351231523,2.2158012722631764,0.0,0.0
9,test,1901402,15145,80,pd_d192_k10_eval,pd_d192_k10_eval,True,1,30,0.03333333333333333,0.08838043111624966,1.1697762386193185,1.5548759023367649,2.2158012722631764,0.0,0.0
9,test,1901402,15145,80,pd_d192_k10_eval,pd_d192_k3_eval,False,2,30,0.3,0.5539307235717927,0.9455013960676267,2.342304837026019,2.337509680516876,0.0,0.0
9,test,1901402,15145,80,pd_d192_k10_eval,iter2_multistep_eval,False,2,30,0.03333333333333333,0.1852660297299375,1.1086625531865064,1.632857651851916,2.337509680516876,0.0,0.0
9,test,1901402,15145,80,pd_d192_k10_eval,pd_d192_k10_eval,True,2,30,0.03333333333333333,0.14584817729711816,1.1425054139394395,1.6767634427265703,2.337509680516876,0.0,0.0
9,test,1901402,15145,80,pd_d192_k10_eval,pd_d192_k3_eval,False,4,30,0.3333333333333333,0.7301593825614572,0.7214511138312248,2.2053698529280386,2.293130519033609,0.0,0.0
9,test,1901402,15145,80,pd_d192_k10_eval,iter2_multistep_eval,False,4,30,0.06666666666666667,0.08904077322451394,1.1474594378634921,1.5106456503779244,2.293130519033609,0.0,0.0
9,test,1901402,15145,80,pd_d192_k10_eval,pd_d192_k10_eval,True,4,30,0.16666666666666666,0.05941432870577576,1.1777531072304193,1.569465040890164,2.293130519033609,0.0,0.0
9,test,1901402,15145,80,pd_d192_k10_eval,pd_d192_k3_eval,False,9,30,0.3333333333333333,0.634211336962702,0.8402770161550692,1.4119203625709236,1.4657347976134067,0.0,0.0
9,test,1901402,15145,80,pd_d192_k10_eval,iter2_multistep_eval,False,9,30,0.1,0.3172765583754162,1.0609894938520552,1.1624052215721559,1.4657347976134067,0.0,0.0
9,test,1901402,15145,80,pd_d192_k10_eval,pd_d192_k10_eval,True,9,30,0.16666666666666666,0.13761452588307485,1.1667268204079595,1.105470953241141,1.4657347976134067,0.0,0.0
9,test,1901402,15145,80,pd_d192_k10_eval,pd_d192_k3_eval,False,19,30,0.23333333333333334,0.3285190348244994,1.1250062406985686,0.9838330076170116,1.0469452864145328,0.0,0.0
9,test,1901402,15145,80,pd_d192_k10_eval,iter2_multistep_eval,False,19,30,0.13333333333333333,0.3269755753156377,1.129339458614599,0.9896736080422366,1.0469452864145328,0.0,0.0
9,test,1901402,15145,80,pd_d192_k10_eval,pd_d192_k10_eval,True,19,30,0.06666666666666667,-0.06874352501231777,1.188663291412954,0.6046233763164784,1.0469452864145328,0.0,0.0
9,test,1901402,15145,80,pd_d192_k10_eval,pd_d192_k3_eval,False,29,30,0.4,0.6434192906688434,0.8860372100204443,0.686210966367101,0.6297998854151658,0.0,0.0
9,test,1901402,15145,80,pd_d192_k10_eval,iter2_multistep_eval,False,29,30,0.13333333333333333,0.3375811428530115,1.1678159875773946,0.6479252294083686,0.6297998854151658,0.0,0.0
9,test,1901402,15145,80,pd_d192_k10_eval,pd_d192_k10_eval,True,29,30,0.06666666666666667,0.28688181751440933,1.0358077154387972,0.42878955766666677,0.6297998854151658,0.0,0.0
10,dev,1952199,15647,50,pd_d192_k3_eval,pd_d192_k3_eval,True,0,30,0.7333333333333333,0.8440063138608865,0.5794245254129277,2.1239003475444207,1.9975051065459384,0.5,0.7333333333333333
10,dev,1952199,15647,50,pd_d192_k3_eval,iter2_multistep_eval,False,0,30,0.8,0.893851579149248,0.4552549286764855,1.9431077078841197,1.9975051065459384,0.5333333333333333,0.7333333333333333
10,dev,1952199,15647,50,pd_d192_k3_eval,pd_d192_k10_eval,False,0,30,0.7666666666666667,0.8561549292744977,0.531057992782703,1.9550117086074803,1.9975051065459384,0.5333333333333333,0.7333333333333333
10,dev,1952199,15647,50,pd_d192_k3_eval,pd_d192_k3_eval,True,1,30,0.23333333333333334,0.010972475125280875,1.3222998447536445,1.4041303297542345,1.6025452449076254,0.9,1.0
10,dev,1952199,15647,50,pd_d192_k3_eval,iter2_multistep_eval,False,1,30,0.26666666666666666,0.24164907245203046,1.1368398084121303,1.3364137042788458,1.6025452449076254,0.9333333333333333,1.0
10,dev,1952199,15647,50,pd_d192_k3_eval,pd_d192_k10_eval,False,1,30,0.26666666666666666,0.2148012735908511,1.1569162326398426,1.3380584780097864,1.6025452449076254,0.9333333333333333,1.0
10,dev,1952199,15647,50,pd_d192_k3_eval,pd_d192_k3_eval,True,2,30,0.3333333333333333,0.46640607251540706,1.0240556596063264,1.5698104282659315,1.5979736542390361,0.9333333333333333,1.0
10,dev,1952199,15647,50,pd_d192_k3_eval,iter2_multistep_eval,False,2,30,0.3,0.4093446828535068,1.0849392671438718,1.5922513499396873,1.5979736542390361,0.9,1.0
10,dev,1952199,15647,50,pd_d192_k3_eval,pd_d192_k10_eval,False,2,30,0.3333333333333333,0.4731333832485408,1.0067253482370273,1.5345665935992898,1.5979736542390361,0.8333333333333334,1.0
10,dev,1952199,15647,50,pd_d192_k3_eval,pd_d192_k3_eval,True,4,30,0.2,0.3135344830853829,1.186173163516876,1.546544372760579,1.5097273473586241,0.9666666666666667,1.0
10,dev,1952199,15647,50,pd_d192_k3_eval,iter2_multistep_eval,False,4,30,0.23333333333333334,0.12705291797467655,1.232568408057194,1.2964646431715203,1.5097273473586241,1.0,1.0
10,dev,1952199,15647,50,pd_d192_k3_eval,pd_d192_k10_eval,False,4,30,0.26666666666666666,-0.04191658576381289,1.3748490249695275,1.3625642225737102,1.5097273473586241,1.0,1.0
10,dev,1952199,15647,50,pd_d192_k3_eval,pd_d192_k3_eval,True,9,30,0.13333333333333333,-0.0882467949463524,1.502627738100493,1.2674356428955602,1.2224771039571334,1.0,1.0
10,dev,1952199,15647,50,pd_d192_k3_eval,iter2_multistep_eval,False,9,30,0.16666666666666666,0.07570084224168463,1.3206337678319842,1.1511005459733432,1.2224771039571334,1.0,1.0
10,dev,1952199,15647,50,pd_d192_k3_eval,pd_d192_k10_eval,False,9,30,0.2,0.07845553078444809,1.2565969752840966,1.0310780906983457,1.2224771039571334,1.0,1.0
10,dev,1952199,15647,50,pd_d192_k3_eval,pd_d192_k3_eval,True,19,30,0.16666666666666666,0.28347391666921734,1.1865512767050088,0.829862113242134,0.8448747333822871,1.0,1.0
10,dev,1952199,15647,50,pd_d192_k3_eval,iter2_multistep_eval,False,19,30,0.16666666666666666,0.5075545368286956,1.0098573845055199,0.8738240716817137,0.8448747333822871,1.0,1.0
10,dev,1952199,15647,50,pd_d192_k3_eval,pd_d192_k10_eval,False,19,30,0.23333333333333334,0.45819692393976086,1.0119226820847054,0.7957554321823316,0.8448747333822871,1.0,1.0
10,dev,1952199,15647,50,pd_d192_k3_eval,pd_d192_k3_eval,True,29,30,0.36666666666666664,0.4496058040251605,1.0262166610767522,0.5310009352074154,0.5561125442258035,1.0,1.0
10,dev,1952199,15647,50,pd_d192_k3_eval,iter2_multistep_eval,False,29,30,0.16666666666666666,0.3188914362314193,1.272925586028453,0.6498818407349609,0.5561125442258035,1.0,1.0
10,dev,1952199,15647,50,pd_d192_k3_eval,pd_d192_k10_eval,False,29,30,0.26666666666666666,0.3520007244710137,1.1308139707496345,0.5486293088894452,0.5561125442258035,1.0,1.0
10,dev,1952199,15647,50,iter2_multistep_eval,pd_d192_k3_eval,False,0,30,0.7333333333333333,0.8440063138608865,0.5794245254129277,2.1239003475444207,1.9975051065459384,0.5,0.7333333333333333
10,dev,1952199,15647,50,iter2_multistep_eval,iter2_multistep_eval,True,0,30,0.8,0.893851579149248,0.4552549286764855,1.9431077078841197,1.9975051065459384,0.5333333333333333,0.7333333333333333
10,dev,1952199,15647,50,iter2_multistep_eval,pd_d192_k10_eval,False,0,30,0.7666666666666667,0.8561549292744977,0.531057992782703,1.9550117086074803,1.9975051065459384,0.5333333333333333,0.7333333333333333
10,dev,1952199,15647,50,iter2_multistep_eval,pd_d192_k3_eval,False,1,30,0.4,0.48345622344155303,1.015718183948756,1.5283595795198524,1.5304424285960072,0.8,1.0
10,dev,1952199,15647,50,iter2_multistep_eval,iter2_multistep_eval,True,1,30,0.4,0.20156470118634062,1.1404637959715969,1.2025628679584843,1.5304424285960072,0.9,1.0
10,dev,1952199,15647,50,iter2_multistep_eval,pd_d192_k10_eval,False,1,30,0.4,0.2108637826757656,1.1434650674332358,1.2306889752299193,1.5304424285960072,0.9333333333333333,1.0
10,dev,1952199,15647,50,iter2_multistep_eval,pd_d192_k3_eval,False,2,30,0.3333333333333333,0.26680512953620983,1.1636146022131233,1.4683064524095564,1.5979542062849574,0.9333333333333333,1.0
10,dev,1952199,15647,50,iter2_multistep_eval,iter2_multistep_eval,True,2,30,0.26666666666666666,0.3261100833906569,1.1496614005118437,1.5666023429697487,1.5979542062849574,0.8666666666666667,1.0
10,dev,1952199,15647,50,iter2_multistep_eval,pd_d192_k10_eval,False,2,30,0.3,0.3050716696014134,1.186994027005627,1.6196989554039958,1.5979542062849574,0.8333333333333334,1.0
10,dev,1952199,15647,50,iter2_multistep_eval,pd_d192_k3_eval,False,4,30,0.2,-0.017916004840785166,1.258672581343962,1.2575366989450072,1.684214228562534,1.0,1.0
10,dev,1952199,15647,50,iter2_multistep_eval,iter2_multistep_eval,True,4,30,0.26666666666666666,0.0007446319098069656,1.2522143951118498,1.270621530095357,1.684214228562534,1.0,1.0
10,dev,1952199,15647,50,iter2_multistep_eval,pd_d192_k10_eval,False,4,30,0.2,-0.06590934436806148,1.303209798809271,1.3008240490591463,1.684214228562534,1.0,1.0
10,dev,1952199,15647,50,iter2_multistep_eval,pd_d192_k3_eval,False,9,30,0.23333333333333334,0.09379545124048853,1.2963120295295005,1.2016217980244979,1.3004710100822374,0.9666666666666667,1.0
10,dev,1952199,15647,50,iter2_multistep_eval,iter2_multistep_eval,True,9,30,0.3,0.2613663248112824,1.1248727731613568,1.0910844257445886,1.3004710100822374,0.9666666666666667,1.0
10,dev,1952199,15647,50,iter2_multistep_eval,pd_d192_k10_eval,False,9,30,0.3,0.2626302368941629,1.0882419346425032,0.995985130446792,1.3004710100822374,1.0,1.0
10,dev,1952199,15647,50,iter2_multistep_eval,pd_d192_k3_eval,False,19,30,0.13333333333333333,0.10711497031802936,1.2845231422634353,0.6763687207385926,0.7348438694758491,1.0,1.0
10,dev,1952199,15647,50,iter2_multistep_eval,iter2_multistep_eval,True,19,30,0.1,0.12920119475427058,1.2774664162463962,0.6867605171905201,0.7348438694758491,1.0,1.0
10,dev,1952199,15647,50,iter2_multistep_eval,pd_d192_k10_eval,False,19,30,0.06666666666666667,0.057418866120647914,1.3090473326017094,0.6643866205416867,0.7348438694758491,1.0,1.0
10,dev,1952199,15647,50,iter2_multistep_eval,pd_d192_k3_eval,False,29,30,0.26666666666666666,0.07777540584049547,1.6118203195663097,0.5580498462903422,0.41513162845270024,1.0,1.0
10,dev,1952199,15647,50,iter2_multistep_eval,iter2_multistep_eval,True,29,30,0.2,0.029104632955084492,1.3615865086543917,0.39588595896456086,0.41513162845270024,1.0,1.0
10,dev,1952199,15647,50,iter2_multistep_eval,pd_d192_k10_eval,False,29,30,0.13333333333333333,-0.07112533860186243,1.4068706635634267,0.3823427551768446,0.41513162845270024,1.0,1.0
10,dev,1952199,15647,50,pd_d192_k10_eval,pd_d192_k3_eval,False,0,30,0.7333333333333333,0.8440063138608865,0.5794245254129277,2.1239003475444207,1.9975051065459384,0.5,0.7333333333333333
10,dev,1952199,15647,50,pd_d192_k10_eval,iter2_multistep_eval,False,0,30,0.8,0.893851579149248,0.4552549286764855,1.9431077078841197,1.9975051065459384,0.5333333333333333,0.7333333333333333
10,dev,1952199,15647,50,pd_d192_k10_eval,pd_d192_k10_eval,True,0,30,0.7666666666666667,0.8561549292744977,0.531057992782703,1.9550117086074803,1.9975051065459384,0.5333333333333333,0.7333333333333333
10,dev,1952199,15647,50,pd_d192_k10_eval,pd_d192_k3_eval,False,1,30,0.3333333333333333,0.42083851185740473,1.0531347082920213,1.6223226982768286,1.6973221716962184,0.8333333333333334,1.0
10,dev,1952199,15647,50,pd_d192_k10_eval,iter2_multistep_eval,False,1,30,0.3,0.15989074897902755,1.1404885255866708,1.2409109325121614,1.6973221716962184,0.9666666666666667,1.0
10,dev,1952199,15647,50,pd_d192_k10_eval,pd_d192_k10_eval,True,1,30,0.3,0.2330991032171495,1.1499104813536032,1.4372931290106148,1.6973221716962184,0.8666666666666667,1.0
10,dev,1952199,15647,50,pd_d192_k10_eval,pd_d192_k3_eval,False,2,30,0.3,0.29236336989576467,1.2066546176100137,1.6046784391975473,1.5606303190494515,0.9333333333333333,1.0
10,dev,1952199,15647,50,pd_d192_k10_eval,iter2_multistep_eval,False,2,30,0.23333333333333334,0.3539765333962614,1.1263064506814933,1.5318580147902439,1.5606303190494515,0.8333333333333334,1.0
10,dev,1952199,15647,50,pd_d192_k10_eval,pd_d192_k10_eval,True,2,30,0.3,0.3191940631490103,1.1429302499335863,1.4952076772782181,1.5606303190494515,0.9,1.0
10,dev,1952199,15647,50,pd_d192_k10_eval,pd_d192_k3_eval,False,4,30,0.16666666666666666,0.0919062742833677,1.171574885523999,1.1479018559387486,1.6186184906692163,0.9666666666666667,1.0
10,dev,1952199,15647,50,pd_d192_k10_eval,iter2_multistep_eval,False,4,30,0.13333333333333333,0.18434754119885355,1.204429935171799,1.4252019964280478,1.6186184906692163,1.0,1.0
10,dev,1952199,15647,50,pd_d192_k10_eval,pd_d192_k10_eval,True,4,30,0.2,0.1586245063510533,1.2072474468636079,1.381206873419507,1.6186184906692163,1.0,1.0
10,dev,1952199,15647,50,pd_d192_k10_eval,pd_d192_k3_eval,False,9,30,0.23333333333333334,0.06668330882498476,1.3194266584824934,1.1579284369674896,1.2450706466263246,1.0,1.0
10,dev,1952199,15647,50,pd_d192_k10_eval,iter2_multistep_eval,False,9,30,0.2,0.11581567216445116,1.1759278697264473,0.9279205991108617,1.2450706466263246,1.0,1.0
10,dev,1952199,15647,50,pd_d192_k10_eval,pd_d192_k10_eval,True,9,30,0.16666666666666666,0.11262493931265882,1.1502478291499412,0.8616737508562827,1.2450706466263246,1.0,1.0
10,dev,1952199,15647,50,pd_d192_k10_eval,pd_d192_k3_eval,False,19,30,0.23333333333333334,0.057723677816891875,1.2500464207348618,0.6892416086042098,0.8508957289430198,1.0,1.0
10,dev,1952199,15647,50,pd_d192_k10_eval,iter2_multistep_eval,False,19,30,0.2,0.04056688767252994,1.3076812412193133,0.752341363467392,0.8508957289430198,1.0,1.0
10,dev,1952199,15647,50,pd_d192_k10_eval,pd_d192_k10_eval,True,19,30,0.23333333333333334,0.046080632471462664,1.2861165803323087,0.728498003611178,0.8508957289430198,1.0,1.0
10,dev,1952199,15647,50,pd_d192_k10_eval,pd_d192_k3_eval,False,29,30,0.16666666666666666,0.3066983351971611,1.2285883301083942,0.5775694464740817,0.5330361162707269,1.0,1.0
10,dev,1952199,15647,50,pd_d192_k10_eval,iter2_multistep_eval,False,29,30,0.1,0.10811935365555025,1.2682168785009524,0.47736618780610335,0.5330361162707269,1.0,1.0
10,dev,1952199,15647,50,pd_d192_k10_eval,pd_d192_k10_eval,True,29,30,0.13333333333333333,0.04132977863333732,1.3046699592635023,0.4692319539200366,0.5330361162707269,1.0,1.0
11,test,2159639,17227,46,pd_d192_k3_eval,pd_d192_k3_eval,True,0,30,0.6333333333333333,0.7917908190000927,0.6256360601922636,2.1055678384254803,2.2707299951726934,0.03333333333333333,0.03333333333333333
11,test,2159639,17227,46,pd_d192_k3_eval,iter2_multistep_eval,False,0,30,0.8333333333333334,0.9180935407341227,0.40395264708734113,2.261706440789744,2.2707299951726934,0.03333333333333333,0.03333333333333333
11,test,2159639,17227,46,pd_d192_k3_eval,pd_d192_k10_eval,False,0,30,0.7,0.7647635533769398,0.6521696490623596,1.9657752027390603,2.2707299951726934,0.03333333333333333,0.03333333333333333
11,test,2159639,17227,46,pd_d192_k3_eval,pd_d192_k3_eval,True,1,30,0.4666666666666667,0.619935200931228,0.8192946536662461,1.7667306570083874,2.064772119092574,0.03333333333333333,0.13333333333333333
11,test,2159639,17227,46,pd_d192_k3_eval,iter2_multistep_eval,False,1,30,0.6,0.7788936426263924,0.6807346717603011,2.154817806195156,2.064772119092574,0.06666666666666667,0.13333333333333333
11,test,2159639,17227,46,pd_d192_k3_eval,pd_d192_k10_eval,False,1,30,0.5333333333333333,0.6947150136316842,0.7490950526713042,1.8664165553966376,2.064772119092574,0.0,0.13333333333333333
11,test,2159639,17227,46,pd_d192_k3_eval,pd_d192_k3_eval,True,2,30,0.3,0.3257671419111765,1.1065320650620976,1.5965967505361542,1.7726354008548815,0.23333333333333334,0.8333333333333334
11,test,2159639,17227,46,pd_d192_k3_eval,iter2_multistep_eval,False,2,30,0.36666666666666664,0.44007981889715647,1.017300176712981,1.6275800440022303,1.7726354008548815,0.3,0.8333333333333334
11,test,2159639,17227,46,pd_d192_k3_eval,pd_d192_k10_eval,False,2,30,0.43333333333333335,0.4825881463897769,0.9690346512911847,1.5904437214727403,1.7726354008548815,0.3333333333333333,0.8333333333333334
11,test,2159639,17227,46,pd_d192_k3_eval,pd_d192_k3_eval,True,4,30,0.4,0.4987374714910431,0.9577320611526484,1.552637085755207,1.7134326506587354,0.36666666666666664,0.9666666666666667
11,test,2159639,17227,46,pd_d192_k3_eval,iter2_multistep_eval,False,4,30,0.26666666666666666,0.31238970154160384,1.1050865774519538,1.5027090821906264,1.7134326506587354,0.3,0.9666666666666667
11,test,2159639,17227,46,pd_d192_k3_eval,pd_d192_k10_eval,False,4,30,0.4666666666666667,0.46638792623794717,0.9486798105508418,1.386487115678498,1.7134326506587354,0.43333333333333335,0.9666666666666667
11,test,2159639,17227,46,pd_d192_k3_eval,pd_d192_k3_eval,True,9,30,0.3333333333333333,0.14705016775297836,1.314527801782121,1.3130247803464947,1.2963681387456256,0.4666666666666667,1.0
11,test,2159639,17227,46,pd_d192_k3_eval,iter2_multistep_eval,False,9,30,0.23333333333333334,0.05697865718447078,1.2570539711264193,1.064065935285605,1.2963681387456256,0.3333333333333333,1.0
11,test,2159639,17227,46,pd_d192_k3_eval,pd_d192_k10_eval,False,9,30,0.3,0.16370095635021195,1.321919648967991,1.3529245846467233,1.2963681387456256,0.5666666666666667,1.0
11,test,2159639,17227,46,pd_d192_k3_eval,pd_d192_k3_eval,True,19,30,0.3,0.4104299374597781,0.9753795321320511,0.6908600192682459,0.913138763997021,0.6333333333333333,1.0
11,test,2159639,17227,46,pd_d192_k3_eval,iter2_multistep_eval,False,19,30,0.16666666666666666,0.1157361006522779,1.3692600090341458,0.9662977870693658,0.913138763997021,0.3333333333333333,1.0
11,test,2159639,17227,46,pd_d192_k3_eval,pd_d192_k10_eval,False,19,30,0.3333333333333333,0.04632830582501407,1.3905356383899248,0.9256146310743204,0.913138763997021,0.5333333333333333,1.0
11,test,2159639,17227,46,pd_d192_k3_eval,pd_d192_k3_eval,True,29,30,0.4,0.33755547879409586,1.1005864085601027,0.4719255631711249,0.519828536171156,0.8333333333333334,1.0
11,test,2159639,17227,46,pd_d192_k3_eval,iter2_multistep_eval,False,29,30,0.3,0.11843258333409444,1.4096998486538426,0.5817257409094867,0.519828536171156,0.6666666666666666,1.0
11,test,2159639,17227,46,pd_d192_k3_eval,pd_d192_k10_eval,False,29,30,0.26666666666666666,0.07784128394433468,1.4015414492288603,0.552535520377886,0.519828536171156,0.7666666666666667,1.0
11,test,2159639,17227,46,iter2_multistep_eval,pd_d192_k3_eval,False,0,30,0.6333333333333333,0.7917908190000927,0.6256360601922636,2.1055678384254803,2.2707299951726934,0.03333333333333333,0.03333333333333333
11,test,2159639,17227,46,iter2_multistep_eval,iter2_multistep_eval,True,0,30,0.8333333333333334,0.9180935407341227,0.40395264708734113,2.261706440789744,2.2707299951726934,0.03333333333333333,0.03333333333333333
11,test,2159639,17227,46,iter2_multistep_eval,pd_d192_k10_eval,False,0,30,0.7,0.7647635533769398,0.6521696490623596,1.9657752027390603,2.2707299951726934,0.03333333333333333,0.03333333333333333
11,test,2159639,17227,46,iter2_multistep_eval,pd_d192_k3_eval,False,1,30,0.43333333333333335,0.5477027430316107,0.9293848948611988,1.8575966022563424,1.9505520361463426,0.2,0.4666666666666667
11,test,2159639,17227,46,iter2_multistep_eval,iter2_multistep_eval,True,1,30,0.43333333333333335,0.5167428730776631,1.0258624107460634,2.110326932591654,1.9505520361463426,0.1,0.4666666666666667
11,test,2159639,17227,46,iter2_multistep_eval,pd_d192_k10_eval,False,1,30,0.5666666666666667,0.6766687692439969,0.7772306481968593,1.8054362385328644,1.9505520361463426,0.16666666666666666,0.4666666666666667
11,test,2159639,17227,46,iter2_multistep_eval,pd_d192_k3_eval,False,2,30,0.3333333333333333,0.06707505698187946,1.2339188425790069,1.300504286054263,1.6398552037972975,0.1,0.6333333333333333
11,test,2159639,17227,46,iter2_multistep_eval,iter2_multistep_eval,True,2,30,0.36666666666666664,0.37709867244621276,1.0210347401341526,1.323172776579752,1.6398552037972975,0.06666666666666667,0.6333333333333333
11,test,2159639,17227,46,iter2_multistep_eval,pd_d192_k10_eval,False,2,30,0.4666666666666667,0.42566492902386405,0.9366892737440811,1.094919299254192,1.6398552037972975,0.1,0.6333333333333333
11,test,2159639,17227,46,iter2_multistep_eval,pd_d192_k3_eval,False,4,30,0.3333333333333333,0.35759214101305026,1.21860062355294,1.8495588274519505,1.6217860315022525,0.16666666666666666,0.7333333333333333
11,test,2159639,17227,46,iter2_multistep_eval,iter2_multistep_eval,True,4,30,0.4,0.45290415832783804,1.0859792948939553,1.740116717533971,1.6217860315022525,0.13333333333333333,0.7333333333333333
11,test,2159639,17227,46,iter2_multistep_eval,pd_d192_k10_eval,False,4,30,0.36666666666666664,0.3186447803164569,1.165803225552845,1.6174774040111912,1.6217860315022525,0.1,0.7333333333333333
11,test,2159639,17227,46,iter2_multistep_eval,pd_d192_k3_eval,False,9,30,0.26666666666666666,0.1057124493435787,1.3381141826833958,1.531776037264007,1.5300879660540088,0.3333333333333333,0.7333333333333333
11,test,2159639,17227,46,iter2_multistep_eval,iter2_multistep_eval,True,9,30,0.3,0.288502280258559,1.0369317447496944,1.050518451704212,1.5300879660540088,0.13333333333333333,0.7333333333333333
11,test,2159639,17227,46,iter2_multistep_eval,pd_d192_k10_eval,False,9,30,0.3,0.32705320410744926,1.0223666781316736,1.0973455577281919,1.5300879660540088,0.3333333333333333,0.7333333333333333
11,test,2159639,17227,46,iter2_multistep_eval,pd_d192_k3_eval,False,19,30,0.3,0.46524259093888176,1.1367964193416316,1.1147180030798094,0.9458670516479413,0.43333333333333335,0.9
11,test,2159639,17227,46,iter2_multistep_eval,iter2_multistep_eval,True,19,30,0.3,0.5304908024594952,0.9585665945719616,0.9250642389700156,0.9458670516479413,0.4,0.9
11,test,2159639,17227,46,iter2_multistep_eval,pd_d192_k10_eval,False,19,30,0.1,0.45745872901450824,1.1048899213130257,1.0529778670785794,0.9458670516479413,0.36666666666666664,0.9
11,test,2159639,17227,46,iter2_multistep_eval,pd_d192_k3_eval,False,29,30,0.2,0.006064601044279005,1.3881108049459019,0.5929181957433322,0.6120035074827269,0.4,1.0
11,test,2159639,17227,46,iter2_multistep_eval,iter2_multistep_eval,True,29,30,0.23333333333333334,-0.014751234866051847,1.2553414809667423,0.4554904473397136,0.6120035074827269,0.5666666666666667,1.0
11,test,2159639,17227,46,iter2_multistep_eval,pd_d192_k10_eval,False,29,30,0.3,0.046923916535541364,1.4170882654399597,0.6438773363008647,0.6120035074827269,0.4666666666666667,1.0
11,test,2159639,17227,46,pd_d192_k10_eval,pd_d192_k3_eval,False,0,30,0.6333333333333333,0.7917908190000927,0.6256360601922636,2.1055678384254803,2.2707299951726934,0.03333333333333333,0.03333333333333333
11,test,2159639,17227,46,pd_d192_k10_eval,iter2_multistep_eval,False,0,30,0.8333333333333334,0.9180935407341227,0.40395264708734113,2.261706440789744,2.2707299951726934,0.03333333333333333,0.03333333333333333
11,test,2159639,17227,46,pd_d192_k10_eval,pd_d192_k10_eval,True,0,30,0.7,0.7647635533769398,0.6521696490623596,1.9657752027390603,2.2707299951726934,0.03333333333333333,0.03333333333333333
11,test,2159639,17227,46,pd_d192_k10_eval,pd_d192_k3_eval,False,1,30,0.43333333333333335,0.5289526139803911,0.8942139292676509,1.6996664305800266,2.0964140902671073,0.1,0.2
11,test,2159639,17227,46,pd_d192_k10_eval,iter2_multistep_eval,False,1,30,0.5333333333333333,0.6447740496476491,0.8261354716803067,2.0087758421355555,2.0964140902671073,0.13333333333333333,0.2
11,test,2159639,17227,46,pd_d192_k10_eval,pd_d192_k10_eval,True,1,30,0.5333333333333333,0.6054885657334318,0.8394559760752025,1.8291512577263676,2.0964140902671073,0.13333333333333333,0.2
11,test,2159639,17227,46,pd_d192_k10_eval,pd_d192_k3_eval,False,2,30,0.36666666666666664,0.33657823986777197,1.043382841951075,1.3107533933135216,1.6677367316490876,0.26666666666666666,0.7333333333333333
11,test,2159639,17227,46,pd_d192_k10_eval,iter2_multistep_eval,False,2,30,0.43333333333333335,0.49736261497991213,0.9783056869602014,1.5835591318206947,1.6677367316490876,0.2,0.7333333333333333
11,test,2159639,17227,46,pd_d192_k10_eval,pd_d192_k10_eval,True,2,30,0.4,0.349493552582088,1.018766970594023,1.2500243914234013,1.6677367316490876,0.2,0.7333333333333333
11,test,2159639,17227,46,pd_d192_k10_eval,pd_d192_k3_eval,False,4,30,0.4,0.4921666910830215,0.9829533711177623,1.5474457860922988,1.6311172425772749,0.23333333333333334,0.5666666666666667
11,test,2159639,17227,46,pd_d192_k10_eval,iter2_multistep_eval,False,4,30,0.6666666666666666,0.6182975693332475,0.8390980951805163,1.4879019819939443,1.6311172425772749,0.26666666666666666,0.5666666666666667
11,test,2159639,17227,46,pd_d192_k10_eval,pd_d192_k10_eval,True,4,30,0.6,0.7011921931727543,0.7665596005581276,1.6030074493522368,1.6311172425772749,0.2,0.5666666666666667
11,test,2159639,17227,46,pd_d192_k10_eval,pd_d192_k3_eval,False,9,30,0.43333333333333335,0.5052482825398262,0.9995495479675469,1.6076779165685344,1.5923839724297466,0.5,0.9
11,test,2159639,17227,46,pd_d192_k10_eval,iter2_multistep_eval,False,9,30,0.3,0.3561922631656427,1.0022638745613743,1.14443305828544,1.5923839724297466,0.23333333333333334,0.9
11,test,2159639,17227,46,pd_d192_k10_eval,pd_d192_k10_eval,True,9,30,0.3,0.22774073251505245,1.092791040177531,1.1525407177415057,1.5923839724297466,0.26666666666666666,0.9
11,test,2159639,17227,46,pd_d192_k10_eval,pd_d192_k3_eval,False,19,30,0.3333333333333333,0.38437545889342645,1.164023268582672,1.2077513334187793,1.104598315484169,0.4666666666666667,1.0
11,test,2159639,17227,46,pd_d192_k10_eval,iter2_multistep_eval,False,19,30,0.23333333333333334,0.23767763363321398,1.1440240354674438,0.9301413532181667,1.104598315484169,0.3333333333333333,1.0
11,test,2159639,17227,46,pd_d192_k10_eval,pd_d192_k10_eval,True,19,30,0.1,0.2491105266203185,1.0334840886152736,0.6736583407396999,1.104598315484169,0.16666666666666666,1.0
11,test,2159639,17227,46,pd_d192_k10_eval,pd_d192_k3_eval,False,29,30,0.23333333333333334,0.2790013883324249,1.2561650604565815,0.7278324538072091,0.6684650620011703,0.6333333333333333,1.0
11,test,2159639,17227,46,pd_d192_k10_eval,iter2_multistep_eval,False,29,30,0.1,0.21263142284161643,1.242808581038792,0.6555009985270493,0.6684650620011703,0.6666666666666666,1.0
11,test,2159639,17227,46,pd_d192_k10_eval,pd_d192_k10_eval,True,29,30,0.06666666666666667,0.18474491073474764,1.129295731347706,0.4953445117545805,0.6684650620011703,0.3333333333333333,1.0
