strategy,family,generator,selector,selection_space,deployable,tuned_on_dev,state_index,split,dataset_row,episode,start,true,success,selected_step
pd_d192_k3_eval:returned:final,baseline,pd_d192_k3_eval,fixed_step_29,returned_means,True,False,0,dev,245806,2044,46,15.563966752877263,True,29
pd_d192_k3_eval:returned:final,baseline,pd_d192_k3_eval,fixed_step_29,returned_means,True,False,1,test,296763,2520,55,19.55028305928886,True,29
pd_d192_k3_eval:returned:final,baseline,pd_d192_k3_eval,fixed_step_29,returned_means,True,False,2,dev,471147,3828,39,2.092684296215925,True,29
pd_d192_k3_eval:returned:final,baseline,pd_d192_k3_eval,fixed_step_29,returned_means,True,False,3,test,848701,6847,14,208.6569997655305,False,29
pd_d192_k3_eval:returned:final,baseline,pd_d192_k3_eval,fixed_step_29,returned_means,True,False,4,dev,1049810,8454,45,300.2380243798767,False,29
pd_d192_k3_eval:returned:final,baseline,pd_d192_k3_eval,fixed_step_29,returned_means,True,False,5,test,1122504,9098,3,49.11259483739668,False,29
pd_d192_k3_eval:returned:final,baseline,pd_d192_k3_eval,fixed_step_29,returned_means,True,False,6,dev,1160225,9474,0,205.61621987606364,False,29
pd_d192_k3_eval:returned:final,baseline,pd_d192_k3_eval,fixed_step_29,returned_means,True,False,7,test,1208937,9886,77,166.61761686877077,False,29
pd_d192_k3_eval:returned:final,baseline,pd_d192_k3_eval,fixed_step_29,returned_means,True,False,8,dev,1592285,12683,4,19.119813493112364,True,29
pd_d192_k3_eval:returned:final,baseline,pd_d192_k3_eval,fixed_step_29,returned_means,True,False,9,test,1903024,15156,68,14.5130392831485,True,29
pd_d192_k3_eval:returned:final,baseline,pd_d192_k3_eval,fixed_step_29,returned_means,True,False,10,dev,1948264,15612,0,106.00594434598274,False,29
pd_d192_k3_eval:returned:final,baseline,pd_d192_k3_eval,fixed_step_29,returned_means,True,False,11,test,2162198,17247,85,14.67405791142858,True,29
pd_d192_k3_eval:returned:fixed_step_0,fixed_round,pd_d192_k3_eval,fixed_step_0,returned_means,True,False,0,dev,245806,2044,46,279.335601590204,False,0
pd_d192_k3_eval:returned:fixed_step_0,fixed_round,pd_d192_k3_eval,fixed_step_0,returned_means,True,False,1,test,296763,2520,55,87.34554794122208,False,0
pd_d192_k3_eval:returned:fixed_step_0,fixed_round,pd_d192_k3_eval,fixed_step_0,returned_means,True,False,2,dev,471147,3828,39,132.35686134437864,False,0
pd_d192_k3_eval:returned:fixed_step_0,fixed_round,pd_d192_k3_eval,fixed_step_0,returned_means,True,False,3,test,848701,6847,14,247.4123089241018,False,0
pd_d192_k3_eval:returned:fixed_step_0,fixed_round,pd_d192_k3_eval,fixed_step_0,returned_means,True,False,4,dev,1049810,8454,45,214.27642521544146,False,0
pd_d192_k3_eval:returned:fixed_step_0,fixed_round,pd_d192_k3_eval,fixed_step_0,returned_means,True,False,5,test,1122504,9098,3,122.87793706030756,False,0
pd_d192_k3_eval:returned:fixed_step_0,fixed_round,pd_d192_k3_eval,fixed_step_0,returned_means,True,False,6,dev,1160225,9474,0,222.57588447004784,False,0
pd_d192_k3_eval:returned:fixed_step_0,fixed_round,pd_d192_k3_eval,fixed_step_0,returned_means,True,False,7,test,1208937,9886,77,68.65345529612662,False,0
pd_d192_k3_eval:returned:fixed_step_0,fixed_round,pd_d192_k3_eval,fixed_step_0,returned_means,True,False,8,dev,1592285,12683,4,87.14683433534593,False,0
pd_d192_k3_eval:returned:fixed_step_0,fixed_round,pd_d192_k3_eval,fixed_step_0,returned_means,True,False,9,test,1903024,15156,68,92.22163016233279,False,0
pd_d192_k3_eval:returned:fixed_step_0,fixed_round,pd_d192_k3_eval,fixed_step_0,returned_means,True,False,10,dev,1948264,15612,0,90.07893952538313,False,0
pd_d192_k3_eval:returned:fixed_step_0,fixed_round,pd_d192_k3_eval,fixed_step_0,returned_means,True,False,11,test,2162198,17247,85,89.92700460186082,False,0
pd_d192_k3_eval:returned:fixed_step_1,fixed_round,pd_d192_k3_eval,fixed_step_1,returned_means,True,False,0,dev,245806,2044,46,260.39453907268285,False,1
pd_d192_k3_eval:returned:fixed_step_1,fixed_round,pd_d192_k3_eval,fixed_step_1,returned_means,True,False,1,test,296763,2520,55,19.689672146106645,True,1
pd_d192_k3_eval:returned:fixed_step_1,fixed_round,pd_d192_k3_eval,fixed_step_1,returned_means,True,False,2,dev,471147,3828,39,66.63967567588354,False,1
pd_d192_k3_eval:returned:fixed_step_1,fixed_round,pd_d192_k3_eval,fixed_step_1,returned_means,True,False,3,test,848701,6847,14,254.41538233734576,False,1
pd_d192_k3_eval:returned:fixed_step_1,fixed_round,pd_d192_k3_eval,fixed_step_1,returned_means,True,False,4,dev,1049810,8454,45,217.18988267486773,False,1
pd_d192_k3_eval:returned:fixed_step_1,fixed_round,pd_d192_k3_eval,fixed_step_1,returned_means,True,False,5,test,1122504,9098,3,59.84122114324444,False,1
pd_d192_k3_eval:returned:fixed_step_1,fixed_round,pd_d192_k3_eval,fixed_step_1,returned_means,True,False,6,dev,1160225,9474,0,212.00202039683046,False,1
pd_d192_k3_eval:returned:fixed_step_1,fixed_round,pd_d192_k3_eval,fixed_step_1,returned_means,True,False,7,test,1208937,9886,77,97.03384681911129,False,1
pd_d192_k3_eval:returned:fixed_step_1,fixed_round,pd_d192_k3_eval,fixed_step_1,returned_means,True,False,8,dev,1592285,12683,4,74.53147276845634,False,1
pd_d192_k3_eval:returned:fixed_step_1,fixed_round,pd_d192_k3_eval,fixed_step_1,returned_means,True,False,9,test,1903024,15156,68,56.41636187935804,False,1
pd_d192_k3_eval:returned:fixed_step_1,fixed_round,pd_d192_k3_eval,fixed_step_1,returned_means,True,False,10,dev,1948264,15612,0,95.56666159309613,False,1
pd_d192_k3_eval:returned:fixed_step_1,fixed_round,pd_d192_k3_eval,fixed_step_1,returned_means,True,False,11,test,2162198,17247,85,79.0902738593588,False,1
pd_d192_k3_eval:returned:fixed_step_2,fixed_round,pd_d192_k3_eval,fixed_step_2,returned_means,True,False,0,dev,245806,2044,46,248.497213915672,False,2
pd_d192_k3_eval:returned:fixed_step_2,fixed_round,pd_d192_k3_eval,fixed_step_2,returned_means,True,False,1,test,296763,2520,55,18.231158189773556,True,2
pd_d192_k3_eval:returned:fixed_step_2,fixed_round,pd_d192_k3_eval,fixed_step_2,returned_means,True,False,2,dev,471147,3828,39,19.361814819340903,True,2
pd_d192_k3_eval:returned:fixed_step_2,fixed_round,pd_d192_k3_eval,fixed_step_2,returned_means,True,False,3,test,848701,6847,14,272.0314647958955,False,2
pd_d192_k3_eval:returned:fixed_step_2,fixed_round,pd_d192_k3_eval,fixed_step_2,returned_means,True,False,4,dev,1049810,8454,45,229.02724323009988,False,2
pd_d192_k3_eval:returned:fixed_step_2,fixed_round,pd_d192_k3_eval,fixed_step_2,returned_means,True,False,5,test,1122504,9098,3,51.03996014212281,False,2
pd_d192_k3_eval:returned:fixed_step_2,fixed_round,pd_d192_k3_eval,fixed_step_2,returned_means,True,False,6,dev,1160225,9474,0,194.7343413420109,False,2
pd_d192_k3_eval:returned:fixed_step_2,fixed_round,pd_d192_k3_eval,fixed_step_2,returned_means,True,False,7,test,1208937,9886,77,107.51459096711122,False,2
pd_d192_k3_eval:returned:fixed_step_2,fixed_round,pd_d192_k3_eval,fixed_step_2,returned_means,True,False,8,dev,1592285,12683,4,74.60568836960849,False,2
pd_d192_k3_eval:returned:fixed_step_2,fixed_round,pd_d192_k3_eval,fixed_step_2,returned_means,True,False,9,test,1903024,15156,68,34.511193088632524,False,2
pd_d192_k3_eval:returned:fixed_step_2,fixed_round,pd_d192_k3_eval,fixed_step_2,returned_means,True,False,10,dev,1948264,15612,0,96.27273120853938,False,2
pd_d192_k3_eval:returned:fixed_step_2,fixed_round,pd_d192_k3_eval,fixed_step_2,returned_means,True,False,11,test,2162198,17247,85,72.8144865693843,False,2
pd_d192_k3_eval:returned:fixed_step_4,fixed_round,pd_d192_k3_eval,fixed_step_4,returned_means,True,False,0,dev,245806,2044,46,209.60040429406416,False,4
pd_d192_k3_eval:returned:fixed_step_4,fixed_round,pd_d192_k3_eval,fixed_step_4,returned_means,True,False,1,test,296763,2520,55,19.292429073784795,True,4
pd_d192_k3_eval:returned:fixed_step_4,fixed_round,pd_d192_k3_eval,fixed_step_4,returned_means,True,False,2,dev,471147,3828,39,16.55825663117648,True,4
pd_d192_k3_eval:returned:fixed_step_4,fixed_round,pd_d192_k3_eval,fixed_step_4,returned_means,True,False,3,test,848701,6847,14,314.1781743445578,False,4
pd_d192_k3_eval:returned:fixed_step_4,fixed_round,pd_d192_k3_eval,fixed_step_4,returned_means,True,False,4,dev,1049810,8454,45,240.97563594799954,False,4
pd_d192_k3_eval:returned:fixed_step_4,fixed_round,pd_d192_k3_eval,fixed_step_4,returned_means,True,False,5,test,1122504,9098,3,52.199796387823866,False,4
pd_d192_k3_eval:returned:fixed_step_4,fixed_round,pd_d192_k3_eval,fixed_step_4,returned_means,True,False,6,dev,1160225,9474,0,214.13734509177357,False,4
pd_d192_k3_eval:returned:fixed_step_4,fixed_round,pd_d192_k3_eval,fixed_step_4,returned_means,True,False,7,test,1208937,9886,77,96.3989270601178,False,4
pd_d192_k3_eval:returned:fixed_step_4,fixed_round,pd_d192_k3_eval,fixed_step_4,returned_means,True,False,8,dev,1592285,12683,4,69.70262099339476,False,4
pd_d192_k3_eval:returned:fixed_step_4,fixed_round,pd_d192_k3_eval,fixed_step_4,returned_means,True,False,9,test,1903024,15156,68,29.492947514822745,False,4
pd_d192_k3_eval:returned:fixed_step_4,fixed_round,pd_d192_k3_eval,fixed_step_4,returned_means,True,False,10,dev,1948264,15612,0,96.26971173425495,False,4
pd_d192_k3_eval:returned:fixed_step_4,fixed_round,pd_d192_k3_eval,fixed_step_4,returned_means,True,False,11,test,2162198,17247,85,72.75477008909817,False,4
pd_d192_k3_eval:returned:fixed_step_9,fixed_round,pd_d192_k3_eval,fixed_step_9,returned_means,True,False,0,dev,245806,2044,46,100.16534809697713,False,9
pd_d192_k3_eval:returned:fixed_step_9,fixed_round,pd_d192_k3_eval,fixed_step_9,returned_means,True,False,1,test,296763,2520,55,19.531462308349965,True,9
pd_d192_k3_eval:returned:fixed_step_9,fixed_round,pd_d192_k3_eval,fixed_step_9,returned_means,True,False,2,dev,471147,3828,39,18.36286994998993,True,9
pd_d192_k3_eval:returned:fixed_step_9,fixed_round,pd_d192_k3_eval,fixed_step_9,returned_means,True,False,3,test,848701,6847,14,377.7124570429031,False,9
pd_d192_k3_eval:returned:fixed_step_9,fixed_round,pd_d192_k3_eval,fixed_step_9,returned_means,True,False,4,dev,1049810,8454,45,244.00674293713826,False,9
pd_d192_k3_eval:returned:fixed_step_9,fixed_round,pd_d192_k3_eval,fixed_step_9,returned_means,True,False,5,test,1122504,9098,3,50.148155583732226,False,9
pd_d192_k3_eval:returned:fixed_step_9,fixed_round,pd_d192_k3_eval,fixed_step_9,returned_means,True,False,6,dev,1160225,9474,0,229.67291362997634,False,9
pd_d192_k3_eval:returned:fixed_step_9,fixed_round,pd_d192_k3_eval,fixed_step_9,returned_means,True,False,7,test,1208937,9886,77,104.91050892622003,False,9
pd_d192_k3_eval:returned:fixed_step_9,fixed_round,pd_d192_k3_eval,fixed_step_9,returned_means,True,False,8,dev,1592285,12683,4,60.62595937917519,False,9
pd_d192_k3_eval:returned:fixed_step_9,fixed_round,pd_d192_k3_eval,fixed_step_9,returned_means,True,False,9,test,1903024,15156,68,19.43557779967883,True,9
pd_d192_k3_eval:returned:fixed_step_9,fixed_round,pd_d192_k3_eval,fixed_step_9,returned_means,True,False,10,dev,1948264,15612,0,96.72625108027118,False,9
pd_d192_k3_eval:returned:fixed_step_9,fixed_round,pd_d192_k3_eval,fixed_step_9,returned_means,True,False,11,test,2162198,17247,85,41.69431784637545,False,9
pd_d192_k3_eval:returned:fixed_step_19,fixed_round,pd_d192_k3_eval,fixed_step_19,returned_means,True,False,0,dev,245806,2044,46,13.575710047352565,True,19
pd_d192_k3_eval:returned:fixed_step_19,fixed_round,pd_d192_k3_eval,fixed_step_19,returned_means,True,False,1,test,296763,2520,55,13.418667015181285,True,19
pd_d192_k3_eval:returned:fixed_step_19,fixed_round,pd_d192_k3_eval,fixed_step_19,returned_means,True,False,2,dev,471147,3828,39,10.675625278113182,True,19
pd_d192_k3_eval:returned:fixed_step_19,fixed_round,pd_d192_k3_eval,fixed_step_19,returned_means,True,False,3,test,848701,6847,14,242.35933954618795,False,19
pd_d192_k3_eval:returned:fixed_step_19,fixed_round,pd_d192_k3_eval,fixed_step_19,returned_means,True,False,4,dev,1049810,8454,45,278.3802475433079,False,19
pd_d192_k3_eval:returned:fixed_step_19,fixed_round,pd_d192_k3_eval,fixed_step_19,returned_means,True,False,5,test,1122504,9098,3,46.47109854542426,False,19
pd_d192_k3_eval:returned:fixed_step_19,fixed_round,pd_d192_k3_eval,fixed_step_19,returned_means,True,False,6,dev,1160225,9474,0,239.8602195155768,False,19
pd_d192_k3_eval:returned:fixed_step_19,fixed_round,pd_d192_k3_eval,fixed_step_19,returned_means,True,False,7,test,1208937,9886,77,165.93342687127296,False,19
pd_d192_k3_eval:returned:fixed_step_19,fixed_round,pd_d192_k3_eval,fixed_step_19,returned_means,True,False,8,dev,1592285,12683,4,17.789440333709223,True,19
pd_d192_k3_eval:returned:fixed_step_19,fixed_round,pd_d192_k3_eval,fixed_step_19,returned_means,True,False,9,test,1903024,15156,68,16.58540064569297,True,19
pd_d192_k3_eval:returned:fixed_step_19,fixed_round,pd_d192_k3_eval,fixed_step_19,returned_means,True,False,10,dev,1948264,15612,0,104.19542590985195,False,19
pd_d192_k3_eval:returned:fixed_step_19,fixed_round,pd_d192_k3_eval,fixed_step_19,returned_means,True,False,11,test,2162198,17247,85,16.7615842393962,True,19
pd_d192_k3_eval:returned:fixed_step_29,fixed_round,pd_d192_k3_eval,fixed_step_29,returned_means,True,False,0,dev,245806,2044,46,15.563966752877263,True,29
pd_d192_k3_eval:returned:fixed_step_29,fixed_round,pd_d192_k3_eval,fixed_step_29,returned_means,True,False,1,test,296763,2520,55,19.55028305928886,True,29
pd_d192_k3_eval:returned:fixed_step_29,fixed_round,pd_d192_k3_eval,fixed_step_29,returned_means,True,False,2,dev,471147,3828,39,2.092684296215925,True,29
pd_d192_k3_eval:returned:fixed_step_29,fixed_round,pd_d192_k3_eval,fixed_step_29,returned_means,True,False,3,test,848701,6847,14,208.6569997655305,False,29
pd_d192_k3_eval:returned:fixed_step_29,fixed_round,pd_d192_k3_eval,fixed_step_29,returned_means,True,False,4,dev,1049810,8454,45,300.2380243798767,False,29
pd_d192_k3_eval:returned:fixed_step_29,fixed_round,pd_d192_k3_eval,fixed_step_29,returned_means,True,False,5,test,1122504,9098,3,49.11259483739668,False,29
pd_d192_k3_eval:returned:fixed_step_29,fixed_round,pd_d192_k3_eval,fixed_step_29,returned_means,True,False,6,dev,1160225,9474,0,205.61621987606364,False,29
pd_d192_k3_eval:returned:fixed_step_29,fixed_round,pd_d192_k3_eval,fixed_step_29,returned_means,True,False,7,test,1208937,9886,77,166.61761686877077,False,29
pd_d192_k3_eval:returned:fixed_step_29,fixed_round,pd_d192_k3_eval,fixed_step_29,returned_means,True,False,8,dev,1592285,12683,4,19.119813493112364,True,29
pd_d192_k3_eval:returned:fixed_step_29,fixed_round,pd_d192_k3_eval,fixed_step_29,returned_means,True,False,9,test,1903024,15156,68,14.5130392831485,True,29
pd_d192_k3_eval:returned:fixed_step_29,fixed_round,pd_d192_k3_eval,fixed_step_29,returned_means,True,False,10,dev,1948264,15612,0,106.00594434598274,False,29
pd_d192_k3_eval:returned:fixed_step_29,fixed_round,pd_d192_k3_eval,fixed_step_29,returned_means,True,False,11,test,2162198,17247,85,14.67405791142858,True,29
pd_d192_k3_eval:returned:dev_best_round,dev_tuned_fixed_round,pd_d192_k3_eval,fixed_step_29,returned_means,True,True,0,dev,245806,2044,46,15.563966752877263,True,29
pd_d192_k3_eval:returned:dev_best_round,dev_tuned_fixed_round,pd_d192_k3_eval,fixed_step_29,returned_means,True,True,1,test,296763,2520,55,19.55028305928886,True,29
pd_d192_k3_eval:returned:dev_best_round,dev_tuned_fixed_round,pd_d192_k3_eval,fixed_step_29,returned_means,True,True,2,dev,471147,3828,39,2.092684296215925,True,29
pd_d192_k3_eval:returned:dev_best_round,dev_tuned_fixed_round,pd_d192_k3_eval,fixed_step_29,returned_means,True,True,3,test,848701,6847,14,208.6569997655305,False,29
pd_d192_k3_eval:returned:dev_best_round,dev_tuned_fixed_round,pd_d192_k3_eval,fixed_step_29,returned_means,True,True,4,dev,1049810,8454,45,300.2380243798767,False,29
pd_d192_k3_eval:returned:dev_best_round,dev_tuned_fixed_round,pd_d192_k3_eval,fixed_step_29,returned_means,True,True,5,test,1122504,9098,3,49.11259483739668,False,29
pd_d192_k3_eval:returned:dev_best_round,dev_tuned_fixed_round,pd_d192_k3_eval,fixed_step_29,returned_means,True,True,6,dev,1160225,9474,0,205.61621987606364,False,29
pd_d192_k3_eval:returned:dev_best_round,dev_tuned_fixed_round,pd_d192_k3_eval,fixed_step_29,returned_means,True,True,7,test,1208937,9886,77,166.61761686877077,False,29
pd_d192_k3_eval:returned:dev_best_round,dev_tuned_fixed_round,pd_d192_k3_eval,fixed_step_29,returned_means,True,True,8,dev,1592285,12683,4,19.119813493112364,True,29
pd_d192_k3_eval:returned:dev_best_round,dev_tuned_fixed_round,pd_d192_k3_eval,fixed_step_29,returned_means,True,True,9,test,1903024,15156,68,14.5130392831485,True,29
pd_d192_k3_eval:returned:dev_best_round,dev_tuned_fixed_round,pd_d192_k3_eval,fixed_step_29,returned_means,True,True,10,dev,1948264,15612,0,106.00594434598274,False,29
pd_d192_k3_eval:returned:dev_best_round,dev_tuned_fixed_round,pd_d192_k3_eval,fixed_step_29,returned_means,True,True,11,test,2162198,17247,85,14.67405791142858,True,29
pd_d192_k3_eval:returned:score_by_pd_d192_k3_eval,round_verification,pd_d192_k3_eval,pd_d192_k3_eval,returned_means,True,False,0,dev,245806,2044,46,15.563966752877263,True,29
pd_d192_k3_eval:returned:score_by_pd_d192_k3_eval,round_verification,pd_d192_k3_eval,pd_d192_k3_eval,returned_means,True,False,1,test,296763,2520,55,19.55028305928886,True,29
pd_d192_k3_eval:returned:score_by_pd_d192_k3_eval,round_verification,pd_d192_k3_eval,pd_d192_k3_eval,returned_means,True,False,2,dev,471147,3828,39,2.092684296215925,True,29
pd_d192_k3_eval:returned:score_by_pd_d192_k3_eval,round_verification,pd_d192_k3_eval,pd_d192_k3_eval,returned_means,True,False,3,test,848701,6847,14,208.6569997655305,False,29
pd_d192_k3_eval:returned:score_by_pd_d192_k3_eval,round_verification,pd_d192_k3_eval,pd_d192_k3_eval,returned_means,True,False,4,dev,1049810,8454,45,300.2380243798767,False,29
pd_d192_k3_eval:returned:score_by_pd_d192_k3_eval,round_verification,pd_d192_k3_eval,pd_d192_k3_eval,returned_means,True,False,5,test,1122504,9098,3,49.11259483739668,False,29
pd_d192_k3_eval:returned:score_by_pd_d192_k3_eval,round_verification,pd_d192_k3_eval,pd_d192_k3_eval,returned_means,True,False,6,dev,1160225,9474,0,205.61621987606364,False,29
pd_d192_k3_eval:returned:score_by_pd_d192_k3_eval,round_verification,pd_d192_k3_eval,pd_d192_k3_eval,returned_means,True,False,7,test,1208937,9886,77,166.61761686877077,False,29
pd_d192_k3_eval:returned:score_by_pd_d192_k3_eval,round_verification,pd_d192_k3_eval,pd_d192_k3_eval,returned_means,True,False,8,dev,1592285,12683,4,19.119813493112364,True,29
pd_d192_k3_eval:returned:score_by_pd_d192_k3_eval,round_verification,pd_d192_k3_eval,pd_d192_k3_eval,returned_means,True,False,9,test,1903024,15156,68,14.5130392831485,True,29
pd_d192_k3_eval:returned:score_by_pd_d192_k3_eval,round_verification,pd_d192_k3_eval,pd_d192_k3_eval,returned_means,True,False,10,dev,1948264,15612,0,106.00594434598274,False,29
pd_d192_k3_eval:returned:score_by_pd_d192_k3_eval,round_verification,pd_d192_k3_eval,pd_d192_k3_eval,returned_means,True,False,11,test,2162198,17247,85,14.67405791142858,True,29
pd_d192_k3_eval:returned:score_by_iter2_multistep_eval,round_verification,pd_d192_k3_eval,iter2_multistep_eval,returned_means,True,False,0,dev,245806,2044,46,15.563966752877263,True,29
pd_d192_k3_eval:returned:score_by_iter2_multistep_eval,round_verification,pd_d192_k3_eval,iter2_multistep_eval,returned_means,True,False,1,test,296763,2520,55,19.55028305928886,True,29
pd_d192_k3_eval:returned:score_by_iter2_multistep_eval,round_verification,pd_d192_k3_eval,iter2_multistep_eval,returned_means,True,False,2,dev,471147,3828,39,2.092684296215925,True,29
pd_d192_k3_eval:returned:score_by_iter2_multistep_eval,round_verification,pd_d192_k3_eval,iter2_multistep_eval,returned_means,True,False,3,test,848701,6847,14,208.6569997655305,False,29
pd_d192_k3_eval:returned:score_by_iter2_multistep_eval,round_verification,pd_d192_k3_eval,iter2_multistep_eval,returned_means,True,False,4,dev,1049810,8454,45,278.3802475433079,False,19
pd_d192_k3_eval:returned:score_by_iter2_multistep_eval,round_verification,pd_d192_k3_eval,iter2_multistep_eval,returned_means,True,False,5,test,1122504,9098,3,49.11259483739668,False,29
pd_d192_k3_eval:returned:score_by_iter2_multistep_eval,round_verification,pd_d192_k3_eval,iter2_multistep_eval,returned_means,True,False,6,dev,1160225,9474,0,205.61621987606364,False,29
pd_d192_k3_eval:returned:score_by_iter2_multistep_eval,round_verification,pd_d192_k3_eval,iter2_multistep_eval,returned_means,True,False,7,test,1208937,9886,77,165.93342687127296,False,19
pd_d192_k3_eval:returned:score_by_iter2_multistep_eval,round_verification,pd_d192_k3_eval,iter2_multistep_eval,returned_means,True,False,8,dev,1592285,12683,4,17.789440333709223,True,19
pd_d192_k3_eval:returned:score_by_iter2_multistep_eval,round_verification,pd_d192_k3_eval,iter2_multistep_eval,returned_means,True,False,9,test,1903024,15156,68,16.58540064569297,True,19
pd_d192_k3_eval:returned:score_by_iter2_multistep_eval,round_verification,pd_d192_k3_eval,iter2_multistep_eval,returned_means,True,False,10,dev,1948264,15612,0,106.00594434598274,False,29
pd_d192_k3_eval:returned:score_by_iter2_multistep_eval,round_verification,pd_d192_k3_eval,iter2_multistep_eval,returned_means,True,False,11,test,2162198,17247,85,16.7615842393962,True,19
pd_d192_k3_eval:returned:score_by_pd_d192_k10_eval,round_verification,pd_d192_k3_eval,pd_d192_k10_eval,returned_means,True,False,0,dev,245806,2044,46,15.563966752877263,True,29
pd_d192_k3_eval:returned:score_by_pd_d192_k10_eval,round_verification,pd_d192_k3_eval,pd_d192_k10_eval,returned_means,True,False,1,test,296763,2520,55,19.292429073784795,True,4
pd_d192_k3_eval:returned:score_by_pd_d192_k10_eval,round_verification,pd_d192_k3_eval,pd_d192_k10_eval,returned_means,True,False,2,dev,471147,3828,39,16.55825663117648,True,4
pd_d192_k3_eval:returned:score_by_pd_d192_k10_eval,round_verification,pd_d192_k3_eval,pd_d192_k10_eval,returned_means,True,False,3,test,848701,6847,14,242.35933954618795,False,19
pd_d192_k3_eval:returned:score_by_pd_d192_k10_eval,round_verification,pd_d192_k3_eval,pd_d192_k10_eval,returned_means,True,False,4,dev,1049810,8454,45,244.00674293713826,False,9
pd_d192_k3_eval:returned:score_by_pd_d192_k10_eval,round_verification,pd_d192_k3_eval,pd_d192_k10_eval,returned_means,True,False,5,test,1122504,9098,3,46.47109854542426,False,19
pd_d192_k3_eval:returned:score_by_pd_d192_k10_eval,round_verification,pd_d192_k3_eval,pd_d192_k10_eval,returned_means,True,False,6,dev,1160225,9474,0,205.61621987606364,False,29
pd_d192_k3_eval:returned:score_by_pd_d192_k10_eval,round_verification,pd_d192_k3_eval,pd_d192_k10_eval,returned_means,True,False,7,test,1208937,9886,77,165.93342687127296,False,19
pd_d192_k3_eval:returned:score_by_pd_d192_k10_eval,round_verification,pd_d192_k3_eval,pd_d192_k10_eval,returned_means,True,False,8,dev,1592285,12683,4,19.119813493112364,True,29
pd_d192_k3_eval:returned:score_by_pd_d192_k10_eval,round_verification,pd_d192_k3_eval,pd_d192_k10_eval,returned_means,True,False,9,test,1903024,15156,68,16.58540064569297,True,19
pd_d192_k3_eval:returned:score_by_pd_d192_k10_eval,round_verification,pd_d192_k3_eval,pd_d192_k10_eval,returned_means,True,False,10,dev,1948264,15612,0,106.00594434598274,False,29
pd_d192_k3_eval:returned:score_by_pd_d192_k10_eval,round_verification,pd_d192_k3_eval,pd_d192_k10_eval,returned_means,True,False,11,test,2162198,17247,85,16.7615842393962,True,19
pd_d192_k3_eval:returned:consensus,round_verification,pd_d192_k3_eval,all_rank_consensus,returned_means,True,False,0,dev,245806,2044,46,15.563966752877263,True,29
pd_d192_k3_eval:returned:consensus,round_verification,pd_d192_k3_eval,all_rank_consensus,returned_means,True,False,1,test,296763,2520,55,13.418667015181285,True,19
pd_d192_k3_eval:returned:consensus,round_verification,pd_d192_k3_eval,all_rank_consensus,returned_means,True,False,2,dev,471147,3828,39,2.092684296215925,True,29
pd_d192_k3_eval:returned:consensus,round_verification,pd_d192_k3_eval,all_rank_consensus,returned_means,True,False,3,test,848701,6847,14,208.6569997655305,False,29
pd_d192_k3_eval:returned:consensus,round_verification,pd_d192_k3_eval,all_rank_consensus,returned_means,True,False,4,dev,1049810,8454,45,278.3802475433079,False,19
pd_d192_k3_eval:returned:consensus,round_verification,pd_d192_k3_eval,all_rank_consensus,returned_means,True,False,5,test,1122504,9098,3,49.11259483739668,False,29
pd_d192_k3_eval:returned:consensus,round_verification,pd_d192_k3_eval,all_rank_consensus,returned_means,True,False,6,dev,1160225,9474,0,205.61621987606364,False,29
pd_d192_k3_eval:returned:consensus,round_verification,pd_d192_k3_eval,all_rank_consensus,returned_means,True,False,7,test,1208937,9886,77,165.93342687127296,False,19
pd_d192_k3_eval:returned:consensus,round_verification,pd_d192_k3_eval,all_rank_consensus,returned_means,True,False,8,dev,1592285,12683,4,19.119813493112364,True,29
pd_d192_k3_eval:returned:consensus,round_verification,pd_d192_k3_eval,all_rank_consensus,returned_means,True,False,9,test,1903024,15156,68,16.58540064569297,True,19
pd_d192_k3_eval:returned:consensus,round_verification,pd_d192_k3_eval,all_rank_consensus,returned_means,True,False,10,dev,1948264,15612,0,106.00594434598274,False,29
pd_d192_k3_eval:returned:consensus,round_verification,pd_d192_k3_eval,all_rank_consensus,returned_means,True,False,11,test,2162198,17247,85,16.7615842393962,True,19
pd_d192_k3_eval:returned:nonself_consensus,round_verification,pd_d192_k3_eval,nonself_rank_consensus,returned_means,True,False,0,dev,245806,2044,46,15.563966752877263,True,29
pd_d192_k3_eval:returned:nonself_consensus,round_verification,pd_d192_k3_eval,nonself_rank_consensus,returned_means,True,False,1,test,296763,2520,55,18.231158189773556,True,2
pd_d192_k3_eval:returned:nonself_consensus,round_verification,pd_d192_k3_eval,nonself_rank_consensus,returned_means,True,False,2,dev,471147,3828,39,16.55825663117648,True,4
pd_d192_k3_eval:returned:nonself_consensus,round_verification,pd_d192_k3_eval,nonself_rank_consensus,returned_means,True,False,3,test,848701,6847,14,242.35933954618795,False,19
pd_d192_k3_eval:returned:nonself_consensus,round_verification,pd_d192_k3_eval,nonself_rank_consensus,returned_means,True,False,4,dev,1049810,8454,45,278.3802475433079,False,19
pd_d192_k3_eval:returned:nonself_consensus,round_verification,pd_d192_k3_eval,nonself_rank_consensus,returned_means,True,False,5,test,1122504,9098,3,49.11259483739668,False,29
pd_d192_k3_eval:returned:nonself_consensus,round_verification,pd_d192_k3_eval,nonself_rank_consensus,returned_means,True,False,6,dev,1160225,9474,0,205.61621987606364,False,29
pd_d192_k3_eval:returned:nonself_consensus,round_verification,pd_d192_k3_eval,nonself_rank_consensus,returned_means,True,False,7,test,1208937,9886,77,165.93342687127296,False,19
pd_d192_k3_eval:returned:nonself_consensus,round_verification,pd_d192_k3_eval,nonself_rank_consensus,returned_means,True,False,8,dev,1592285,12683,4,17.789440333709223,True,19
pd_d192_k3_eval:returned:nonself_consensus,round_verification,pd_d192_k3_eval,nonself_rank_consensus,returned_means,True,False,9,test,1903024,15156,68,16.58540064569297,True,19
pd_d192_k3_eval:returned:nonself_consensus,round_verification,pd_d192_k3_eval,nonself_rank_consensus,returned_means,True,False,10,dev,1948264,15612,0,106.00594434598274,False,29
pd_d192_k3_eval:returned:nonself_consensus,round_verification,pd_d192_k3_eval,nonself_rank_consensus,returned_means,True,False,11,test,2162198,17247,85,16.7615842393962,True,19
pd_d192_k3_eval:returned:oracle_round,oracle_ceiling,pd_d192_k3_eval,true_simulator_cost,returned_means,False,False,0,dev,245806,2044,46,13.575710047352565,True,19
pd_d192_k3_eval:returned:oracle_round,oracle_ceiling,pd_d192_k3_eval,true_simulator_cost,returned_means,False,False,1,test,296763,2520,55,13.418667015181285,True,19
pd_d192_k3_eval:returned:oracle_round,oracle_ceiling,pd_d192_k3_eval,true_simulator_cost,returned_means,False,False,2,dev,471147,3828,39,2.092684296215925,True,29
pd_d192_k3_eval:returned:oracle_round,oracle_ceiling,pd_d192_k3_eval,true_simulator_cost,returned_means,False,False,3,test,848701,6847,14,208.6569997655305,False,29
pd_d192_k3_eval:returned:oracle_round,oracle_ceiling,pd_d192_k3_eval,true_simulator_cost,returned_means,False,False,4,dev,1049810,8454,45,214.27642521544146,False,0
pd_d192_k3_eval:returned:oracle_round,oracle_ceiling,pd_d192_k3_eval,true_simulator_cost,returned_means,False,False,5,test,1122504,9098,3,46.47109854542426,False,19
pd_d192_k3_eval:returned:oracle_round,oracle_ceiling,pd_d192_k3_eval,true_simulator_cost,returned_means,False,False,6,dev,1160225,9474,0,194.7343413420109,False,2
pd_d192_k3_eval:returned:oracle_round,oracle_ceiling,pd_d192_k3_eval,true_simulator_cost,returned_means,False,False,7,test,1208937,9886,77,68.65345529612662,False,0
pd_d192_k3_eval:returned:oracle_round,oracle_ceiling,pd_d192_k3_eval,true_simulator_cost,returned_means,False,False,8,dev,1592285,12683,4,17.789440333709223,True,19
pd_d192_k3_eval:returned:oracle_round,oracle_ceiling,pd_d192_k3_eval,true_simulator_cost,returned_means,False,False,9,test,1903024,15156,68,14.5130392831485,True,29
pd_d192_k3_eval:returned:oracle_round,oracle_ceiling,pd_d192_k3_eval,true_simulator_cost,returned_means,False,False,10,dev,1948264,15612,0,90.07893952538313,False,0
pd_d192_k3_eval:returned:oracle_round,oracle_ceiling,pd_d192_k3_eval,true_simulator_cost,returned_means,False,False,11,test,2162198,17247,85,14.67405791142858,True,29
pd_d192_k3_eval:population_all:score_by_pd_d192_k3_eval,population_verification,pd_d192_k3_eval,pd_d192_k3_eval,all_recorded_populations,True,False,0,dev,245806,2044,46,45.834739279574464,False,29
pd_d192_k3_eval:population_all:score_by_pd_d192_k3_eval,population_verification,pd_d192_k3_eval,pd_d192_k3_eval,all_recorded_populations,True,False,1,test,296763,2520,55,16.62204771472004,True,29
pd_d192_k3_eval:population_all:score_by_pd_d192_k3_eval,population_verification,pd_d192_k3_eval,pd_d192_k3_eval,all_recorded_populations,True,False,2,dev,471147,3828,39,6.317535274834509,True,29
pd_d192_k3_eval:population_all:score_by_pd_d192_k3_eval,population_verification,pd_d192_k3_eval,pd_d192_k3_eval,all_recorded_populations,True,False,3,test,848701,6847,14,202.60744769120046,False,29
pd_d192_k3_eval:population_all:score_by_pd_d192_k3_eval,population_verification,pd_d192_k3_eval,pd_d192_k3_eval,all_recorded_populations,True,False,4,dev,1049810,8454,45,302.48598843780485,False,29
pd_d192_k3_eval:population_all:score_by_pd_d192_k3_eval,population_verification,pd_d192_k3_eval,pd_d192_k3_eval,all_recorded_populations,True,False,5,test,1122504,9098,3,49.777162764076564,False,29
pd_d192_k3_eval:population_all:score_by_pd_d192_k3_eval,population_verification,pd_d192_k3_eval,pd_d192_k3_eval,all_recorded_populations,True,False,6,dev,1160225,9474,0,201.6053497607896,False,29
pd_d192_k3_eval:population_all:score_by_pd_d192_k3_eval,population_verification,pd_d192_k3_eval,pd_d192_k3_eval,all_recorded_populations,True,False,7,test,1208937,9886,77,162.57289503185152,False,29
pd_d192_k3_eval:population_all:score_by_pd_d192_k3_eval,population_verification,pd_d192_k3_eval,pd_d192_k3_eval,all_recorded_populations,True,False,8,dev,1592285,12683,4,24.68632414947445,False,29
pd_d192_k3_eval:population_all:score_by_pd_d192_k3_eval,population_verification,pd_d192_k3_eval,pd_d192_k3_eval,all_recorded_populations,True,False,9,test,1903024,15156,68,15.153234300577713,True,29
pd_d192_k3_eval:population_all:score_by_pd_d192_k3_eval,population_verification,pd_d192_k3_eval,pd_d192_k3_eval,all_recorded_populations,True,False,10,dev,1948264,15612,0,104.82977696978989,False,29
pd_d192_k3_eval:population_all:score_by_pd_d192_k3_eval,population_verification,pd_d192_k3_eval,pd_d192_k3_eval,all_recorded_populations,True,False,11,test,2162198,17247,85,62.251364828007915,False,29
pd_d192_k3_eval:population_elite:score_by_pd_d192_k3_eval,elite_verification,pd_d192_k3_eval,pd_d192_k3_eval,recorded_generator_elites,True,False,0,dev,245806,2044,46,45.834739279574464,False,29
pd_d192_k3_eval:population_elite:score_by_pd_d192_k3_eval,elite_verification,pd_d192_k3_eval,pd_d192_k3_eval,recorded_generator_elites,True,False,1,test,296763,2520,55,16.62204771472004,True,29
pd_d192_k3_eval:population_elite:score_by_pd_d192_k3_eval,elite_verification,pd_d192_k3_eval,pd_d192_k3_eval,recorded_generator_elites,True,False,2,dev,471147,3828,39,6.317535274834509,True,29
pd_d192_k3_eval:population_elite:score_by_pd_d192_k3_eval,elite_verification,pd_d192_k3_eval,pd_d192_k3_eval,recorded_generator_elites,True,False,3,test,848701,6847,14,202.60744769120046,False,29
pd_d192_k3_eval:population_elite:score_by_pd_d192_k3_eval,elite_verification,pd_d192_k3_eval,pd_d192_k3_eval,recorded_generator_elites,True,False,4,dev,1049810,8454,45,302.48598843780485,False,29
pd_d192_k3_eval:population_elite:score_by_pd_d192_k3_eval,elite_verification,pd_d192_k3_eval,pd_d192_k3_eval,recorded_generator_elites,True,False,5,test,1122504,9098,3,49.777162764076564,False,29
pd_d192_k3_eval:population_elite:score_by_pd_d192_k3_eval,elite_verification,pd_d192_k3_eval,pd_d192_k3_eval,recorded_generator_elites,True,False,6,dev,1160225,9474,0,201.6053497607896,False,29
pd_d192_k3_eval:population_elite:score_by_pd_d192_k3_eval,elite_verification,pd_d192_k3_eval,pd_d192_k3_eval,recorded_generator_elites,True,False,7,test,1208937,9886,77,162.57289503185152,False,29
pd_d192_k3_eval:population_elite:score_by_pd_d192_k3_eval,elite_verification,pd_d192_k3_eval,pd_d192_k3_eval,recorded_generator_elites,True,False,8,dev,1592285,12683,4,24.68632414947445,False,29
pd_d192_k3_eval:population_elite:score_by_pd_d192_k3_eval,elite_verification,pd_d192_k3_eval,pd_d192_k3_eval,recorded_generator_elites,True,False,9,test,1903024,15156,68,15.153234300577713,True,29
pd_d192_k3_eval:population_elite:score_by_pd_d192_k3_eval,elite_verification,pd_d192_k3_eval,pd_d192_k3_eval,recorded_generator_elites,True,False,10,dev,1948264,15612,0,104.82977696978989,False,29
pd_d192_k3_eval:population_elite:score_by_pd_d192_k3_eval,elite_verification,pd_d192_k3_eval,pd_d192_k3_eval,recorded_generator_elites,True,False,11,test,2162198,17247,85,62.251364828007915,False,29
pd_d192_k3_eval:population_all:score_by_iter2_multistep_eval,population_verification,pd_d192_k3_eval,iter2_multistep_eval,all_recorded_populations,True,False,0,dev,245806,2044,46,17.96444713882097,True,29
pd_d192_k3_eval:population_all:score_by_iter2_multistep_eval,population_verification,pd_d192_k3_eval,iter2_multistep_eval,all_recorded_populations,True,False,1,test,296763,2520,55,13.126417746825904,True,9
pd_d192_k3_eval:population_all:score_by_iter2_multistep_eval,population_verification,pd_d192_k3_eval,iter2_multistep_eval,all_recorded_populations,True,False,2,dev,471147,3828,39,8.655405917264213,True,19
pd_d192_k3_eval:population_all:score_by_iter2_multistep_eval,population_verification,pd_d192_k3_eval,iter2_multistep_eval,all_recorded_populations,True,False,3,test,848701,6847,14,181.7040393557312,False,29
pd_d192_k3_eval:population_all:score_by_iter2_multistep_eval,population_verification,pd_d192_k3_eval,iter2_multistep_eval,all_recorded_populations,True,False,4,dev,1049810,8454,45,293.09487360135336,False,29
pd_d192_k3_eval:population_all:score_by_iter2_multistep_eval,population_verification,pd_d192_k3_eval,iter2_multistep_eval,all_recorded_populations,True,False,5,test,1122504,9098,3,16.13116712286946,True,29
pd_d192_k3_eval:population_all:score_by_iter2_multistep_eval,population_verification,pd_d192_k3_eval,iter2_multistep_eval,all_recorded_populations,True,False,6,dev,1160225,9474,0,216.02346525484424,False,29
pd_d192_k3_eval:population_all:score_by_iter2_multistep_eval,population_verification,pd_d192_k3_eval,iter2_multistep_eval,all_recorded_populations,True,False,7,test,1208937,9886,77,137.41992022251318,False,19
pd_d192_k3_eval:population_all:score_by_iter2_multistep_eval,population_verification,pd_d192_k3_eval,iter2_multistep_eval,all_recorded_populations,True,False,8,dev,1592285,12683,4,12.538856653007429,True,29
pd_d192_k3_eval:population_all:score_by_iter2_multistep_eval,population_verification,pd_d192_k3_eval,iter2_multistep_eval,all_recorded_populations,True,False,9,test,1903024,15156,68,20.54509471775132,True,19
pd_d192_k3_eval:population_all:score_by_iter2_multistep_eval,population_verification,pd_d192_k3_eval,iter2_multistep_eval,all_recorded_populations,True,False,10,dev,1948264,15612,0,90.8012236211,False,29
pd_d192_k3_eval:population_all:score_by_iter2_multistep_eval,population_verification,pd_d192_k3_eval,iter2_multistep_eval,all_recorded_populations,True,False,11,test,2162198,17247,85,8.53342273465871,True,29
pd_d192_k3_eval:population_elite:score_by_iter2_multistep_eval,elite_verification,pd_d192_k3_eval,iter2_multistep_eval,recorded_generator_elites,True,False,0,dev,245806,2044,46,20.797264435170078,False,29
pd_d192_k3_eval:population_elite:score_by_iter2_multistep_eval,elite_verification,pd_d192_k3_eval,iter2_multistep_eval,recorded_generator_elites,True,False,1,test,296763,2520,55,17.976930904860048,True,19
pd_d192_k3_eval:population_elite:score_by_iter2_multistep_eval,elite_verification,pd_d192_k3_eval,iter2_multistep_eval,recorded_generator_elites,True,False,2,dev,471147,3828,39,0.9923462009792955,True,19
pd_d192_k3_eval:population_elite:score_by_iter2_multistep_eval,elite_verification,pd_d192_k3_eval,iter2_multistep_eval,recorded_generator_elites,True,False,3,test,848701,6847,14,195.24254590821207,False,29
pd_d192_k3_eval:population_elite:score_by_iter2_multistep_eval,elite_verification,pd_d192_k3_eval,iter2_multistep_eval,recorded_generator_elites,True,False,4,dev,1049810,8454,45,308.99426175458274,False,29
pd_d192_k3_eval:population_elite:score_by_iter2_multistep_eval,elite_verification,pd_d192_k3_eval,iter2_multistep_eval,recorded_generator_elites,True,False,5,test,1122504,9098,3,48.89797401056814,False,29
pd_d192_k3_eval:population_elite:score_by_iter2_multistep_eval,elite_verification,pd_d192_k3_eval,iter2_multistep_eval,recorded_generator_elites,True,False,6,dev,1160225,9474,0,177.75144119449803,False,29
pd_d192_k3_eval:population_elite:score_by_iter2_multistep_eval,elite_verification,pd_d192_k3_eval,iter2_multistep_eval,recorded_generator_elites,True,False,7,test,1208937,9886,77,104.62566143745363,False,9
pd_d192_k3_eval:population_elite:score_by_iter2_multistep_eval,elite_verification,pd_d192_k3_eval,iter2_multistep_eval,recorded_generator_elites,True,False,8,dev,1592285,12683,4,13.608484881740369,True,19
pd_d192_k3_eval:population_elite:score_by_iter2_multistep_eval,elite_verification,pd_d192_k3_eval,iter2_multistep_eval,recorded_generator_elites,True,False,9,test,1903024,15156,68,17.99163282300008,True,9
pd_d192_k3_eval:population_elite:score_by_iter2_multistep_eval,elite_verification,pd_d192_k3_eval,iter2_multistep_eval,recorded_generator_elites,True,False,10,dev,1948264,15612,0,106.1312819404405,False,29
pd_d192_k3_eval:population_elite:score_by_iter2_multistep_eval,elite_verification,pd_d192_k3_eval,iter2_multistep_eval,recorded_generator_elites,True,False,11,test,2162198,17247,85,23.237408383793802,False,19
pd_d192_k3_eval:population_all:score_by_pd_d192_k10_eval,population_verification,pd_d192_k3_eval,pd_d192_k10_eval,all_recorded_populations,True,False,0,dev,245806,2044,46,10.108073762535554,True,29
pd_d192_k3_eval:population_all:score_by_pd_d192_k10_eval,population_verification,pd_d192_k3_eval,pd_d192_k10_eval,all_recorded_populations,True,False,1,test,296763,2520,55,19.357122632150155,True,19
pd_d192_k3_eval:population_all:score_by_pd_d192_k10_eval,population_verification,pd_d192_k3_eval,pd_d192_k10_eval,all_recorded_populations,True,False,2,dev,471147,3828,39,80.13998230336307,False,2
pd_d192_k3_eval:population_all:score_by_pd_d192_k10_eval,population_verification,pd_d192_k3_eval,pd_d192_k10_eval,all_recorded_populations,True,False,3,test,848701,6847,14,249.91763155869344,False,19
pd_d192_k3_eval:population_all:score_by_pd_d192_k10_eval,population_verification,pd_d192_k3_eval,pd_d192_k10_eval,all_recorded_populations,True,False,4,dev,1049810,8454,45,284.4183026478558,False,19
pd_d192_k3_eval:population_all:score_by_pd_d192_k10_eval,population_verification,pd_d192_k3_eval,pd_d192_k10_eval,all_recorded_populations,True,False,5,test,1122504,9098,3,6.849982614235569,True,29
pd_d192_k3_eval:population_all:score_by_pd_d192_k10_eval,population_verification,pd_d192_k3_eval,pd_d192_k10_eval,all_recorded_populations,True,False,6,dev,1160225,9474,0,187.53621450668106,False,9
pd_d192_k3_eval:population_all:score_by_pd_d192_k10_eval,population_verification,pd_d192_k3_eval,pd_d192_k10_eval,all_recorded_populations,True,False,7,test,1208937,9886,77,126.21221861591822,False,19
pd_d192_k3_eval:population_all:score_by_pd_d192_k10_eval,population_verification,pd_d192_k3_eval,pd_d192_k10_eval,all_recorded_populations,True,False,8,dev,1592285,12683,4,19.366010852530287,True,29
pd_d192_k3_eval:population_all:score_by_pd_d192_k10_eval,population_verification,pd_d192_k3_eval,pd_d192_k10_eval,all_recorded_populations,True,False,9,test,1903024,15156,68,17.99163282300008,True,9
pd_d192_k3_eval:population_all:score_by_pd_d192_k10_eval,population_verification,pd_d192_k3_eval,pd_d192_k10_eval,all_recorded_populations,True,False,10,dev,1948264,15612,0,104.76050201834141,False,29
pd_d192_k3_eval:population_all:score_by_pd_d192_k10_eval,population_verification,pd_d192_k3_eval,pd_d192_k10_eval,all_recorded_populations,True,False,11,test,2162198,17247,85,15.756050102429723,True,29
pd_d192_k3_eval:population_elite:score_by_pd_d192_k10_eval,elite_verification,pd_d192_k3_eval,pd_d192_k10_eval,recorded_generator_elites,True,False,0,dev,245806,2044,46,18.87487936754393,True,29
pd_d192_k3_eval:population_elite:score_by_pd_d192_k10_eval,elite_verification,pd_d192_k3_eval,pd_d192_k10_eval,recorded_generator_elites,True,False,1,test,296763,2520,55,18.430309730545687,True,2
pd_d192_k3_eval:population_elite:score_by_pd_d192_k10_eval,elite_verification,pd_d192_k3_eval,pd_d192_k10_eval,recorded_generator_elites,True,False,2,dev,471147,3828,39,29.10007886416678,False,9
pd_d192_k3_eval:population_elite:score_by_pd_d192_k10_eval,elite_verification,pd_d192_k3_eval,pd_d192_k10_eval,recorded_generator_elites,True,False,3,test,848701,6847,14,246.50536520317692,False,19
pd_d192_k3_eval:population_elite:score_by_pd_d192_k10_eval,elite_verification,pd_d192_k3_eval,pd_d192_k10_eval,recorded_generator_elites,True,False,4,dev,1049810,8454,45,230.68421836888777,False,4
pd_d192_k3_eval:population_elite:score_by_pd_d192_k10_eval,elite_verification,pd_d192_k3_eval,pd_d192_k10_eval,recorded_generator_elites,True,False,5,test,1122504,9098,3,48.258073136943516,False,19
pd_d192_k3_eval:population_elite:score_by_pd_d192_k10_eval,elite_verification,pd_d192_k3_eval,pd_d192_k10_eval,recorded_generator_elites,True,False,6,dev,1160225,9474,0,146.69483002167152,False,9
pd_d192_k3_eval:population_elite:score_by_pd_d192_k10_eval,elite_verification,pd_d192_k3_eval,pd_d192_k10_eval,recorded_generator_elites,True,False,7,test,1208937,9886,77,99.40019563232917,False,9
pd_d192_k3_eval:population_elite:score_by_pd_d192_k10_eval,elite_verification,pd_d192_k3_eval,pd_d192_k10_eval,recorded_generator_elites,True,False,8,dev,1592285,12683,4,19.366010852530287,True,29
pd_d192_k3_eval:population_elite:score_by_pd_d192_k10_eval,elite_verification,pd_d192_k3_eval,pd_d192_k10_eval,recorded_generator_elites,True,False,9,test,1903024,15156,68,17.99163282300008,True,9
pd_d192_k3_eval:population_elite:score_by_pd_d192_k10_eval,elite_verification,pd_d192_k3_eval,pd_d192_k10_eval,recorded_generator_elites,True,False,10,dev,1948264,15612,0,104.76050201834141,False,29
pd_d192_k3_eval:population_elite:score_by_pd_d192_k10_eval,elite_verification,pd_d192_k3_eval,pd_d192_k10_eval,recorded_generator_elites,True,False,11,test,2162198,17247,85,23.237408383793802,False,19
pd_d192_k3_eval:population_all:all_rank_consensus,population_verification,pd_d192_k3_eval,all_rank_consensus,all_recorded_populations,True,False,0,dev,245806,2044,46,12.841666996665902,True,29
pd_d192_k3_eval:population_all:all_rank_consensus,population_verification,pd_d192_k3_eval,all_rank_consensus,all_recorded_populations,True,False,1,test,296763,2520,55,18.5529927822604,True,29
pd_d192_k3_eval:population_all:all_rank_consensus,population_verification,pd_d192_k3_eval,all_rank_consensus,all_recorded_populations,True,False,2,dev,471147,3828,39,5.089017118522988,True,29
pd_d192_k3_eval:population_all:all_rank_consensus,population_verification,pd_d192_k3_eval,all_rank_consensus,all_recorded_populations,True,False,3,test,848701,6847,14,199.15976574712613,False,29
pd_d192_k3_eval:population_all:all_rank_consensus,population_verification,pd_d192_k3_eval,all_rank_consensus,all_recorded_populations,True,False,4,dev,1049810,8454,45,294.66616749197095,False,29
pd_d192_k3_eval:population_all:all_rank_consensus,population_verification,pd_d192_k3_eval,all_rank_consensus,all_recorded_populations,True,False,5,test,1122504,9098,3,20.771344929837547,True,29
pd_d192_k3_eval:population_all:all_rank_consensus,population_verification,pd_d192_k3_eval,all_rank_consensus,all_recorded_populations,True,False,6,dev,1160225,9474,0,206.1212295973772,False,29
pd_d192_k3_eval:population_all:all_rank_consensus,population_verification,pd_d192_k3_eval,all_rank_consensus,all_recorded_populations,True,False,7,test,1208937,9886,77,165.95831140225366,False,19
pd_d192_k3_eval:population_all:all_rank_consensus,population_verification,pd_d192_k3_eval,all_rank_consensus,all_recorded_populations,True,False,8,dev,1592285,12683,4,10.273771126955417,True,29
pd_d192_k3_eval:population_all:all_rank_consensus,population_verification,pd_d192_k3_eval,all_rank_consensus,all_recorded_populations,True,False,9,test,1903024,15156,68,19.98422503927505,True,29
pd_d192_k3_eval:population_all:all_rank_consensus,population_verification,pd_d192_k3_eval,all_rank_consensus,all_recorded_populations,True,False,10,dev,1948264,15612,0,106.1312819404405,False,29
pd_d192_k3_eval:population_all:all_rank_consensus,population_verification,pd_d192_k3_eval,all_rank_consensus,all_recorded_populations,True,False,11,test,2162198,17247,85,19.92655961850648,True,29
pd_d192_k3_eval:population_elite:all_rank_consensus,elite_verification,pd_d192_k3_eval,all_rank_consensus,recorded_generator_elites,True,False,0,dev,245806,2044,46,10.389715303118104,True,29
pd_d192_k3_eval:population_elite:all_rank_consensus,elite_verification,pd_d192_k3_eval,all_rank_consensus,recorded_generator_elites,True,False,1,test,296763,2520,55,18.705364685570245,True,29
pd_d192_k3_eval:population_elite:all_rank_consensus,elite_verification,pd_d192_k3_eval,all_rank_consensus,recorded_generator_elites,True,False,2,dev,471147,3828,39,0.9126607125950588,True,29
pd_d192_k3_eval:population_elite:all_rank_consensus,elite_verification,pd_d192_k3_eval,all_rank_consensus,recorded_generator_elites,True,False,3,test,848701,6847,14,211.92908464209208,False,29
pd_d192_k3_eval:population_elite:all_rank_consensus,elite_verification,pd_d192_k3_eval,all_rank_consensus,recorded_generator_elites,True,False,4,dev,1049810,8454,45,262.49519076466873,False,19
pd_d192_k3_eval:population_elite:all_rank_consensus,elite_verification,pd_d192_k3_eval,all_rank_consensus,recorded_generator_elites,True,False,5,test,1122504,9098,3,48.55513259153532,False,29
pd_d192_k3_eval:population_elite:all_rank_consensus,elite_verification,pd_d192_k3_eval,all_rank_consensus,recorded_generator_elites,True,False,6,dev,1160225,9474,0,206.1212295973772,False,29
pd_d192_k3_eval:population_elite:all_rank_consensus,elite_verification,pd_d192_k3_eval,all_rank_consensus,recorded_generator_elites,True,False,7,test,1208937,9886,77,153.82742094429773,False,19
pd_d192_k3_eval:population_elite:all_rank_consensus,elite_verification,pd_d192_k3_eval,all_rank_consensus,recorded_generator_elites,True,False,8,dev,1592285,12683,4,10.273771126955417,True,29
pd_d192_k3_eval:population_elite:all_rank_consensus,elite_verification,pd_d192_k3_eval,all_rank_consensus,recorded_generator_elites,True,False,9,test,1903024,15156,68,19.98422503927505,True,29
pd_d192_k3_eval:population_elite:all_rank_consensus,elite_verification,pd_d192_k3_eval,all_rank_consensus,recorded_generator_elites,True,False,10,dev,1948264,15612,0,106.1312819404405,False,29
pd_d192_k3_eval:population_elite:all_rank_consensus,elite_verification,pd_d192_k3_eval,all_rank_consensus,recorded_generator_elites,True,False,11,test,2162198,17247,85,14.295588531430527,True,29
pd_d192_k3_eval:population_all:nonself_rank_consensus,population_verification,pd_d192_k3_eval,nonself_rank_consensus,all_recorded_populations,True,False,0,dev,245806,2044,46,17.207882791098307,True,29
pd_d192_k3_eval:population_all:nonself_rank_consensus,population_verification,pd_d192_k3_eval,nonself_rank_consensus,all_recorded_populations,True,False,1,test,296763,2520,55,18.5529927822604,True,29
pd_d192_k3_eval:population_all:nonself_rank_consensus,population_verification,pd_d192_k3_eval,nonself_rank_consensus,all_recorded_populations,True,False,2,dev,471147,3828,39,8.655405917264213,True,19
pd_d192_k3_eval:population_all:nonself_rank_consensus,population_verification,pd_d192_k3_eval,nonself_rank_consensus,all_recorded_populations,True,False,3,test,848701,6847,14,222.90755257458758,False,19
pd_d192_k3_eval:population_all:nonself_rank_consensus,population_verification,pd_d192_k3_eval,nonself_rank_consensus,all_recorded_populations,True,False,4,dev,1049810,8454,45,293.09487360135336,False,29
pd_d192_k3_eval:population_all:nonself_rank_consensus,population_verification,pd_d192_k3_eval,nonself_rank_consensus,all_recorded_populations,True,False,5,test,1122504,9098,3,6.571308189663401,True,29
pd_d192_k3_eval:population_all:nonself_rank_consensus,population_verification,pd_d192_k3_eval,nonself_rank_consensus,all_recorded_populations,True,False,6,dev,1160225,9474,0,188.52067110071962,False,4
pd_d192_k3_eval:population_all:nonself_rank_consensus,population_verification,pd_d192_k3_eval,nonself_rank_consensus,all_recorded_populations,True,False,7,test,1208937,9886,77,137.41992022251318,False,19
pd_d192_k3_eval:population_all:nonself_rank_consensus,population_verification,pd_d192_k3_eval,nonself_rank_consensus,all_recorded_populations,True,False,8,dev,1592285,12683,4,7.737560753873433,True,29
pd_d192_k3_eval:population_all:nonself_rank_consensus,population_verification,pd_d192_k3_eval,nonself_rank_consensus,all_recorded_populations,True,False,9,test,1903024,15156,68,17.99163282300008,True,9
pd_d192_k3_eval:population_all:nonself_rank_consensus,population_verification,pd_d192_k3_eval,nonself_rank_consensus,all_recorded_populations,True,False,10,dev,1948264,15612,0,85.25236521482694,False,29
pd_d192_k3_eval:population_all:nonself_rank_consensus,population_verification,pd_d192_k3_eval,nonself_rank_consensus,all_recorded_populations,True,False,11,test,2162198,17247,85,15.756050102429723,True,29
pd_d192_k3_eval:population_elite:nonself_rank_consensus,elite_verification,pd_d192_k3_eval,nonself_rank_consensus,recorded_generator_elites,True,False,0,dev,245806,2044,46,10.389715303118104,True,29
pd_d192_k3_eval:population_elite:nonself_rank_consensus,elite_verification,pd_d192_k3_eval,nonself_rank_consensus,recorded_generator_elites,True,False,1,test,296763,2520,55,19.22701714935593,True,19
pd_d192_k3_eval:population_elite:nonself_rank_consensus,elite_verification,pd_d192_k3_eval,nonself_rank_consensus,recorded_generator_elites,True,False,2,dev,471147,3828,39,29.10007886416678,False,9
pd_d192_k3_eval:population_elite:nonself_rank_consensus,elite_verification,pd_d192_k3_eval,nonself_rank_consensus,recorded_generator_elites,True,False,3,test,848701,6847,14,216.23320731483506,False,19
pd_d192_k3_eval:population_elite:nonself_rank_consensus,elite_verification,pd_d192_k3_eval,nonself_rank_consensus,recorded_generator_elites,True,False,4,dev,1049810,8454,45,262.49519076466873,False,19
pd_d192_k3_eval:population_elite:nonself_rank_consensus,elite_verification,pd_d192_k3_eval,nonself_rank_consensus,recorded_generator_elites,True,False,5,test,1122504,9098,3,43.96727454033215,False,29
pd_d192_k3_eval:population_elite:nonself_rank_consensus,elite_verification,pd_d192_k3_eval,nonself_rank_consensus,recorded_generator_elites,True,False,6,dev,1160225,9474,0,206.1212295973772,False,29
pd_d192_k3_eval:population_elite:nonself_rank_consensus,elite_verification,pd_d192_k3_eval,nonself_rank_consensus,recorded_generator_elites,True,False,7,test,1208937,9886,77,99.40019563232917,False,9
pd_d192_k3_eval:population_elite:nonself_rank_consensus,elite_verification,pd_d192_k3_eval,nonself_rank_consensus,recorded_generator_elites,True,False,8,dev,1592285,12683,4,10.273771126955417,True,29
pd_d192_k3_eval:population_elite:nonself_rank_consensus,elite_verification,pd_d192_k3_eval,nonself_rank_consensus,recorded_generator_elites,True,False,9,test,1903024,15156,68,17.99163282300008,True,9
pd_d192_k3_eval:population_elite:nonself_rank_consensus,elite_verification,pd_d192_k3_eval,nonself_rank_consensus,recorded_generator_elites,True,False,10,dev,1948264,15612,0,106.1312819404405,False,29
pd_d192_k3_eval:population_elite:nonself_rank_consensus,elite_verification,pd_d192_k3_eval,nonself_rank_consensus,recorded_generator_elites,True,False,11,test,2162198,17247,85,23.237408383793802,False,19
iter2_multistep_eval:returned:final,baseline,iter2_multistep_eval,fixed_step_29,returned_means,True,False,0,dev,245806,2044,46,558.4715812833833,False,29
iter2_multistep_eval:returned:final,baseline,iter2_multistep_eval,fixed_step_29,returned_means,True,False,1,test,296763,2520,55,15.256432011297015,True,29
iter2_multistep_eval:returned:final,baseline,iter2_multistep_eval,fixed_step_29,returned_means,True,False,2,dev,471147,3828,39,19.994859485471355,True,29
iter2_multistep_eval:returned:final,baseline,iter2_multistep_eval,fixed_step_29,returned_means,True,False,3,test,848701,6847,14,39.204622704462835,False,29
iter2_multistep_eval:returned:final,baseline,iter2_multistep_eval,fixed_step_29,returned_means,True,False,4,dev,1049810,8454,45,189.49975528196123,False,29
iter2_multistep_eval:returned:final,baseline,iter2_multistep_eval,fixed_step_29,returned_means,True,False,5,test,1122504,9098,3,50.023399959296746,False,29
iter2_multistep_eval:returned:final,baseline,iter2_multistep_eval,fixed_step_29,returned_means,True,False,6,dev,1160225,9474,0,252.48047720611146,False,29
iter2_multistep_eval:returned:final,baseline,iter2_multistep_eval,fixed_step_29,returned_means,True,False,7,test,1208937,9886,77,170.33022079021663,False,29
iter2_multistep_eval:returned:final,baseline,iter2_multistep_eval,fixed_step_29,returned_means,True,False,8,dev,1592285,12683,4,19.718774062677852,True,29
iter2_multistep_eval:returned:final,baseline,iter2_multistep_eval,fixed_step_29,returned_means,True,False,9,test,1903024,15156,68,15.67853473673782,True,29
iter2_multistep_eval:returned:final,baseline,iter2_multistep_eval,fixed_step_29,returned_means,True,False,10,dev,1948264,15612,0,43.0817462267209,False,29
iter2_multistep_eval:returned:final,baseline,iter2_multistep_eval,fixed_step_29,returned_means,True,False,11,test,2162198,17247,85,12.877689048933089,True,29
iter2_multistep_eval:returned:fixed_step_0,fixed_round,iter2_multistep_eval,fixed_step_0,returned_means,True,False,0,dev,245806,2044,46,269.0860579039894,False,0
iter2_multistep_eval:returned:fixed_step_0,fixed_round,iter2_multistep_eval,fixed_step_0,returned_means,True,False,1,test,296763,2520,55,85.8649437685025,False,0
iter2_multistep_eval:returned:fixed_step_0,fixed_round,iter2_multistep_eval,fixed_step_0,returned_means,True,False,2,dev,471147,3828,39,110.33403527340754,False,0
iter2_multistep_eval:returned:fixed_step_0,fixed_round,iter2_multistep_eval,fixed_step_0,returned_means,True,False,3,test,848701,6847,14,199.13357031967155,False,0
iter2_multistep_eval:returned:fixed_step_0,fixed_round,iter2_multistep_eval,fixed_step_0,returned_means,True,False,4,dev,1049810,8454,45,254.19135853453864,False,0
iter2_multistep_eval:returned:fixed_step_0,fixed_round,iter2_multistep_eval,fixed_step_0,returned_means,True,False,5,test,1122504,9098,3,113.19751257360008,False,0
iter2_multistep_eval:returned:fixed_step_0,fixed_round,iter2_multistep_eval,fixed_step_0,returned_means,True,False,6,dev,1160225,9474,0,237.68626025611783,False,0
iter2_multistep_eval:returned:fixed_step_0,fixed_round,iter2_multistep_eval,fixed_step_0,returned_means,True,False,7,test,1208937,9886,77,57.530398944951166,False,0
iter2_multistep_eval:returned:fixed_step_0,fixed_round,iter2_multistep_eval,fixed_step_0,returned_means,True,False,8,dev,1592285,12683,4,83.22884533013095,False,0
iter2_multistep_eval:returned:fixed_step_0,fixed_round,iter2_multistep_eval,fixed_step_0,returned_means,True,False,9,test,1903024,15156,68,84.85865896861398,False,0
iter2_multistep_eval:returned:fixed_step_0,fixed_round,iter2_multistep_eval,fixed_step_0,returned_means,True,False,10,dev,1948264,15612,0,83.8963970391836,False,0
iter2_multistep_eval:returned:fixed_step_0,fixed_round,iter2_multistep_eval,fixed_step_0,returned_means,True,False,11,test,2162198,17247,85,88.34726611932851,False,0
iter2_multistep_eval:returned:fixed_step_1,fixed_round,iter2_multistep_eval,fixed_step_1,returned_means,True,False,0,dev,245806,2044,46,260.0419850810929,False,1
iter2_multistep_eval:returned:fixed_step_1,fixed_round,iter2_multistep_eval,fixed_step_1,returned_means,True,False,1,test,296763,2520,55,16.61275940474166,True,1
iter2_multistep_eval:returned:fixed_step_1,fixed_round,iter2_multistep_eval,fixed_step_1,returned_means,True,False,2,dev,471147,3828,39,55.419346332168395,False,1
iter2_multistep_eval:returned:fixed_step_1,fixed_round,iter2_multistep_eval,fixed_step_1,returned_means,True,False,3,test,848701,6847,14,148.29549930285384,False,1
iter2_multistep_eval:returned:fixed_step_1,fixed_round,iter2_multistep_eval,fixed_step_1,returned_means,True,False,4,dev,1049810,8454,45,264.88155575288795,False,1
iter2_multistep_eval:returned:fixed_step_1,fixed_round,iter2_multistep_eval,fixed_step_1,returned_means,True,False,5,test,1122504,9098,3,59.20532496388769,False,1
iter2_multistep_eval:returned:fixed_step_1,fixed_round,iter2_multistep_eval,fixed_step_1,returned_means,True,False,6,dev,1160225,9474,0,249.4079077287482,False,1
iter2_multistep_eval:returned:fixed_step_1,fixed_round,iter2_multistep_eval,fixed_step_1,returned_means,True,False,7,test,1208937,9886,77,60.46087559341037,False,1
iter2_multistep_eval:returned:fixed_step_1,fixed_round,iter2_multistep_eval,fixed_step_1,returned_means,True,False,8,dev,1592285,12683,4,58.526527564997245,False,1
iter2_multistep_eval:returned:fixed_step_1,fixed_round,iter2_multistep_eval,fixed_step_1,returned_means,True,False,9,test,1903024,15156,68,39.59165546608343,False,1
iter2_multistep_eval:returned:fixed_step_1,fixed_round,iter2_multistep_eval,fixed_step_1,returned_means,True,False,10,dev,1948264,15612,0,100.39197028732704,False,1
iter2_multistep_eval:returned:fixed_step_1,fixed_round,iter2_multistep_eval,fixed_step_1,returned_means,True,False,11,test,2162198,17247,85,75.20333422234873,False,1
iter2_multistep_eval:returned:fixed_step_2,fixed_round,iter2_multistep_eval,fixed_step_2,returned_means,True,False,0,dev,245806,2044,46,253.85460512953142,False,2
iter2_multistep_eval:returned:fixed_step_2,fixed_round,iter2_multistep_eval,fixed_step_2,returned_means,True,False,1,test,296763,2520,55,17.882966915650286,True,2
iter2_multistep_eval:returned:fixed_step_2,fixed_round,iter2_multistep_eval,fixed_step_2,returned_means,True,False,2,dev,471147,3828,39,39.297817407797766,False,2
iter2_multistep_eval:returned:fixed_step_2,fixed_round,iter2_multistep_eval,fixed_step_2,returned_means,True,False,3,test,848701,6847,14,99.89355347767825,False,2
iter2_multistep_eval:returned:fixed_step_2,fixed_round,iter2_multistep_eval,fixed_step_2,returned_means,True,False,4,dev,1049810,8454,45,305.0528796485633,False,2
iter2_multistep_eval:returned:fixed_step_2,fixed_round,iter2_multistep_eval,fixed_step_2,returned_means,True,False,5,test,1122504,9098,3,49.33743623811139,False,2
iter2_multistep_eval:returned:fixed_step_2,fixed_round,iter2_multistep_eval,fixed_step_2,returned_means,True,False,6,dev,1160225,9474,0,250.33446783465905,False,2
iter2_multistep_eval:returned:fixed_step_2,fixed_round,iter2_multistep_eval,fixed_step_2,returned_means,True,False,7,test,1208937,9886,77,60.244589756833534,False,2
iter2_multistep_eval:returned:fixed_step_2,fixed_round,iter2_multistep_eval,fixed_step_2,returned_means,True,False,8,dev,1592285,12683,4,52.466683516527546,False,2
iter2_multistep_eval:returned:fixed_step_2,fixed_round,iter2_multistep_eval,fixed_step_2,returned_means,True,False,9,test,1903024,15156,68,22.850516951935326,False,2
iter2_multistep_eval:returned:fixed_step_2,fixed_round,iter2_multistep_eval,fixed_step_2,returned_means,True,False,10,dev,1948264,15612,0,106.5483920048556,False,2
iter2_multistep_eval:returned:fixed_step_2,fixed_round,iter2_multistep_eval,fixed_step_2,returned_means,True,False,11,test,2162198,17247,85,84.9937637281285,False,2
iter2_multistep_eval:returned:fixed_step_4,fixed_round,iter2_multistep_eval,fixed_step_4,returned_means,True,False,0,dev,245806,2044,46,280.0453133284227,False,4
iter2_multistep_eval:returned:fixed_step_4,fixed_round,iter2_multistep_eval,fixed_step_4,returned_means,True,False,1,test,296763,2520,55,19.332879751818652,True,4
iter2_multistep_eval:returned:fixed_step_4,fixed_round,iter2_multistep_eval,fixed_step_4,returned_means,True,False,2,dev,471147,3828,39,15.960720052818615,True,4
iter2_multistep_eval:returned:fixed_step_4,fixed_round,iter2_multistep_eval,fixed_step_4,returned_means,True,False,3,test,848701,6847,14,29.48764276690898,False,4
iter2_multistep_eval:returned:fixed_step_4,fixed_round,iter2_multistep_eval,fixed_step_4,returned_means,True,False,4,dev,1049810,8454,45,352.22025961678975,False,4
iter2_multistep_eval:returned:fixed_step_4,fixed_round,iter2_multistep_eval,fixed_step_4,returned_means,True,False,5,test,1122504,9098,3,49.97408504737008,False,4
iter2_multistep_eval:returned:fixed_step_4,fixed_round,iter2_multistep_eval,fixed_step_4,returned_means,True,False,6,dev,1160225,9474,0,256.29207237248914,False,4
iter2_multistep_eval:returned:fixed_step_4,fixed_round,iter2_multistep_eval,fixed_step_4,returned_means,True,False,7,test,1208937,9886,77,69.47959025539872,False,4
iter2_multistep_eval:returned:fixed_step_4,fixed_round,iter2_multistep_eval,fixed_step_4,returned_means,True,False,8,dev,1592285,12683,4,58.202029021784256,False,4
iter2_multistep_eval:returned:fixed_step_4,fixed_round,iter2_multistep_eval,fixed_step_4,returned_means,True,False,9,test,1903024,15156,68,21.13014470150674,True,4
iter2_multistep_eval:returned:fixed_step_4,fixed_round,iter2_multistep_eval,fixed_step_4,returned_means,True,False,10,dev,1948264,15612,0,111.65091425996224,False,4
iter2_multistep_eval:returned:fixed_step_4,fixed_round,iter2_multistep_eval,fixed_step_4,returned_means,True,False,11,test,2162198,17247,85,87.18564691138545,False,4
iter2_multistep_eval:returned:fixed_step_9,fixed_round,iter2_multistep_eval,fixed_step_9,returned_means,True,False,0,dev,245806,2044,46,397.9245824876242,False,9
iter2_multistep_eval:returned:fixed_step_9,fixed_round,iter2_multistep_eval,fixed_step_9,returned_means,True,False,1,test,296763,2520,55,19.415462831906375,True,9
iter2_multistep_eval:returned:fixed_step_9,fixed_round,iter2_multistep_eval,fixed_step_9,returned_means,True,False,2,dev,471147,3828,39,19.73054770837698,True,9
iter2_multistep_eval:returned:fixed_step_9,fixed_round,iter2_multistep_eval,fixed_step_9,returned_means,True,False,3,test,848701,6847,14,25.165324598499772,True,9
iter2_multistep_eval:returned:fixed_step_9,fixed_round,iter2_multistep_eval,fixed_step_9,returned_means,True,False,4,dev,1049810,8454,45,218.8967061289656,False,9
iter2_multistep_eval:returned:fixed_step_9,fixed_round,iter2_multistep_eval,fixed_step_9,returned_means,True,False,5,test,1122504,9098,3,51.04372938015107,False,9
iter2_multistep_eval:returned:fixed_step_9,fixed_round,iter2_multistep_eval,fixed_step_9,returned_means,True,False,6,dev,1160225,9474,0,261.6963366081077,False,9
iter2_multistep_eval:returned:fixed_step_9,fixed_round,iter2_multistep_eval,fixed_step_9,returned_means,True,False,7,test,1208937,9886,77,165.17898514582185,False,9
iter2_multistep_eval:returned:fixed_step_9,fixed_round,iter2_multistep_eval,fixed_step_9,returned_means,True,False,8,dev,1592285,12683,4,71.1037441578685,False,9
iter2_multistep_eval:returned:fixed_step_9,fixed_round,iter2_multistep_eval,fixed_step_9,returned_means,True,False,9,test,1903024,15156,68,20.96251291482383,True,9
iter2_multistep_eval:returned:fixed_step_9,fixed_round,iter2_multistep_eval,fixed_step_9,returned_means,True,False,10,dev,1948264,15612,0,105.9928635005437,False,9
iter2_multistep_eval:returned:fixed_step_9,fixed_round,iter2_multistep_eval,fixed_step_9,returned_means,True,False,11,test,2162198,17247,85,54.37199109132184,False,9
iter2_multistep_eval:returned:fixed_step_19,fixed_round,iter2_multistep_eval,fixed_step_19,returned_means,True,False,0,dev,245806,2044,46,530.5248799987287,False,19
iter2_multistep_eval:returned:fixed_step_19,fixed_round,iter2_multistep_eval,fixed_step_19,returned_means,True,False,1,test,296763,2520,55,11.575763229362705,True,19
iter2_multistep_eval:returned:fixed_step_19,fixed_round,iter2_multistep_eval,fixed_step_19,returned_means,True,False,2,dev,471147,3828,39,17.482813881092635,True,19
iter2_multistep_eval:returned:fixed_step_19,fixed_round,iter2_multistep_eval,fixed_step_19,returned_means,True,False,3,test,848701,6847,14,39.32493903694252,False,19
iter2_multistep_eval:returned:fixed_step_19,fixed_round,iter2_multistep_eval,fixed_step_19,returned_means,True,False,4,dev,1049810,8454,45,207.8162952166412,False,19
iter2_multistep_eval:returned:fixed_step_19,fixed_round,iter2_multistep_eval,fixed_step_19,returned_means,True,False,5,test,1122504,9098,3,54.18779796437135,False,19
iter2_multistep_eval:returned:fixed_step_19,fixed_round,iter2_multistep_eval,fixed_step_19,returned_means,True,False,6,dev,1160225,9474,0,257.8276528674689,False,19
iter2_multistep_eval:returned:fixed_step_19,fixed_round,iter2_multistep_eval,fixed_step_19,returned_means,True,False,7,test,1208937,9886,77,162.05780524122923,False,19
iter2_multistep_eval:returned:fixed_step_19,fixed_round,iter2_multistep_eval,fixed_step_19,returned_means,True,False,8,dev,1592285,12683,4,42.90125857408123,False,19
iter2_multistep_eval:returned:fixed_step_19,fixed_round,iter2_multistep_eval,fixed_step_19,returned_means,True,False,9,test,1903024,15156,68,19.530980979626126,True,19
iter2_multistep_eval:returned:fixed_step_19,fixed_round,iter2_multistep_eval,fixed_step_19,returned_means,True,False,10,dev,1948264,15612,0,69.64913007800187,False,19
iter2_multistep_eval:returned:fixed_step_19,fixed_round,iter2_multistep_eval,fixed_step_19,returned_means,True,False,11,test,2162198,17247,85,14.27320573562575,True,19
iter2_multistep_eval:returned:fixed_step_29,fixed_round,iter2_multistep_eval,fixed_step_29,returned_means,True,False,0,dev,245806,2044,46,558.4715812833833,False,29
iter2_multistep_eval:returned:fixed_step_29,fixed_round,iter2_multistep_eval,fixed_step_29,returned_means,True,False,1,test,296763,2520,55,15.256432011297015,True,29
iter2_multistep_eval:returned:fixed_step_29,fixed_round,iter2_multistep_eval,fixed_step_29,returned_means,True,False,2,dev,471147,3828,39,19.994859485471355,True,29
iter2_multistep_eval:returned:fixed_step_29,fixed_round,iter2_multistep_eval,fixed_step_29,returned_means,True,False,3,test,848701,6847,14,39.204622704462835,False,29
iter2_multistep_eval:returned:fixed_step_29,fixed_round,iter2_multistep_eval,fixed_step_29,returned_means,True,False,4,dev,1049810,8454,45,189.49975528196123,False,29
iter2_multistep_eval:returned:fixed_step_29,fixed_round,iter2_multistep_eval,fixed_step_29,returned_means,True,False,5,test,1122504,9098,3,50.023399959296746,False,29
iter2_multistep_eval:returned:fixed_step_29,fixed_round,iter2_multistep_eval,fixed_step_29,returned_means,True,False,6,dev,1160225,9474,0,252.48047720611146,False,29
iter2_multistep_eval:returned:fixed_step_29,fixed_round,iter2_multistep_eval,fixed_step_29,returned_means,True,False,7,test,1208937,9886,77,170.33022079021663,False,29
iter2_multistep_eval:returned:fixed_step_29,fixed_round,iter2_multistep_eval,fixed_step_29,returned_means,True,False,8,dev,1592285,12683,4,19.718774062677852,True,29
iter2_multistep_eval:returned:fixed_step_29,fixed_round,iter2_multistep_eval,fixed_step_29,returned_means,True,False,9,test,1903024,15156,68,15.67853473673782,True,29
iter2_multistep_eval:returned:fixed_step_29,fixed_round,iter2_multistep_eval,fixed_step_29,returned_means,True,False,10,dev,1948264,15612,0,43.0817462267209,False,29
iter2_multistep_eval:returned:fixed_step_29,fixed_round,iter2_multistep_eval,fixed_step_29,returned_means,True,False,11,test,2162198,17247,85,12.877689048933089,True,29
iter2_multistep_eval:returned:dev_best_round,dev_tuned_fixed_round,iter2_multistep_eval,fixed_step_1,returned_means,True,True,0,dev,245806,2044,46,260.0419850810929,False,1
iter2_multistep_eval:returned:dev_best_round,dev_tuned_fixed_round,iter2_multistep_eval,fixed_step_1,returned_means,True,True,1,test,296763,2520,55,16.61275940474166,True,1
iter2_multistep_eval:returned:dev_best_round,dev_tuned_fixed_round,iter2_multistep_eval,fixed_step_1,returned_means,True,True,2,dev,471147,3828,39,55.419346332168395,False,1
iter2_multistep_eval:returned:dev_best_round,dev_tuned_fixed_round,iter2_multistep_eval,fixed_step_1,returned_means,True,True,3,test,848701,6847,14,148.29549930285384,False,1
iter2_multistep_eval:returned:dev_best_round,dev_tuned_fixed_round,iter2_multistep_eval,fixed_step_1,returned_means,True,True,4,dev,1049810,8454,45,264.88155575288795,False,1
iter2_multistep_eval:returned:dev_best_round,dev_tuned_fixed_round,iter2_multistep_eval,fixed_step_1,returned_means,True,True,5,test,1122504,9098,3,59.20532496388769,False,1
iter2_multistep_eval:returned:dev_best_round,dev_tuned_fixed_round,iter2_multistep_eval,fixed_step_1,returned_means,True,True,6,dev,1160225,9474,0,249.4079077287482,False,1
iter2_multistep_eval:returned:dev_best_round,dev_tuned_fixed_round,iter2_multistep_eval,fixed_step_1,returned_means,True,True,7,test,1208937,9886,77,60.46087559341037,False,1
iter2_multistep_eval:returned:dev_best_round,dev_tuned_fixed_round,iter2_multistep_eval,fixed_step_1,returned_means,True,True,8,dev,1592285,12683,4,58.526527564997245,False,1
iter2_multistep_eval:returned:dev_best_round,dev_tuned_fixed_round,iter2_multistep_eval,fixed_step_1,returned_means,True,True,9,test,1903024,15156,68,39.59165546608343,False,1
iter2_multistep_eval:returned:dev_best_round,dev_tuned_fixed_round,iter2_multistep_eval,fixed_step_1,returned_means,True,True,10,dev,1948264,15612,0,100.39197028732704,False,1
iter2_multistep_eval:returned:dev_best_round,dev_tuned_fixed_round,iter2_multistep_eval,fixed_step_1,returned_means,True,True,11,test,2162198,17247,85,75.20333422234873,False,1
iter2_multistep_eval:returned:score_by_pd_d192_k3_eval,round_verification,iter2_multistep_eval,pd_d192_k3_eval,returned_means,True,False,0,dev,245806,2044,46,558.4715812833833,False,29
iter2_multistep_eval:returned:score_by_pd_d192_k3_eval,round_verification,iter2_multistep_eval,pd_d192_k3_eval,returned_means,True,False,1,test,296763,2520,55,17.882966915650286,True,2
iter2_multistep_eval:returned:score_by_pd_d192_k3_eval,round_verification,iter2_multistep_eval,pd_d192_k3_eval,returned_means,True,False,2,dev,471147,3828,39,19.994859485471355,True,29
iter2_multistep_eval:returned:score_by_pd_d192_k3_eval,round_verification,iter2_multistep_eval,pd_d192_k3_eval,returned_means,True,False,3,test,848701,6847,14,39.32493903694252,False,19
iter2_multistep_eval:returned:score_by_pd_d192_k3_eval,round_verification,iter2_multistep_eval,pd_d192_k3_eval,returned_means,True,False,4,dev,1049810,8454,45,189.49975528196123,False,29
iter2_multistep_eval:returned:score_by_pd_d192_k3_eval,round_verification,iter2_multistep_eval,pd_d192_k3_eval,returned_means,True,False,5,test,1122504,9098,3,50.023399959296746,False,29
iter2_multistep_eval:returned:score_by_pd_d192_k3_eval,round_verification,iter2_multistep_eval,pd_d192_k3_eval,returned_means,True,False,6,dev,1160225,9474,0,237.68626025611783,False,0
iter2_multistep_eval:returned:score_by_pd_d192_k3_eval,round_verification,iter2_multistep_eval,pd_d192_k3_eval,returned_means,True,False,7,test,1208937,9886,77,165.17898514582185,False,9
iter2_multistep_eval:returned:score_by_pd_d192_k3_eval,round_verification,iter2_multistep_eval,pd_d192_k3_eval,returned_means,True,False,8,dev,1592285,12683,4,19.718774062677852,True,29
iter2_multistep_eval:returned:score_by_pd_d192_k3_eval,round_verification,iter2_multistep_eval,pd_d192_k3_eval,returned_means,True,False,9,test,1903024,15156,68,20.96251291482383,True,9
iter2_multistep_eval:returned:score_by_pd_d192_k3_eval,round_verification,iter2_multistep_eval,pd_d192_k3_eval,returned_means,True,False,10,dev,1948264,15612,0,43.0817462267209,False,29
iter2_multistep_eval:returned:score_by_pd_d192_k3_eval,round_verification,iter2_multistep_eval,pd_d192_k3_eval,returned_means,True,False,11,test,2162198,17247,85,12.877689048933089,True,29
iter2_multistep_eval:returned:score_by_iter2_multistep_eval,round_verification,iter2_multistep_eval,iter2_multistep_eval,returned_means,True,False,0,dev,245806,2044,46,558.4715812833833,False,29
iter2_multistep_eval:returned:score_by_iter2_multistep_eval,round_verification,iter2_multistep_eval,iter2_multistep_eval,returned_means,True,False,1,test,296763,2520,55,15.256432011297015,True,29
iter2_multistep_eval:returned:score_by_iter2_multistep_eval,round_verification,iter2_multistep_eval,iter2_multistep_eval,returned_means,True,False,2,dev,471147,3828,39,19.994859485471355,True,29
iter2_multistep_eval:returned:score_by_iter2_multistep_eval,round_verification,iter2_multistep_eval,iter2_multistep_eval,returned_means,True,False,3,test,848701,6847,14,39.204622704462835,False,29
iter2_multistep_eval:returned:score_by_iter2_multistep_eval,round_verification,iter2_multistep_eval,iter2_multistep_eval,returned_means,True,False,4,dev,1049810,8454,45,189.49975528196123,False,29
iter2_multistep_eval:returned:score_by_iter2_multistep_eval,round_verification,iter2_multistep_eval,iter2_multistep_eval,returned_means,True,False,5,test,1122504,9098,3,50.023399959296746,False,29
iter2_multistep_eval:returned:score_by_iter2_multistep_eval,round_verification,iter2_multistep_eval,iter2_multistep_eval,returned_means,True,False,6,dev,1160225,9474,0,252.48047720611146,False,29
iter2_multistep_eval:returned:score_by_iter2_multistep_eval,round_verification,iter2_multistep_eval,iter2_multistep_eval,returned_means,True,False,7,test,1208937,9886,77,170.33022079021663,False,29
iter2_multistep_eval:returned:score_by_iter2_multistep_eval,round_verification,iter2_multistep_eval,iter2_multistep_eval,returned_means,True,False,8,dev,1592285,12683,4,19.718774062677852,True,29
iter2_multistep_eval:returned:score_by_iter2_multistep_eval,round_verification,iter2_multistep_eval,iter2_multistep_eval,returned_means,True,False,9,test,1903024,15156,68,15.67853473673782,True,29
iter2_multistep_eval:returned:score_by_iter2_multistep_eval,round_verification,iter2_multistep_eval,iter2_multistep_eval,returned_means,True,False,10,dev,1948264,15612,0,43.0817462267209,False,29
iter2_multistep_eval:returned:score_by_iter2_multistep_eval,round_verification,iter2_multistep_eval,iter2_multistep_eval,returned_means,True,False,11,test,2162198,17247,85,12.877689048933089,True,29
iter2_multistep_eval:returned:score_by_pd_d192_k10_eval,round_verification,iter2_multistep_eval,pd_d192_k10_eval,returned_means,True,False,0,dev,245806,2044,46,280.0453133284227,False,4
iter2_multistep_eval:returned:score_by_pd_d192_k10_eval,round_verification,iter2_multistep_eval,pd_d192_k10_eval,returned_means,True,False,1,test,296763,2520,55,19.332879751818652,True,4
iter2_multistep_eval:returned:score_by_pd_d192_k10_eval,round_verification,iter2_multistep_eval,pd_d192_k10_eval,returned_means,True,False,2,dev,471147,3828,39,19.994859485471355,True,29
iter2_multistep_eval:returned:score_by_pd_d192_k10_eval,round_verification,iter2_multistep_eval,pd_d192_k10_eval,returned_means,True,False,3,test,848701,6847,14,39.204622704462835,False,29
iter2_multistep_eval:returned:score_by_pd_d192_k10_eval,round_verification,iter2_multistep_eval,pd_d192_k10_eval,returned_means,True,False,4,dev,1049810,8454,45,189.49975528196123,False,29
iter2_multistep_eval:returned:score_by_pd_d192_k10_eval,round_verification,iter2_multistep_eval,pd_d192_k10_eval,returned_means,True,False,5,test,1122504,9098,3,54.18779796437135,False,19
iter2_multistep_eval:returned:score_by_pd_d192_k10_eval,round_verification,iter2_multistep_eval,pd_d192_k10_eval,returned_means,True,False,6,dev,1160225,9474,0,252.48047720611146,False,29
iter2_multistep_eval:returned:score_by_pd_d192_k10_eval,round_verification,iter2_multistep_eval,pd_d192_k10_eval,returned_means,True,False,7,test,1208937,9886,77,170.33022079021663,False,29
iter2_multistep_eval:returned:score_by_pd_d192_k10_eval,round_verification,iter2_multistep_eval,pd_d192_k10_eval,returned_means,True,False,8,dev,1592285,12683,4,19.718774062677852,True,29
iter2_multistep_eval:returned:score_by_pd_d192_k10_eval,round_verification,iter2_multistep_eval,pd_d192_k10_eval,returned_means,True,False,9,test,1903024,15156,68,20.96251291482383,True,9
iter2_multistep_eval:returned:score_by_pd_d192_k10_eval,round_verification,iter2_multistep_eval,pd_d192_k10_eval,returned_means,True,False,10,dev,1948264,15612,0,69.64913007800187,False,19
iter2_multistep_eval:returned:score_by_pd_d192_k10_eval,round_verification,iter2_multistep_eval,pd_d192_k10_eval,returned_means,True,False,11,test,2162198,17247,85,12.877689048933089,True,29
iter2_multistep_eval:returned:consensus,round_verification,iter2_multistep_eval,all_rank_consensus,returned_means,True,False,0,dev,245806,2044,46,558.4715812833833,False,29
iter2_multistep_eval:returned:consensus,round_verification,iter2_multistep_eval,all_rank_consensus,returned_means,True,False,1,test,296763,2520,55,19.332879751818652,True,4
iter2_multistep_eval:returned:consensus,round_verification,iter2_multistep_eval,all_rank_consensus,returned_means,True,False,2,dev,471147,3828,39,19.994859485471355,True,29
iter2_multistep_eval:returned:consensus,round_verification,iter2_multistep_eval,all_rank_consensus,returned_means,True,False,3,test,848701,6847,14,39.204622704462835,False,29
iter2_multistep_eval:returned:consensus,round_verification,iter2_multistep_eval,all_rank_consensus,returned_means,True,False,4,dev,1049810,8454,45,189.49975528196123,False,29
iter2_multistep_eval:returned:consensus,round_verification,iter2_multistep_eval,all_rank_consensus,returned_means,True,False,5,test,1122504,9098,3,50.023399959296746,False,29
iter2_multistep_eval:returned:consensus,round_verification,iter2_multistep_eval,all_rank_consensus,returned_means,True,False,6,dev,1160225,9474,0,252.48047720611146,False,29
iter2_multistep_eval:returned:consensus,round_verification,iter2_multistep_eval,all_rank_consensus,returned_means,True,False,7,test,1208937,9886,77,170.33022079021663,False,29
iter2_multistep_eval:returned:consensus,round_verification,iter2_multistep_eval,all_rank_consensus,returned_means,True,False,8,dev,1592285,12683,4,19.718774062677852,True,29
iter2_multistep_eval:returned:consensus,round_verification,iter2_multistep_eval,all_rank_consensus,returned_means,True,False,9,test,1903024,15156,68,20.96251291482383,True,9
iter2_multistep_eval:returned:consensus,round_verification,iter2_multistep_eval,all_rank_consensus,returned_means,True,False,10,dev,1948264,15612,0,43.0817462267209,False,29
iter2_multistep_eval:returned:consensus,round_verification,iter2_multistep_eval,all_rank_consensus,returned_means,True,False,11,test,2162198,17247,85,12.877689048933089,True,29
iter2_multistep_eval:returned:nonself_consensus,round_verification,iter2_multistep_eval,nonself_rank_consensus,returned_means,True,False,0,dev,245806,2044,46,530.5248799987287,False,19
iter2_multistep_eval:returned:nonself_consensus,round_verification,iter2_multistep_eval,nonself_rank_consensus,returned_means,True,False,1,test,296763,2520,55,17.882966915650286,True,2
iter2_multistep_eval:returned:nonself_consensus,round_verification,iter2_multistep_eval,nonself_rank_consensus,returned_means,True,False,2,dev,471147,3828,39,19.994859485471355,True,29
iter2_multistep_eval:returned:nonself_consensus,round_verification,iter2_multistep_eval,nonself_rank_consensus,returned_means,True,False,3,test,848701,6847,14,39.32493903694252,False,19
iter2_multistep_eval:returned:nonself_consensus,round_verification,iter2_multistep_eval,nonself_rank_consensus,returned_means,True,False,4,dev,1049810,8454,45,189.49975528196123,False,29
iter2_multistep_eval:returned:nonself_consensus,round_verification,iter2_multistep_eval,nonself_rank_consensus,returned_means,True,False,5,test,1122504,9098,3,54.18779796437135,False,19
iter2_multistep_eval:returned:nonself_consensus,round_verification,iter2_multistep_eval,nonself_rank_consensus,returned_means,True,False,6,dev,1160225,9474,0,237.68626025611783,False,0
iter2_multistep_eval:returned:nonself_consensus,round_verification,iter2_multistep_eval,nonself_rank_consensus,returned_means,True,False,7,test,1208937,9886,77,165.17898514582185,False,9
iter2_multistep_eval:returned:nonself_consensus,round_verification,iter2_multistep_eval,nonself_rank_consensus,returned_means,True,False,8,dev,1592285,12683,4,19.718774062677852,True,29
iter2_multistep_eval:returned:nonself_consensus,round_verification,iter2_multistep_eval,nonself_rank_consensus,returned_means,True,False,9,test,1903024,15156,68,20.96251291482383,True,9
iter2_multistep_eval:returned:nonself_consensus,round_verification,iter2_multistep_eval,nonself_rank_consensus,returned_means,True,False,10,dev,1948264,15612,0,69.64913007800187,False,19
iter2_multistep_eval:returned:nonself_consensus,round_verification,iter2_multistep_eval,nonself_rank_consensus,returned_means,True,False,11,test,2162198,17247,85,12.877689048933089,True,29
iter2_multistep_eval:returned:oracle_round,oracle_ceiling,iter2_multistep_eval,true_simulator_cost,returned_means,False,False,0,dev,245806,2044,46,253.85460512953142,False,2
iter2_multistep_eval:returned:oracle_round,oracle_ceiling,iter2_multistep_eval,true_simulator_cost,returned_means,False,False,1,test,296763,2520,55,11.575763229362705,True,19
iter2_multistep_eval:returned:oracle_round,oracle_ceiling,iter2_multistep_eval,true_simulator_cost,returned_means,False,False,2,dev,471147,3828,39,15.960720052818615,True,4
iter2_multistep_eval:returned:oracle_round,oracle_ceiling,iter2_multistep_eval,true_simulator_cost,returned_means,False,False,3,test,848701,6847,14,25.165324598499772,True,9
iter2_multistep_eval:returned:oracle_round,oracle_ceiling,iter2_multistep_eval,true_simulator_cost,returned_means,False,False,4,dev,1049810,8454,45,189.49975528196123,False,29
iter2_multistep_eval:returned:oracle_round,oracle_ceiling,iter2_multistep_eval,true_simulator_cost,returned_means,False,False,5,test,1122504,9098,3,49.33743623811139,False,2
iter2_multistep_eval:returned:oracle_round,oracle_ceiling,iter2_multistep_eval,true_simulator_cost,returned_means,False,False,6,dev,1160225,9474,0,237.68626025611783,False,0
iter2_multistep_eval:returned:oracle_round,oracle_ceiling,iter2_multistep_eval,true_simulator_cost,returned_means,False,False,7,test,1208937,9886,77,57.530398944951166,False,0
iter2_multistep_eval:returned:oracle_round,oracle_ceiling,iter2_multistep_eval,true_simulator_cost,returned_means,False,False,8,dev,1592285,12683,4,19.718774062677852,True,29
iter2_multistep_eval:returned:oracle_round,oracle_ceiling,iter2_multistep_eval,true_simulator_cost,returned_means,False,False,9,test,1903024,15156,68,15.67853473673782,True,29
iter2_multistep_eval:returned:oracle_round,oracle_ceiling,iter2_multistep_eval,true_simulator_cost,returned_means,False,False,10,dev,1948264,15612,0,43.0817462267209,False,29
iter2_multistep_eval:returned:oracle_round,oracle_ceiling,iter2_multistep_eval,true_simulator_cost,returned_means,False,False,11,test,2162198,17247,85,12.877689048933089,True,29
iter2_multistep_eval:population_all:score_by_pd_d192_k3_eval,population_verification,iter2_multistep_eval,pd_d192_k3_eval,all_recorded_populations,True,False,0,dev,245806,2044,46,559.186553004019,False,29
iter2_multistep_eval:population_all:score_by_pd_d192_k3_eval,population_verification,iter2_multistep_eval,pd_d192_k3_eval,all_recorded_populations,True,False,1,test,296763,2520,55,17.560808458431982,True,19
iter2_multistep_eval:population_all:score_by_pd_d192_k3_eval,population_verification,iter2_multistep_eval,pd_d192_k3_eval,all_recorded_populations,True,False,2,dev,471147,3828,39,16.748863843344683,True,19
iter2_multistep_eval:population_all:score_by_pd_d192_k3_eval,population_verification,iter2_multistep_eval,pd_d192_k3_eval,all_recorded_populations,True,False,3,test,848701,6847,14,24.979071399578213,True,19
iter2_multistep_eval:population_all:score_by_pd_d192_k3_eval,population_verification,iter2_multistep_eval,pd_d192_k3_eval,all_recorded_populations,True,False,4,dev,1049810,8454,45,187.3440780692384,False,29
iter2_multistep_eval:population_all:score_by_pd_d192_k3_eval,population_verification,iter2_multistep_eval,pd_d192_k3_eval,all_recorded_populations,True,False,5,test,1122504,9098,3,50.742802929633314,False,29
iter2_multistep_eval:population_all:score_by_pd_d192_k3_eval,population_verification,iter2_multistep_eval,pd_d192_k3_eval,all_recorded_populations,True,False,6,dev,1160225,9474,0,207.05283302735694,False,2
iter2_multistep_eval:population_all:score_by_pd_d192_k3_eval,population_verification,iter2_multistep_eval,pd_d192_k3_eval,all_recorded_populations,True,False,7,test,1208937,9886,77,129.67418771644307,False,19
iter2_multistep_eval:population_all:score_by_pd_d192_k3_eval,population_verification,iter2_multistep_eval,pd_d192_k3_eval,all_recorded_populations,True,False,8,dev,1592285,12683,4,77.17698027681749,False,29
iter2_multistep_eval:population_all:score_by_pd_d192_k3_eval,population_verification,iter2_multistep_eval,pd_d192_k3_eval,all_recorded_populations,True,False,9,test,1903024,15156,68,16.05164610660663,True,29
iter2_multistep_eval:population_all:score_by_pd_d192_k3_eval,population_verification,iter2_multistep_eval,pd_d192_k3_eval,all_recorded_populations,True,False,10,dev,1948264,15612,0,31.502888671950824,False,29
iter2_multistep_eval:population_all:score_by_pd_d192_k3_eval,population_verification,iter2_multistep_eval,pd_d192_k3_eval,all_recorded_populations,True,False,11,test,2162198,17247,85,11.103882534617405,True,29
iter2_multistep_eval:population_elite:score_by_pd_d192_k3_eval,elite_verification,iter2_multistep_eval,pd_d192_k3_eval,recorded_generator_elites,True,False,0,dev,245806,2044,46,559.8669925041448,False,29
iter2_multistep_eval:population_elite:score_by_pd_d192_k3_eval,elite_verification,iter2_multistep_eval,pd_d192_k3_eval,recorded_generator_elites,True,False,1,test,296763,2520,55,17.560808458431982,True,19
iter2_multistep_eval:population_elite:score_by_pd_d192_k3_eval,elite_verification,iter2_multistep_eval,pd_d192_k3_eval,recorded_generator_elites,True,False,2,dev,471147,3828,39,18.258379176112776,True,9
iter2_multistep_eval:population_elite:score_by_pd_d192_k3_eval,elite_verification,iter2_multistep_eval,pd_d192_k3_eval,recorded_generator_elites,True,False,3,test,848701,6847,14,24.979071399578213,True,19
iter2_multistep_eval:population_elite:score_by_pd_d192_k3_eval,elite_verification,iter2_multistep_eval,pd_d192_k3_eval,recorded_generator_elites,True,False,4,dev,1049810,8454,45,181.6474715355184,False,29
iter2_multistep_eval:population_elite:score_by_pd_d192_k3_eval,elite_verification,iter2_multistep_eval,pd_d192_k3_eval,recorded_generator_elites,True,False,5,test,1122504,9098,3,50.742802929633314,False,29
iter2_multistep_eval:population_elite:score_by_pd_d192_k3_eval,elite_verification,iter2_multistep_eval,pd_d192_k3_eval,recorded_generator_elites,True,False,6,dev,1160225,9474,0,219.81600449662784,False,0
iter2_multistep_eval:population_elite:score_by_pd_d192_k3_eval,elite_verification,iter2_multistep_eval,pd_d192_k3_eval,recorded_generator_elites,True,False,7,test,1208937,9886,77,181.8282575650551,False,9
iter2_multistep_eval:population_elite:score_by_pd_d192_k3_eval,elite_verification,iter2_multistep_eval,pd_d192_k3_eval,recorded_generator_elites,True,False,8,dev,1592285,12683,4,14.556339265828969,True,29
iter2_multistep_eval:population_elite:score_by_pd_d192_k3_eval,elite_verification,iter2_multistep_eval,pd_d192_k3_eval,recorded_generator_elites,True,False,9,test,1903024,15156,68,20.160183184521923,True,19
iter2_multistep_eval:population_elite:score_by_pd_d192_k3_eval,elite_verification,iter2_multistep_eval,pd_d192_k3_eval,recorded_generator_elites,True,False,10,dev,1948264,15612,0,40.43265332102885,False,29
iter2_multistep_eval:population_elite:score_by_pd_d192_k3_eval,elite_verification,iter2_multistep_eval,pd_d192_k3_eval,recorded_generator_elites,True,False,11,test,2162198,17247,85,5.933973830937701,True,29
iter2_multistep_eval:population_all:score_by_iter2_multistep_eval,population_verification,iter2_multistep_eval,iter2_multistep_eval,all_recorded_populations,True,False,0,dev,245806,2044,46,563.4304199393936,False,29
iter2_multistep_eval:population_all:score_by_iter2_multistep_eval,population_verification,iter2_multistep_eval,iter2_multistep_eval,all_recorded_populations,True,False,1,test,296763,2520,55,14.11689069513045,True,29
iter2_multistep_eval:population_all:score_by_iter2_multistep_eval,population_verification,iter2_multistep_eval,iter2_multistep_eval,all_recorded_populations,True,False,2,dev,471147,3828,39,15.99158861098376,True,29
iter2_multistep_eval:population_all:score_by_iter2_multistep_eval,population_verification,iter2_multistep_eval,iter2_multistep_eval,all_recorded_populations,True,False,3,test,848701,6847,14,39.90216052605669,False,29
iter2_multistep_eval:population_all:score_by_iter2_multistep_eval,population_verification,iter2_multistep_eval,iter2_multistep_eval,all_recorded_populations,True,False,4,dev,1049810,8454,45,188.09069403414892,False,29
iter2_multistep_eval:population_all:score_by_iter2_multistep_eval,population_verification,iter2_multistep_eval,iter2_multistep_eval,all_recorded_populations,True,False,5,test,1122504,9098,3,51.79539969133768,False,29
iter2_multistep_eval:population_all:score_by_iter2_multistep_eval,population_verification,iter2_multistep_eval,iter2_multistep_eval,all_recorded_populations,True,False,6,dev,1160225,9474,0,252.90940120900854,False,29
iter2_multistep_eval:population_all:score_by_iter2_multistep_eval,population_verification,iter2_multistep_eval,iter2_multistep_eval,all_recorded_populations,True,False,7,test,1208937,9886,77,170.77863204738523,False,29
iter2_multistep_eval:population_all:score_by_iter2_multistep_eval,population_verification,iter2_multistep_eval,iter2_multistep_eval,all_recorded_populations,True,False,8,dev,1592285,12683,4,15.975403113773917,True,29
iter2_multistep_eval:population_all:score_by_iter2_multistep_eval,population_verification,iter2_multistep_eval,iter2_multistep_eval,all_recorded_populations,True,False,9,test,1903024,15156,68,15.437064437655854,True,29
iter2_multistep_eval:population_all:score_by_iter2_multistep_eval,population_verification,iter2_multistep_eval,iter2_multistep_eval,all_recorded_populations,True,False,10,dev,1948264,15612,0,39.793689332904016,False,29
iter2_multistep_eval:population_all:score_by_iter2_multistep_eval,population_verification,iter2_multistep_eval,iter2_multistep_eval,all_recorded_populations,True,False,11,test,2162198,17247,85,12.081550581774623,True,29
iter2_multistep_eval:population_elite:score_by_iter2_multistep_eval,elite_verification,iter2_multistep_eval,iter2_multistep_eval,recorded_generator_elites,True,False,0,dev,245806,2044,46,563.4304199393936,False,29
iter2_multistep_eval:population_elite:score_by_iter2_multistep_eval,elite_verification,iter2_multistep_eval,iter2_multistep_eval,recorded_generator_elites,True,False,1,test,296763,2520,55,14.11689069513045,True,29
iter2_multistep_eval:population_elite:score_by_iter2_multistep_eval,elite_verification,iter2_multistep_eval,iter2_multistep_eval,recorded_generator_elites,True,False,2,dev,471147,3828,39,15.99158861098376,True,29
iter2_multistep_eval:population_elite:score_by_iter2_multistep_eval,elite_verification,iter2_multistep_eval,iter2_multistep_eval,recorded_generator_elites,True,False,3,test,848701,6847,14,39.90216052605669,False,29
iter2_multistep_eval:population_elite:score_by_iter2_multistep_eval,elite_verification,iter2_multistep_eval,iter2_multistep_eval,recorded_generator_elites,True,False,4,dev,1049810,8454,45,188.09069403414892,False,29
iter2_multistep_eval:population_elite:score_by_iter2_multistep_eval,elite_verification,iter2_multistep_eval,iter2_multistep_eval,recorded_generator_elites,True,False,5,test,1122504,9098,3,51.79539969133768,False,29
iter2_multistep_eval:population_elite:score_by_iter2_multistep_eval,elite_verification,iter2_multistep_eval,iter2_multistep_eval,recorded_generator_elites,True,False,6,dev,1160225,9474,0,252.90940120900854,False,29
iter2_multistep_eval:population_elite:score_by_iter2_multistep_eval,elite_verification,iter2_multistep_eval,iter2_multistep_eval,recorded_generator_elites,True,False,7,test,1208937,9886,77,170.77863204738523,False,29
iter2_multistep_eval:population_elite:score_by_iter2_multistep_eval,elite_verification,iter2_multistep_eval,iter2_multistep_eval,recorded_generator_elites,True,False,8,dev,1592285,12683,4,15.975403113773917,True,29
iter2_multistep_eval:population_elite:score_by_iter2_multistep_eval,elite_verification,iter2_multistep_eval,iter2_multistep_eval,recorded_generator_elites,True,False,9,test,1903024,15156,68,15.437064437655854,True,29
iter2_multistep_eval:population_elite:score_by_iter2_multistep_eval,elite_verification,iter2_multistep_eval,iter2_multistep_eval,recorded_generator_elites,True,False,10,dev,1948264,15612,0,39.793689332904016,False,29
iter2_multistep_eval:population_elite:score_by_iter2_multistep_eval,elite_verification,iter2_multistep_eval,iter2_multistep_eval,recorded_generator_elites,True,False,11,test,2162198,17247,85,12.081550581774623,True,29
iter2_multistep_eval:population_all:score_by_pd_d192_k10_eval,population_verification,iter2_multistep_eval,pd_d192_k10_eval,all_recorded_populations,True,False,0,dev,245806,2044,46,310.17436662040757,False,4
iter2_multistep_eval:population_all:score_by_pd_d192_k10_eval,population_verification,iter2_multistep_eval,pd_d192_k10_eval,all_recorded_populations,True,False,1,test,296763,2520,55,19.114245373991228,True,4
iter2_multistep_eval:population_all:score_by_pd_d192_k10_eval,population_verification,iter2_multistep_eval,pd_d192_k10_eval,all_recorded_populations,True,False,2,dev,471147,3828,39,16.91423701026195,True,4
iter2_multistep_eval:population_all:score_by_pd_d192_k10_eval,population_verification,iter2_multistep_eval,pd_d192_k10_eval,all_recorded_populations,True,False,3,test,848701,6847,14,23.59159609064882,True,29
iter2_multistep_eval:population_all:score_by_pd_d192_k10_eval,population_verification,iter2_multistep_eval,pd_d192_k10_eval,all_recorded_populations,True,False,4,dev,1049810,8454,45,172.4989106201307,False,19
iter2_multistep_eval:population_all:score_by_pd_d192_k10_eval,population_verification,iter2_multistep_eval,pd_d192_k10_eval,all_recorded_populations,True,False,5,test,1122504,9098,3,47.394107411363436,False,29
iter2_multistep_eval:population_all:score_by_pd_d192_k10_eval,population_verification,iter2_multistep_eval,pd_d192_k10_eval,all_recorded_populations,True,False,6,dev,1160225,9474,0,226.5490403093769,False,9
iter2_multistep_eval:population_all:score_by_pd_d192_k10_eval,population_verification,iter2_multistep_eval,pd_d192_k10_eval,all_recorded_populations,True,False,7,test,1208937,9886,77,91.26476294202445,False,9
iter2_multistep_eval:population_all:score_by_pd_d192_k10_eval,population_verification,iter2_multistep_eval,pd_d192_k10_eval,all_recorded_populations,True,False,8,dev,1592285,12683,4,12.88086340450776,True,29
iter2_multistep_eval:population_all:score_by_pd_d192_k10_eval,population_verification,iter2_multistep_eval,pd_d192_k10_eval,all_recorded_populations,True,False,9,test,1903024,15156,68,17.349997294474967,True,29
iter2_multistep_eval:population_all:score_by_pd_d192_k10_eval,population_verification,iter2_multistep_eval,pd_d192_k10_eval,all_recorded_populations,True,False,10,dev,1948264,15612,0,95.14327244167833,False,29
iter2_multistep_eval:population_all:score_by_pd_d192_k10_eval,population_verification,iter2_multistep_eval,pd_d192_k10_eval,all_recorded_populations,True,False,11,test,2162198,17247,85,23.62683400818312,False,29
iter2_multistep_eval:population_elite:score_by_pd_d192_k10_eval,elite_verification,iter2_multistep_eval,pd_d192_k10_eval,recorded_generator_elites,True,False,0,dev,245806,2044,46,303.1861729267086,False,4
iter2_multistep_eval:population_elite:score_by_pd_d192_k10_eval,elite_verification,iter2_multistep_eval,pd_d192_k10_eval,recorded_generator_elites,True,False,1,test,296763,2520,55,19.114245373991228,True,4
iter2_multistep_eval:population_elite:score_by_pd_d192_k10_eval,elite_verification,iter2_multistep_eval,pd_d192_k10_eval,recorded_generator_elites,True,False,2,dev,471147,3828,39,71.49515704509807,False,4
iter2_multistep_eval:population_elite:score_by_pd_d192_k10_eval,elite_verification,iter2_multistep_eval,pd_d192_k10_eval,recorded_generator_elites,True,False,3,test,848701,6847,14,15.856050228952222,True,19
iter2_multistep_eval:population_elite:score_by_pd_d192_k10_eval,elite_verification,iter2_multistep_eval,pd_d192_k10_eval,recorded_generator_elites,True,False,4,dev,1049810,8454,45,166.05967835843714,False,19
iter2_multistep_eval:population_elite:score_by_pd_d192_k10_eval,elite_verification,iter2_multistep_eval,pd_d192_k10_eval,recorded_generator_elites,True,False,5,test,1122504,9098,3,51.07544354815292,False,19
iter2_multistep_eval:population_elite:score_by_pd_d192_k10_eval,elite_verification,iter2_multistep_eval,pd_d192_k10_eval,recorded_generator_elites,True,False,6,dev,1160225,9474,0,249.27461926659112,False,9
iter2_multistep_eval:population_elite:score_by_pd_d192_k10_eval,elite_verification,iter2_multistep_eval,pd_d192_k10_eval,recorded_generator_elites,True,False,7,test,1208937,9886,77,169.24110983667796,False,29
iter2_multistep_eval:population_elite:score_by_pd_d192_k10_eval,elite_verification,iter2_multistep_eval,pd_d192_k10_eval,recorded_generator_elites,True,False,8,dev,1592285,12683,4,14.556339265828969,True,29
iter2_multistep_eval:population_elite:score_by_pd_d192_k10_eval,elite_verification,iter2_multistep_eval,pd_d192_k10_eval,recorded_generator_elites,True,False,9,test,1903024,15156,68,15.652572325723314,True,19
iter2_multistep_eval:population_elite:score_by_pd_d192_k10_eval,elite_verification,iter2_multistep_eval,pd_d192_k10_eval,recorded_generator_elites,True,False,10,dev,1948264,15612,0,48.22252289522397,False,29
iter2_multistep_eval:population_elite:score_by_pd_d192_k10_eval,elite_verification,iter2_multistep_eval,pd_d192_k10_eval,recorded_generator_elites,True,False,11,test,2162198,17247,85,16.178258670659442,True,29
iter2_multistep_eval:population_all:all_rank_consensus,population_verification,iter2_multistep_eval,all_rank_consensus,all_recorded_populations,True,False,0,dev,245806,2044,46,555.1796216154852,False,29
iter2_multistep_eval:population_all:all_rank_consensus,population_verification,iter2_multistep_eval,all_rank_consensus,all_recorded_populations,True,False,1,test,296763,2520,55,18.378757455762603,True,29
iter2_multistep_eval:population_all:all_rank_consensus,population_verification,iter2_multistep_eval,all_rank_consensus,all_recorded_populations,True,False,2,dev,471147,3828,39,19.840564681600767,True,29
iter2_multistep_eval:population_all:all_rank_consensus,population_verification,iter2_multistep_eval,all_rank_consensus,all_recorded_populations,True,False,3,test,848701,6847,14,37.983826822898294,False,29
iter2_multistep_eval:population_all:all_rank_consensus,population_verification,iter2_multistep_eval,all_rank_consensus,all_recorded_populations,True,False,4,dev,1049810,8454,45,187.44758444725178,False,29
iter2_multistep_eval:population_all:all_rank_consensus,population_verification,iter2_multistep_eval,all_rank_consensus,all_recorded_populations,True,False,5,test,1122504,9098,3,52.86582352963541,False,29
iter2_multistep_eval:population_all:all_rank_consensus,population_verification,iter2_multistep_eval,all_rank_consensus,all_recorded_populations,True,False,6,dev,1160225,9474,0,219.81600449662784,False,0
iter2_multistep_eval:population_all:all_rank_consensus,population_verification,iter2_multistep_eval,all_rank_consensus,all_recorded_populations,True,False,7,test,1208937,9886,77,163.98523760535073,False,29
iter2_multistep_eval:population_all:all_rank_consensus,population_verification,iter2_multistep_eval,all_rank_consensus,all_recorded_populations,True,False,8,dev,1592285,12683,4,14.556339265828969,True,29
iter2_multistep_eval:population_all:all_rank_consensus,population_verification,iter2_multistep_eval,all_rank_consensus,all_recorded_populations,True,False,9,test,1903024,15156,68,19.08047471346738,True,29
iter2_multistep_eval:population_all:all_rank_consensus,population_verification,iter2_multistep_eval,all_rank_consensus,all_recorded_populations,True,False,10,dev,1948264,15612,0,44.90308075381013,False,29
iter2_multistep_eval:population_all:all_rank_consensus,population_verification,iter2_multistep_eval,all_rank_consensus,all_recorded_populations,True,False,11,test,2162198,17247,85,12.143177772906915,True,29
iter2_multistep_eval:population_elite:all_rank_consensus,elite_verification,iter2_multistep_eval,all_rank_consensus,recorded_generator_elites,True,False,0,dev,245806,2044,46,555.1796216154852,False,29
iter2_multistep_eval:population_elite:all_rank_consensus,elite_verification,iter2_multistep_eval,all_rank_consensus,recorded_generator_elites,True,False,1,test,296763,2520,55,17.69903560395209,True,19
iter2_multistep_eval:population_elite:all_rank_consensus,elite_verification,iter2_multistep_eval,all_rank_consensus,recorded_generator_elites,True,False,2,dev,471147,3828,39,19.840564681600767,True,29
iter2_multistep_eval:population_elite:all_rank_consensus,elite_verification,iter2_multistep_eval,all_rank_consensus,recorded_generator_elites,True,False,3,test,848701,6847,14,37.983826822898294,False,29
iter2_multistep_eval:population_elite:all_rank_consensus,elite_verification,iter2_multistep_eval,all_rank_consensus,recorded_generator_elites,True,False,4,dev,1049810,8454,45,190.8252307419953,False,29
iter2_multistep_eval:population_elite:all_rank_consensus,elite_verification,iter2_multistep_eval,all_rank_consensus,recorded_generator_elites,True,False,5,test,1122504,9098,3,48.720447490650436,False,29
iter2_multistep_eval:population_elite:all_rank_consensus,elite_verification,iter2_multistep_eval,all_rank_consensus,recorded_generator_elites,True,False,6,dev,1160225,9474,0,219.81600449662784,False,0
iter2_multistep_eval:population_elite:all_rank_consensus,elite_verification,iter2_multistep_eval,all_rank_consensus,recorded_generator_elites,True,False,7,test,1208937,9886,77,163.14986510499247,False,29
iter2_multistep_eval:population_elite:all_rank_consensus,elite_verification,iter2_multistep_eval,all_rank_consensus,recorded_generator_elites,True,False,8,dev,1592285,12683,4,14.556339265828969,True,29
iter2_multistep_eval:population_elite:all_rank_consensus,elite_verification,iter2_multistep_eval,all_rank_consensus,recorded_generator_elites,True,False,9,test,1903024,15156,68,19.08047471346738,True,29
iter2_multistep_eval:population_elite:all_rank_consensus,elite_verification,iter2_multistep_eval,all_rank_consensus,recorded_generator_elites,True,False,10,dev,1948264,15612,0,44.90308075381013,False,29
iter2_multistep_eval:population_elite:all_rank_consensus,elite_verification,iter2_multistep_eval,all_rank_consensus,recorded_generator_elites,True,False,11,test,2162198,17247,85,12.143177772906915,True,29
iter2_multistep_eval:population_all:nonself_rank_consensus,population_verification,iter2_multistep_eval,nonself_rank_consensus,all_recorded_populations,True,False,0,dev,245806,2044,46,522.8751253185534,False,19
iter2_multistep_eval:population_all:nonself_rank_consensus,population_verification,iter2_multistep_eval,nonself_rank_consensus,all_recorded_populations,True,False,1,test,296763,2520,55,14.764935165788673,True,9
iter2_multistep_eval:population_all:nonself_rank_consensus,population_verification,iter2_multistep_eval,nonself_rank_consensus,all_recorded_populations,True,False,2,dev,471147,3828,39,18.258379176112776,True,9
iter2_multistep_eval:population_all:nonself_rank_consensus,population_verification,iter2_multistep_eval,nonself_rank_consensus,all_recorded_populations,True,False,3,test,848701,6847,14,37.983826822898294,False,29
iter2_multistep_eval:population_all:nonself_rank_consensus,population_verification,iter2_multistep_eval,nonself_rank_consensus,all_recorded_populations,True,False,4,dev,1049810,8454,45,178.49316688131518,False,29
iter2_multistep_eval:population_all:nonself_rank_consensus,population_verification,iter2_multistep_eval,nonself_rank_consensus,all_recorded_populations,True,False,5,test,1122504,9098,3,53.79523141122503,False,29
iter2_multistep_eval:population_all:nonself_rank_consensus,population_verification,iter2_multistep_eval,nonself_rank_consensus,all_recorded_populations,True,False,6,dev,1160225,9474,0,202.80329460623165,False,2
iter2_multistep_eval:population_all:nonself_rank_consensus,population_verification,iter2_multistep_eval,nonself_rank_consensus,all_recorded_populations,True,False,7,test,1208937,9886,77,99.87394008238792,False,9
iter2_multistep_eval:population_all:nonself_rank_consensus,population_verification,iter2_multistep_eval,nonself_rank_consensus,all_recorded_populations,True,False,8,dev,1592285,12683,4,77.49211341429374,False,29
iter2_multistep_eval:population_all:nonself_rank_consensus,population_verification,iter2_multistep_eval,nonself_rank_consensus,all_recorded_populations,True,False,9,test,1903024,15156,68,18.897772286870737,True,19
iter2_multistep_eval:population_all:nonself_rank_consensus,population_verification,iter2_multistep_eval,nonself_rank_consensus,all_recorded_populations,True,False,10,dev,1948264,15612,0,39.83554622518176,False,29
iter2_multistep_eval:population_all:nonself_rank_consensus,population_verification,iter2_multistep_eval,nonself_rank_consensus,all_recorded_populations,True,False,11,test,2162198,17247,85,12.143177772906915,True,29
iter2_multistep_eval:population_elite:nonself_rank_consensus,elite_verification,iter2_multistep_eval,nonself_rank_consensus,recorded_generator_elites,True,False,0,dev,245806,2044,46,555.1796216154852,False,29
iter2_multistep_eval:population_elite:nonself_rank_consensus,elite_verification,iter2_multistep_eval,nonself_rank_consensus,recorded_generator_elites,True,False,1,test,296763,2520,55,9.568789929785783,True,1
iter2_multistep_eval:population_elite:nonself_rank_consensus,elite_verification,iter2_multistep_eval,nonself_rank_consensus,recorded_generator_elites,True,False,2,dev,471147,3828,39,18.258379176112776,True,9
iter2_multistep_eval:population_elite:nonself_rank_consensus,elite_verification,iter2_multistep_eval,nonself_rank_consensus,recorded_generator_elites,True,False,3,test,848701,6847,14,37.983826822898294,False,29
iter2_multistep_eval:population_elite:nonself_rank_consensus,elite_verification,iter2_multistep_eval,nonself_rank_consensus,recorded_generator_elites,True,False,4,dev,1049810,8454,45,190.8252307419953,False,29
iter2_multistep_eval:population_elite:nonself_rank_consensus,elite_verification,iter2_multistep_eval,nonself_rank_consensus,recorded_generator_elites,True,False,5,test,1122504,9098,3,48.720447490650436,False,29
iter2_multistep_eval:population_elite:nonself_rank_consensus,elite_verification,iter2_multistep_eval,nonself_rank_consensus,recorded_generator_elites,True,False,6,dev,1160225,9474,0,219.81600449662784,False,0
iter2_multistep_eval:population_elite:nonself_rank_consensus,elite_verification,iter2_multistep_eval,nonself_rank_consensus,recorded_generator_elites,True,False,7,test,1208937,9886,77,168.63548642022994,False,9
iter2_multistep_eval:population_elite:nonself_rank_consensus,elite_verification,iter2_multistep_eval,nonself_rank_consensus,recorded_generator_elites,True,False,8,dev,1592285,12683,4,14.556339265828969,True,29
iter2_multistep_eval:population_elite:nonself_rank_consensus,elite_verification,iter2_multistep_eval,nonself_rank_consensus,recorded_generator_elites,True,False,9,test,1903024,15156,68,18.897772286870737,True,19
iter2_multistep_eval:population_elite:nonself_rank_consensus,elite_verification,iter2_multistep_eval,nonself_rank_consensus,recorded_generator_elites,True,False,10,dev,1948264,15612,0,44.90308075381013,False,29
iter2_multistep_eval:population_elite:nonself_rank_consensus,elite_verification,iter2_multistep_eval,nonself_rank_consensus,recorded_generator_elites,True,False,11,test,2162198,17247,85,12.143177772906915,True,29
pd_d192_k10_eval:returned:final,baseline,pd_d192_k10_eval,fixed_step_29,returned_means,True,False,0,dev,245806,2044,46,313.30258317677885,False,29
pd_d192_k10_eval:returned:final,baseline,pd_d192_k10_eval,fixed_step_29,returned_means,True,False,1,test,296763,2520,55,16.947240121308333,True,29
pd_d192_k10_eval:returned:final,baseline,pd_d192_k10_eval,fixed_step_29,returned_means,True,False,2,dev,471147,3828,39,125.31802353420169,False,29
pd_d192_k10_eval:returned:final,baseline,pd_d192_k10_eval,fixed_step_29,returned_means,True,False,3,test,848701,6847,14,84.29140007291058,False,29
pd_d192_k10_eval:returned:final,baseline,pd_d192_k10_eval,fixed_step_29,returned_means,True,False,4,dev,1049810,8454,45,264.0957239978708,False,29
pd_d192_k10_eval:returned:final,baseline,pd_d192_k10_eval,fixed_step_29,returned_means,True,False,5,test,1122504,9098,3,55.60696141771158,False,29
pd_d192_k10_eval:returned:final,baseline,pd_d192_k10_eval,fixed_step_29,returned_means,True,False,6,dev,1160225,9474,0,223.35711686907757,False,29
pd_d192_k10_eval:returned:final,baseline,pd_d192_k10_eval,fixed_step_29,returned_means,True,False,7,test,1208937,9886,77,71.40670453367478,False,29
pd_d192_k10_eval:returned:final,baseline,pd_d192_k10_eval,fixed_step_29,returned_means,True,False,8,dev,1592285,12683,4,17.37127212822158,True,29
pd_d192_k10_eval:returned:final,baseline,pd_d192_k10_eval,fixed_step_29,returned_means,True,False,9,test,1903024,15156,68,20.288521449454947,True,29
pd_d192_k10_eval:returned:final,baseline,pd_d192_k10_eval,fixed_step_29,returned_means,True,False,10,dev,1948264,15612,0,56.40329137885589,False,29
pd_d192_k10_eval:returned:final,baseline,pd_d192_k10_eval,fixed_step_29,returned_means,True,False,11,test,2162198,17247,85,394.41491612970356,False,29
pd_d192_k10_eval:returned:fixed_step_0,fixed_round,pd_d192_k10_eval,fixed_step_0,returned_means,True,False,0,dev,245806,2044,46,332.55893086352694,False,0
pd_d192_k10_eval:returned:fixed_step_0,fixed_round,pd_d192_k10_eval,fixed_step_0,returned_means,True,False,1,test,296763,2520,55,85.8649437685025,False,0
pd_d192_k10_eval:returned:fixed_step_0,fixed_round,pd_d192_k10_eval,fixed_step_0,returned_means,True,False,2,dev,471147,3828,39,116.30045179022508,False,0
pd_d192_k10_eval:returned:fixed_step_0,fixed_round,pd_d192_k10_eval,fixed_step_0,returned_means,True,False,3,test,848701,6847,14,252.40308281027123,False,0
pd_d192_k10_eval:returned:fixed_step_0,fixed_round,pd_d192_k10_eval,fixed_step_0,returned_means,True,False,4,dev,1049810,8454,45,243.1166146228695,False,0
pd_d192_k10_eval:returned:fixed_step_0,fixed_round,pd_d192_k10_eval,fixed_step_0,returned_means,True,False,5,test,1122504,9098,3,113.369926090769,False,0
pd_d192_k10_eval:returned:fixed_step_0,fixed_round,pd_d192_k10_eval,fixed_step_0,returned_means,True,False,6,dev,1160225,9474,0,201.0219680459829,False,0
pd_d192_k10_eval:returned:fixed_step_0,fixed_round,pd_d192_k10_eval,fixed_step_0,returned_means,True,False,7,test,1208937,9886,77,58.34446865736538,False,0
pd_d192_k10_eval:returned:fixed_step_0,fixed_round,pd_d192_k10_eval,fixed_step_0,returned_means,True,False,8,dev,1592285,12683,4,99.13809839838422,False,0
pd_d192_k10_eval:returned:fixed_step_0,fixed_round,pd_d192_k10_eval,fixed_step_0,returned_means,True,False,9,test,1903024,15156,68,93.33528717899044,False,0
pd_d192_k10_eval:returned:fixed_step_0,fixed_round,pd_d192_k10_eval,fixed_step_0,returned_means,True,False,10,dev,1948264,15612,0,85.74382348451074,False,0
pd_d192_k10_eval:returned:fixed_step_0,fixed_round,pd_d192_k10_eval,fixed_step_0,returned_means,True,False,11,test,2162198,17247,85,166.174997841323,False,0
pd_d192_k10_eval:returned:fixed_step_1,fixed_round,pd_d192_k10_eval,fixed_step_1,returned_means,True,False,0,dev,245806,2044,46,333.79786103624645,False,1
pd_d192_k10_eval:returned:fixed_step_1,fixed_round,pd_d192_k10_eval,fixed_step_1,returned_means,True,False,1,test,296763,2520,55,24.229742519719384,False,1
pd_d192_k10_eval:returned:fixed_step_1,fixed_round,pd_d192_k10_eval,fixed_step_1,returned_means,True,False,2,dev,471147,3828,39,55.65753916791199,False,1
pd_d192_k10_eval:returned:fixed_step_1,fixed_round,pd_d192_k10_eval,fixed_step_1,returned_means,True,False,3,test,848701,6847,14,244.9228335502599,False,1
pd_d192_k10_eval:returned:fixed_step_1,fixed_round,pd_d192_k10_eval,fixed_step_1,returned_means,True,False,4,dev,1049810,8454,45,250.88013409338308,False,1
pd_d192_k10_eval:returned:fixed_step_1,fixed_round,pd_d192_k10_eval,fixed_step_1,returned_means,True,False,5,test,1122504,9098,3,62.42524955290115,False,1
pd_d192_k10_eval:returned:fixed_step_1,fixed_round,pd_d192_k10_eval,fixed_step_1,returned_means,True,False,6,dev,1160225,9474,0,194.70955394485367,False,1
pd_d192_k10_eval:returned:fixed_step_1,fixed_round,pd_d192_k10_eval,fixed_step_1,returned_means,True,False,7,test,1208937,9886,77,74.59320782894085,False,1
pd_d192_k10_eval:returned:fixed_step_1,fixed_round,pd_d192_k10_eval,fixed_step_1,returned_means,True,False,8,dev,1592285,12683,4,67.31192368131525,False,1
pd_d192_k10_eval:returned:fixed_step_1,fixed_round,pd_d192_k10_eval,fixed_step_1,returned_means,True,False,9,test,1903024,15156,68,46.19000855828885,False,1
pd_d192_k10_eval:returned:fixed_step_1,fixed_round,pd_d192_k10_eval,fixed_step_1,returned_means,True,False,10,dev,1948264,15612,0,92.89118318383792,False,1
pd_d192_k10_eval:returned:fixed_step_1,fixed_round,pd_d192_k10_eval,fixed_step_1,returned_means,True,False,11,test,2162198,17247,85,225.54514105116212,False,1
pd_d192_k10_eval:returned:fixed_step_2,fixed_round,pd_d192_k10_eval,fixed_step_2,returned_means,True,False,0,dev,245806,2044,46,324.92243066278917,False,2
pd_d192_k10_eval:returned:fixed_step_2,fixed_round,pd_d192_k10_eval,fixed_step_2,returned_means,True,False,1,test,296763,2520,55,18.529123348053613,True,2
pd_d192_k10_eval:returned:fixed_step_2,fixed_round,pd_d192_k10_eval,fixed_step_2,returned_means,True,False,2,dev,471147,3828,39,47.263237202658495,False,2
pd_d192_k10_eval:returned:fixed_step_2,fixed_round,pd_d192_k10_eval,fixed_step_2,returned_means,True,False,3,test,848701,6847,14,245.7822540641302,False,2
pd_d192_k10_eval:returned:fixed_step_2,fixed_round,pd_d192_k10_eval,fixed_step_2,returned_means,True,False,4,dev,1049810,8454,45,252.54100567882418,False,2
pd_d192_k10_eval:returned:fixed_step_2,fixed_round,pd_d192_k10_eval,fixed_step_2,returned_means,True,False,5,test,1122504,9098,3,46.26956677205615,False,2
pd_d192_k10_eval:returned:fixed_step_2,fixed_round,pd_d192_k10_eval,fixed_step_2,returned_means,True,False,6,dev,1160225,9474,0,193.3380205425741,False,2
pd_d192_k10_eval:returned:fixed_step_2,fixed_round,pd_d192_k10_eval,fixed_step_2,returned_means,True,False,7,test,1208937,9886,77,80.47239158256912,False,2
pd_d192_k10_eval:returned:fixed_step_2,fixed_round,pd_d192_k10_eval,fixed_step_2,returned_means,True,False,8,dev,1592285,12683,4,56.75638689267516,False,2
pd_d192_k10_eval:returned:fixed_step_2,fixed_round,pd_d192_k10_eval,fixed_step_2,returned_means,True,False,9,test,1903024,15156,68,25.29113902074518,True,2
pd_d192_k10_eval:returned:fixed_step_2,fixed_round,pd_d192_k10_eval,fixed_step_2,returned_means,True,False,10,dev,1948264,15612,0,94.90662469517623,False,2
pd_d192_k10_eval:returned:fixed_step_2,fixed_round,pd_d192_k10_eval,fixed_step_2,returned_means,True,False,11,test,2162198,17247,85,275.6144393665181,False,2
pd_d192_k10_eval:returned:fixed_step_4,fixed_round,pd_d192_k10_eval,fixed_step_4,returned_means,True,False,0,dev,245806,2044,46,318.7561959241308,False,4
pd_d192_k10_eval:returned:fixed_step_4,fixed_round,pd_d192_k10_eval,fixed_step_4,returned_means,True,False,1,test,296763,2520,55,17.01240307146065,True,4
pd_d192_k10_eval:returned:fixed_step_4,fixed_round,pd_d192_k10_eval,fixed_step_4,returned_means,True,False,2,dev,471147,3828,39,63.990742466439556,False,4
pd_d192_k10_eval:returned:fixed_step_4,fixed_round,pd_d192_k10_eval,fixed_step_4,returned_means,True,False,3,test,848701,6847,14,227.60104795492992,False,4
pd_d192_k10_eval:returned:fixed_step_4,fixed_round,pd_d192_k10_eval,fixed_step_4,returned_means,True,False,4,dev,1049810,8454,45,253.9723538972215,False,4
pd_d192_k10_eval:returned:fixed_step_4,fixed_round,pd_d192_k10_eval,fixed_step_4,returned_means,True,False,5,test,1122504,9098,3,51.3060253089337,False,4
pd_d192_k10_eval:returned:fixed_step_4,fixed_round,pd_d192_k10_eval,fixed_step_4,returned_means,True,False,6,dev,1160225,9474,0,182.40925482071745,False,4
pd_d192_k10_eval:returned:fixed_step_4,fixed_round,pd_d192_k10_eval,fixed_step_4,returned_means,True,False,7,test,1208937,9886,77,84.67934037446271,False,4
pd_d192_k10_eval:returned:fixed_step_4,fixed_round,pd_d192_k10_eval,fixed_step_4,returned_means,True,False,8,dev,1592285,12683,4,83.06035116979925,False,4
pd_d192_k10_eval:returned:fixed_step_4,fixed_round,pd_d192_k10_eval,fixed_step_4,returned_means,True,False,9,test,1903024,15156,68,22.994385056446582,True,4
pd_d192_k10_eval:returned:fixed_step_4,fixed_round,pd_d192_k10_eval,fixed_step_4,returned_means,True,False,10,dev,1948264,15612,0,94.77416790291927,False,4
pd_d192_k10_eval:returned:fixed_step_4,fixed_round,pd_d192_k10_eval,fixed_step_4,returned_means,True,False,11,test,2162198,17247,85,335.509183141184,False,4
pd_d192_k10_eval:returned:fixed_step_9,fixed_round,pd_d192_k10_eval,fixed_step_9,returned_means,True,False,0,dev,245806,2044,46,316.04167623665046,False,9
pd_d192_k10_eval:returned:fixed_step_9,fixed_round,pd_d192_k10_eval,fixed_step_9,returned_means,True,False,1,test,296763,2520,55,19.97234166781896,True,9
pd_d192_k10_eval:returned:fixed_step_9,fixed_round,pd_d192_k10_eval,fixed_step_9,returned_means,True,False,2,dev,471147,3828,39,128.87402825184915,False,9
pd_d192_k10_eval:returned:fixed_step_9,fixed_round,pd_d192_k10_eval,fixed_step_9,returned_means,True,False,3,test,848701,6847,14,87.0360073001915,False,9
pd_d192_k10_eval:returned:fixed_step_9,fixed_round,pd_d192_k10_eval,fixed_step_9,returned_means,True,False,4,dev,1049810,8454,45,268.4309658648974,False,9
pd_d192_k10_eval:returned:fixed_step_9,fixed_round,pd_d192_k10_eval,fixed_step_9,returned_means,True,False,5,test,1122504,9098,3,51.95661205575055,False,9
pd_d192_k10_eval:returned:fixed_step_9,fixed_round,pd_d192_k10_eval,fixed_step_9,returned_means,True,False,6,dev,1160225,9474,0,189.0235009615993,False,9
pd_d192_k10_eval:returned:fixed_step_9,fixed_round,pd_d192_k10_eval,fixed_step_9,returned_means,True,False,7,test,1208937,9886,77,85.02150319966825,False,9
pd_d192_k10_eval:returned:fixed_step_9,fixed_round,pd_d192_k10_eval,fixed_step_9,returned_means,True,False,8,dev,1592285,12683,4,22.76902693856399,True,9
pd_d192_k10_eval:returned:fixed_step_9,fixed_round,pd_d192_k10_eval,fixed_step_9,returned_means,True,False,9,test,1903024,15156,68,18.910067684279813,True,9
pd_d192_k10_eval:returned:fixed_step_9,fixed_round,pd_d192_k10_eval,fixed_step_9,returned_means,True,False,10,dev,1948264,15612,0,98.81178431753004,False,9
pd_d192_k10_eval:returned:fixed_step_9,fixed_round,pd_d192_k10_eval,fixed_step_9,returned_means,True,False,11,test,2162198,17247,85,372.5651138155975,False,9
pd_d192_k10_eval:returned:fixed_step_19,fixed_round,pd_d192_k10_eval,fixed_step_19,returned_means,True,False,0,dev,245806,2044,46,314.54508795388136,False,19
pd_d192_k10_eval:returned:fixed_step_19,fixed_round,pd_d192_k10_eval,fixed_step_19,returned_means,True,False,1,test,296763,2520,55,15.754399746796546,True,19
pd_d192_k10_eval:returned:fixed_step_19,fixed_round,pd_d192_k10_eval,fixed_step_19,returned_means,True,False,2,dev,471147,3828,39,124.72305304586483,False,19
pd_d192_k10_eval:returned:fixed_step_19,fixed_round,pd_d192_k10_eval,fixed_step_19,returned_means,True,False,3,test,848701,6847,14,81.28647942569489,False,19
pd_d192_k10_eval:returned:fixed_step_19,fixed_round,pd_d192_k10_eval,fixed_step_19,returned_means,True,False,4,dev,1049810,8454,45,266.6908594214,False,19
pd_d192_k10_eval:returned:fixed_step_19,fixed_round,pd_d192_k10_eval,fixed_step_19,returned_means,True,False,5,test,1122504,9098,3,53.92515129734436,False,19
pd_d192_k10_eval:returned:fixed_step_19,fixed_round,pd_d192_k10_eval,fixed_step_19,returned_means,True,False,6,dev,1160225,9474,0,186.65359446031135,False,19
pd_d192_k10_eval:returned:fixed_step_19,fixed_round,pd_d192_k10_eval,fixed_step_19,returned_means,True,False,7,test,1208937,9886,77,79.537916547235,False,19
pd_d192_k10_eval:returned:fixed_step_19,fixed_round,pd_d192_k10_eval,fixed_step_19,returned_means,True,False,8,dev,1592285,12683,4,13.084537155149254,True,19
pd_d192_k10_eval:returned:fixed_step_19,fixed_round,pd_d192_k10_eval,fixed_step_19,returned_means,True,False,9,test,1903024,15156,68,19.46151304208467,True,19
pd_d192_k10_eval:returned:fixed_step_19,fixed_round,pd_d192_k10_eval,fixed_step_19,returned_means,True,False,10,dev,1948264,15612,0,104.26218318482638,False,19
pd_d192_k10_eval:returned:fixed_step_19,fixed_round,pd_d192_k10_eval,fixed_step_19,returned_means,True,False,11,test,2162198,17247,85,381.79480969217394,False,19
pd_d192_k10_eval:returned:fixed_step_29,fixed_round,pd_d192_k10_eval,fixed_step_29,returned_means,True,False,0,dev,245806,2044,46,313.30258317677885,False,29
pd_d192_k10_eval:returned:fixed_step_29,fixed_round,pd_d192_k10_eval,fixed_step_29,returned_means,True,False,1,test,296763,2520,55,16.947240121308333,True,29
pd_d192_k10_eval:returned:fixed_step_29,fixed_round,pd_d192_k10_eval,fixed_step_29,returned_means,True,False,2,dev,471147,3828,39,125.31802353420169,False,29
pd_d192_k10_eval:returned:fixed_step_29,fixed_round,pd_d192_k10_eval,fixed_step_29,returned_means,True,False,3,test,848701,6847,14,84.29140007291058,False,29
pd_d192_k10_eval:returned:fixed_step_29,fixed_round,pd_d192_k10_eval,fixed_step_29,returned_means,True,False,4,dev,1049810,8454,45,264.0957239978708,False,29
pd_d192_k10_eval:returned:fixed_step_29,fixed_round,pd_d192_k10_eval,fixed_step_29,returned_means,True,False,5,test,1122504,9098,3,55.60696141771158,False,29
pd_d192_k10_eval:returned:fixed_step_29,fixed_round,pd_d192_k10_eval,fixed_step_29,returned_means,True,False,6,dev,1160225,9474,0,223.35711686907757,False,29
pd_d192_k10_eval:returned:fixed_step_29,fixed_round,pd_d192_k10_eval,fixed_step_29,returned_means,True,False,7,test,1208937,9886,77,71.40670453367478,False,29
pd_d192_k10_eval:returned:fixed_step_29,fixed_round,pd_d192_k10_eval,fixed_step_29,returned_means,True,False,8,dev,1592285,12683,4,17.37127212822158,True,29
pd_d192_k10_eval:returned:fixed_step_29,fixed_round,pd_d192_k10_eval,fixed_step_29,returned_means,True,False,9,test,1903024,15156,68,20.288521449454947,True,29
pd_d192_k10_eval:returned:fixed_step_29,fixed_round,pd_d192_k10_eval,fixed_step_29,returned_means,True,False,10,dev,1948264,15612,0,56.40329137885589,False,29
pd_d192_k10_eval:returned:fixed_step_29,fixed_round,pd_d192_k10_eval,fixed_step_29,returned_means,True,False,11,test,2162198,17247,85,394.41491612970356,False,29
pd_d192_k10_eval:returned:dev_best_round,dev_tuned_fixed_round,pd_d192_k10_eval,fixed_step_2,returned_means,True,True,0,dev,245806,2044,46,324.92243066278917,False,2
pd_d192_k10_eval:returned:dev_best_round,dev_tuned_fixed_round,pd_d192_k10_eval,fixed_step_2,returned_means,True,True,1,test,296763,2520,55,18.529123348053613,True,2
pd_d192_k10_eval:returned:dev_best_round,dev_tuned_fixed_round,pd_d192_k10_eval,fixed_step_2,returned_means,True,True,2,dev,471147,3828,39,47.263237202658495,False,2
pd_d192_k10_eval:returned:dev_best_round,dev_tuned_fixed_round,pd_d192_k10_eval,fixed_step_2,returned_means,True,True,3,test,848701,6847,14,245.7822540641302,False,2
pd_d192_k10_eval:returned:dev_best_round,dev_tuned_fixed_round,pd_d192_k10_eval,fixed_step_2,returned_means,True,True,4,dev,1049810,8454,45,252.54100567882418,False,2
pd_d192_k10_eval:returned:dev_best_round,dev_tuned_fixed_round,pd_d192_k10_eval,fixed_step_2,returned_means,True,True,5,test,1122504,9098,3,46.26956677205615,False,2
pd_d192_k10_eval:returned:dev_best_round,dev_tuned_fixed_round,pd_d192_k10_eval,fixed_step_2,returned_means,True,True,6,dev,1160225,9474,0,193.3380205425741,False,2
pd_d192_k10_eval:returned:dev_best_round,dev_tuned_fixed_round,pd_d192_k10_eval,fixed_step_2,returned_means,True,True,7,test,1208937,9886,77,80.47239158256912,False,2
pd_d192_k10_eval:returned:dev_best_round,dev_tuned_fixed_round,pd_d192_k10_eval,fixed_step_2,returned_means,True,True,8,dev,1592285,12683,4,56.75638689267516,False,2
pd_d192_k10_eval:returned:dev_best_round,dev_tuned_fixed_round,pd_d192_k10_eval,fixed_step_2,returned_means,True,True,9,test,1903024,15156,68,25.29113902074518,True,2
pd_d192_k10_eval:returned:dev_best_round,dev_tuned_fixed_round,pd_d192_k10_eval,fixed_step_2,returned_means,True,True,10,dev,1948264,15612,0,94.90662469517623,False,2
pd_d192_k10_eval:returned:dev_best_round,dev_tuned_fixed_round,pd_d192_k10_eval,fixed_step_2,returned_means,True,True,11,test,2162198,17247,85,275.6144393665181,False,2
pd_d192_k10_eval:returned:score_by_pd_d192_k3_eval,round_verification,pd_d192_k10_eval,pd_d192_k3_eval,returned_means,True,False,0,dev,245806,2044,46,316.04167623665046,False,9
pd_d192_k10_eval:returned:score_by_pd_d192_k3_eval,round_verification,pd_d192_k10_eval,pd_d192_k3_eval,returned_means,True,False,1,test,296763,2520,55,19.97234166781896,True,9
pd_d192_k10_eval:returned:score_by_pd_d192_k3_eval,round_verification,pd_d192_k10_eval,pd_d192_k3_eval,returned_means,True,False,2,dev,471147,3828,39,47.263237202658495,False,2
pd_d192_k10_eval:returned:score_by_pd_d192_k3_eval,round_verification,pd_d192_k10_eval,pd_d192_k3_eval,returned_means,True,False,3,test,848701,6847,14,87.0360073001915,False,9
pd_d192_k10_eval:returned:score_by_pd_d192_k3_eval,round_verification,pd_d192_k10_eval,pd_d192_k3_eval,returned_means,True,False,4,dev,1049810,8454,45,264.0957239978708,False,29
pd_d192_k10_eval:returned:score_by_pd_d192_k3_eval,round_verification,pd_d192_k10_eval,pd_d192_k3_eval,returned_means,True,False,5,test,1122504,9098,3,46.26956677205615,False,2
pd_d192_k10_eval:returned:score_by_pd_d192_k3_eval,round_verification,pd_d192_k10_eval,pd_d192_k3_eval,returned_means,True,False,6,dev,1160225,9474,0,223.35711686907757,False,29
pd_d192_k10_eval:returned:score_by_pd_d192_k3_eval,round_verification,pd_d192_k10_eval,pd_d192_k3_eval,returned_means,True,False,7,test,1208937,9886,77,85.02150319966825,False,9
pd_d192_k10_eval:returned:score_by_pd_d192_k3_eval,round_verification,pd_d192_k10_eval,pd_d192_k3_eval,returned_means,True,False,8,dev,1592285,12683,4,17.37127212822158,True,29
pd_d192_k10_eval:returned:score_by_pd_d192_k3_eval,round_verification,pd_d192_k10_eval,pd_d192_k3_eval,returned_means,True,False,9,test,1903024,15156,68,20.288521449454947,True,29
pd_d192_k10_eval:returned:score_by_pd_d192_k3_eval,round_verification,pd_d192_k10_eval,pd_d192_k3_eval,returned_means,True,False,10,dev,1948264,15612,0,56.40329137885589,False,29
pd_d192_k10_eval:returned:score_by_pd_d192_k3_eval,round_verification,pd_d192_k10_eval,pd_d192_k3_eval,returned_means,True,False,11,test,2162198,17247,85,335.509183141184,False,4
pd_d192_k10_eval:returned:score_by_iter2_multistep_eval,round_verification,pd_d192_k10_eval,iter2_multistep_eval,returned_means,True,False,0,dev,245806,2044,46,313.30258317677885,False,29
pd_d192_k10_eval:returned:score_by_iter2_multistep_eval,round_verification,pd_d192_k10_eval,iter2_multistep_eval,returned_means,True,False,1,test,296763,2520,55,18.529123348053613,True,2
pd_d192_k10_eval:returned:score_by_iter2_multistep_eval,round_verification,pd_d192_k10_eval,iter2_multistep_eval,returned_means,True,False,2,dev,471147,3828,39,47.263237202658495,False,2
pd_d192_k10_eval:returned:score_by_iter2_multistep_eval,round_verification,pd_d192_k10_eval,iter2_multistep_eval,returned_means,True,False,3,test,848701,6847,14,87.0360073001915,False,9
pd_d192_k10_eval:returned:score_by_iter2_multistep_eval,round_verification,pd_d192_k10_eval,iter2_multistep_eval,returned_means,True,False,4,dev,1049810,8454,45,264.0957239978708,False,29
pd_d192_k10_eval:returned:score_by_iter2_multistep_eval,round_verification,pd_d192_k10_eval,iter2_multistep_eval,returned_means,True,False,5,test,1122504,9098,3,46.26956677205615,False,2
pd_d192_k10_eval:returned:score_by_iter2_multistep_eval,round_verification,pd_d192_k10_eval,iter2_multistep_eval,returned_means,True,False,6,dev,1160225,9474,0,201.0219680459829,False,0
pd_d192_k10_eval:returned:score_by_iter2_multistep_eval,round_verification,pd_d192_k10_eval,iter2_multistep_eval,returned_means,True,False,7,test,1208937,9886,77,71.40670453367478,False,29
pd_d192_k10_eval:returned:score_by_iter2_multistep_eval,round_verification,pd_d192_k10_eval,iter2_multistep_eval,returned_means,True,False,8,dev,1592285,12683,4,13.084537155149254,True,19
pd_d192_k10_eval:returned:score_by_iter2_multistep_eval,round_verification,pd_d192_k10_eval,iter2_multistep_eval,returned_means,True,False,9,test,1903024,15156,68,19.46151304208467,True,19
pd_d192_k10_eval:returned:score_by_iter2_multistep_eval,round_verification,pd_d192_k10_eval,iter2_multistep_eval,returned_means,True,False,10,dev,1948264,15612,0,56.40329137885589,False,29
pd_d192_k10_eval:returned:score_by_iter2_multistep_eval,round_verification,pd_d192_k10_eval,iter2_multistep_eval,returned_means,True,False,11,test,2162198,17247,85,166.174997841323,False,0
pd_d192_k10_eval:returned:score_by_pd_d192_k10_eval,round_verification,pd_d192_k10_eval,pd_d192_k10_eval,returned_means,True,False,0,dev,245806,2044,46,313.30258317677885,False,29
pd_d192_k10_eval:returned:score_by_pd_d192_k10_eval,round_verification,pd_d192_k10_eval,pd_d192_k10_eval,returned_means,True,False,1,test,296763,2520,55,16.947240121308333,True,29
pd_d192_k10_eval:returned:score_by_pd_d192_k10_eval,round_verification,pd_d192_k10_eval,pd_d192_k10_eval,returned_means,True,False,2,dev,471147,3828,39,125.31802353420169,False,29
pd_d192_k10_eval:returned:score_by_pd_d192_k10_eval,round_verification,pd_d192_k10_eval,pd_d192_k10_eval,returned_means,True,False,3,test,848701,6847,14,84.29140007291058,False,29
pd_d192_k10_eval:returned:score_by_pd_d192_k10_eval,round_verification,pd_d192_k10_eval,pd_d192_k10_eval,returned_means,True,False,4,dev,1049810,8454,45,264.0957239978708,False,29
pd_d192_k10_eval:returned:score_by_pd_d192_k10_eval,round_verification,pd_d192_k10_eval,pd_d192_k10_eval,returned_means,True,False,5,test,1122504,9098,3,55.60696141771158,False,29
pd_d192_k10_eval:returned:score_by_pd_d192_k10_eval,round_verification,pd_d192_k10_eval,pd_d192_k10_eval,returned_means,True,False,6,dev,1160225,9474,0,223.35711686907757,False,29
pd_d192_k10_eval:returned:score_by_pd_d192_k10_eval,round_verification,pd_d192_k10_eval,pd_d192_k10_eval,returned_means,True,False,7,test,1208937,9886,77,71.40670453367478,False,29
pd_d192_k10_eval:returned:score_by_pd_d192_k10_eval,round_verification,pd_d192_k10_eval,pd_d192_k10_eval,returned_means,True,False,8,dev,1592285,12683,4,17.37127212822158,True,29
pd_d192_k10_eval:returned:score_by_pd_d192_k10_eval,round_verification,pd_d192_k10_eval,pd_d192_k10_eval,returned_means,True,False,9,test,1903024,15156,68,20.288521449454947,True,29
pd_d192_k10_eval:returned:score_by_pd_d192_k10_eval,round_verification,pd_d192_k10_eval,pd_d192_k10_eval,returned_means,True,False,10,dev,1948264,15612,0,56.40329137885589,False,29
pd_d192_k10_eval:returned:score_by_pd_d192_k10_eval,round_verification,pd_d192_k10_eval,pd_d192_k10_eval,returned_means,True,False,11,test,2162198,17247,85,394.41491612970356,False,29
pd_d192_k10_eval:returned:consensus,round_verification,pd_d192_k10_eval,all_rank_consensus,returned_means,True,False,0,dev,245806,2044,46,313.30258317677885,False,29
pd_d192_k10_eval:returned:consensus,round_verification,pd_d192_k10_eval,all_rank_consensus,returned_means,True,False,1,test,296763,2520,55,19.97234166781896,True,9
pd_d192_k10_eval:returned:consensus,round_verification,pd_d192_k10_eval,all_rank_consensus,returned_means,True,False,2,dev,471147,3828,39,47.263237202658495,False,2
pd_d192_k10_eval:returned:consensus,round_verification,pd_d192_k10_eval,all_rank_consensus,returned_means,True,False,3,test,848701,6847,14,87.0360073001915,False,9
pd_d192_k10_eval:returned:consensus,round_verification,pd_d192_k10_eval,all_rank_consensus,returned_means,True,False,4,dev,1049810,8454,45,264.0957239978708,False,29
pd_d192_k10_eval:returned:consensus,round_verification,pd_d192_k10_eval,all_rank_consensus,returned_means,True,False,5,test,1122504,9098,3,55.60696141771158,False,29
pd_d192_k10_eval:returned:consensus,round_verification,pd_d192_k10_eval,all_rank_consensus,returned_means,True,False,6,dev,1160225,9474,0,223.35711686907757,False,29
pd_d192_k10_eval:returned:consensus,round_verification,pd_d192_k10_eval,all_rank_consensus,returned_means,True,False,7,test,1208937,9886,77,71.40670453367478,False,29
pd_d192_k10_eval:returned:consensus,round_verification,pd_d192_k10_eval,all_rank_consensus,returned_means,True,False,8,dev,1592285,12683,4,17.37127212822158,True,29
pd_d192_k10_eval:returned:consensus,round_verification,pd_d192_k10_eval,all_rank_consensus,returned_means,True,False,9,test,1903024,15156,68,20.288521449454947,True,29
pd_d192_k10_eval:returned:consensus,round_verification,pd_d192_k10_eval,all_rank_consensus,returned_means,True,False,10,dev,1948264,15612,0,56.40329137885589,False,29
pd_d192_k10_eval:returned:consensus,round_verification,pd_d192_k10_eval,all_rank_consensus,returned_means,True,False,11,test,2162198,17247,85,335.509183141184,False,4
pd_d192_k10_eval:returned:nonself_consensus,round_verification,pd_d192_k10_eval,nonself_rank_consensus,returned_means,True,False,0,dev,245806,2044,46,314.54508795388136,False,19
pd_d192_k10_eval:returned:nonself_consensus,round_verification,pd_d192_k10_eval,nonself_rank_consensus,returned_means,True,False,1,test,296763,2520,55,18.529123348053613,True,2
pd_d192_k10_eval:returned:nonself_consensus,round_verification,pd_d192_k10_eval,nonself_rank_consensus,returned_means,True,False,2,dev,471147,3828,39,47.263237202658495,False,2
pd_d192_k10_eval:returned:nonself_consensus,round_verification,pd_d192_k10_eval,nonself_rank_consensus,returned_means,True,False,3,test,848701,6847,14,87.0360073001915,False,9
pd_d192_k10_eval:returned:nonself_consensus,round_verification,pd_d192_k10_eval,nonself_rank_consensus,returned_means,True,False,4,dev,1049810,8454,45,264.0957239978708,False,29
pd_d192_k10_eval:returned:nonself_consensus,round_verification,pd_d192_k10_eval,nonself_rank_consensus,returned_means,True,False,5,test,1122504,9098,3,46.26956677205615,False,2
pd_d192_k10_eval:returned:nonself_consensus,round_verification,pd_d192_k10_eval,nonself_rank_consensus,returned_means,True,False,6,dev,1160225,9474,0,201.0219680459829,False,0
pd_d192_k10_eval:returned:nonself_consensus,round_verification,pd_d192_k10_eval,nonself_rank_consensus,returned_means,True,False,7,test,1208937,9886,77,85.02150319966825,False,9
pd_d192_k10_eval:returned:nonself_consensus,round_verification,pd_d192_k10_eval,nonself_rank_consensus,returned_means,True,False,8,dev,1592285,12683,4,13.084537155149254,True,19
pd_d192_k10_eval:returned:nonself_consensus,round_verification,pd_d192_k10_eval,nonself_rank_consensus,returned_means,True,False,9,test,1903024,15156,68,19.46151304208467,True,19
pd_d192_k10_eval:returned:nonself_consensus,round_verification,pd_d192_k10_eval,nonself_rank_consensus,returned_means,True,False,10,dev,1948264,15612,0,56.40329137885589,False,29
pd_d192_k10_eval:returned:nonself_consensus,round_verification,pd_d192_k10_eval,nonself_rank_consensus,returned_means,True,False,11,test,2162198,17247,85,335.509183141184,False,4
pd_d192_k10_eval:returned:oracle_round,oracle_ceiling,pd_d192_k10_eval,true_simulator_cost,returned_means,False,False,0,dev,245806,2044,46,313.30258317677885,False,29
pd_d192_k10_eval:returned:oracle_round,oracle_ceiling,pd_d192_k10_eval,true_simulator_cost,returned_means,False,False,1,test,296763,2520,55,15.754399746796546,True,19
pd_d192_k10_eval:returned:oracle_round,oracle_ceiling,pd_d192_k10_eval,true_simulator_cost,returned_means,False,False,2,dev,471147,3828,39,47.263237202658495,False,2
pd_d192_k10_eval:returned:oracle_round,oracle_ceiling,pd_d192_k10_eval,true_simulator_cost,returned_means,False,False,3,test,848701,6847,14,81.28647942569489,False,19
pd_d192_k10_eval:returned:oracle_round,oracle_ceiling,pd_d192_k10_eval,true_simulator_cost,returned_means,False,False,4,dev,1049810,8454,45,243.1166146228695,False,0
pd_d192_k10_eval:returned:oracle_round,oracle_ceiling,pd_d192_k10_eval,true_simulator_cost,returned_means,False,False,5,test,1122504,9098,3,46.26956677205615,False,2
pd_d192_k10_eval:returned:oracle_round,oracle_ceiling,pd_d192_k10_eval,true_simulator_cost,returned_means,False,False,6,dev,1160225,9474,0,182.40925482071745,False,4
pd_d192_k10_eval:returned:oracle_round,oracle_ceiling,pd_d192_k10_eval,true_simulator_cost,returned_means,False,False,7,test,1208937,9886,77,58.34446865736538,False,0
pd_d192_k10_eval:returned:oracle_round,oracle_ceiling,pd_d192_k10_eval,true_simulator_cost,returned_means,False,False,8,dev,1592285,12683,4,13.084537155149254,True,19
pd_d192_k10_eval:returned:oracle_round,oracle_ceiling,pd_d192_k10_eval,true_simulator_cost,returned_means,False,False,9,test,1903024,15156,68,18.910067684279813,True,9
pd_d192_k10_eval:returned:oracle_round,oracle_ceiling,pd_d192_k10_eval,true_simulator_cost,returned_means,False,False,10,dev,1948264,15612,0,56.40329137885589,False,29
pd_d192_k10_eval:returned:oracle_round,oracle_ceiling,pd_d192_k10_eval,true_simulator_cost,returned_means,False,False,11,test,2162198,17247,85,166.174997841323,False,0
pd_d192_k10_eval:population_all:score_by_pd_d192_k3_eval,population_verification,pd_d192_k10_eval,pd_d192_k3_eval,all_recorded_populations,True,False,0,dev,245806,2044,46,276.6797644277358,False,9
pd_d192_k10_eval:population_all:score_by_pd_d192_k3_eval,population_verification,pd_d192_k10_eval,pd_d192_k3_eval,all_recorded_populations,True,False,1,test,296763,2520,55,15.968712121758557,True,19
pd_d192_k10_eval:population_all:score_by_pd_d192_k3_eval,population_verification,pd_d192_k10_eval,pd_d192_k3_eval,all_recorded_populations,True,False,2,dev,471147,3828,39,19.928309319713648,True,2
pd_d192_k10_eval:population_all:score_by_pd_d192_k3_eval,population_verification,pd_d192_k10_eval,pd_d192_k3_eval,all_recorded_populations,True,False,3,test,848701,6847,14,37.239171960752564,False,19
pd_d192_k10_eval:population_all:score_by_pd_d192_k3_eval,population_verification,pd_d192_k10_eval,pd_d192_k3_eval,all_recorded_populations,True,False,4,dev,1049810,8454,45,203.3345284674317,False,1
pd_d192_k10_eval:population_all:score_by_pd_d192_k3_eval,population_verification,pd_d192_k10_eval,pd_d192_k3_eval,all_recorded_populations,True,False,5,test,1122504,9098,3,47.42677181966695,False,9
pd_d192_k10_eval:population_all:score_by_pd_d192_k3_eval,population_verification,pd_d192_k10_eval,pd_d192_k3_eval,all_recorded_populations,True,False,6,dev,1160225,9474,0,159.81799228164098,False,19
pd_d192_k10_eval:population_all:score_by_pd_d192_k3_eval,population_verification,pd_d192_k10_eval,pd_d192_k3_eval,all_recorded_populations,True,False,7,test,1208937,9886,77,129.98654276551312,False,9
pd_d192_k10_eval:population_all:score_by_pd_d192_k3_eval,population_verification,pd_d192_k10_eval,pd_d192_k3_eval,all_recorded_populations,True,False,8,dev,1592285,12683,4,12.482358483945983,True,29
pd_d192_k10_eval:population_all:score_by_pd_d192_k3_eval,population_verification,pd_d192_k10_eval,pd_d192_k3_eval,all_recorded_populations,True,False,9,test,1903024,15156,68,16.371320345002516,True,29
pd_d192_k10_eval:population_all:score_by_pd_d192_k3_eval,population_verification,pd_d192_k10_eval,pd_d192_k3_eval,all_recorded_populations,True,False,10,dev,1948264,15612,0,50.23112249817301,False,29
pd_d192_k10_eval:population_all:score_by_pd_d192_k3_eval,population_verification,pd_d192_k10_eval,pd_d192_k3_eval,all_recorded_populations,True,False,11,test,2162198,17247,85,83.80016178981711,False,0
pd_d192_k10_eval:population_elite:score_by_pd_d192_k3_eval,elite_verification,pd_d192_k10_eval,pd_d192_k3_eval,recorded_generator_elites,True,False,0,dev,245806,2044,46,322.0404410813845,False,4
pd_d192_k10_eval:population_elite:score_by_pd_d192_k3_eval,elite_verification,pd_d192_k10_eval,pd_d192_k3_eval,recorded_generator_elites,True,False,1,test,296763,2520,55,12.492353092249314,True,19
pd_d192_k10_eval:population_elite:score_by_pd_d192_k3_eval,elite_verification,pd_d192_k10_eval,pd_d192_k3_eval,recorded_generator_elites,True,False,2,dev,471147,3828,39,19.928309319713648,True,2
pd_d192_k10_eval:population_elite:score_by_pd_d192_k3_eval,elite_verification,pd_d192_k10_eval,pd_d192_k3_eval,recorded_generator_elites,True,False,3,test,848701,6847,14,72.75332528747833,False,19
pd_d192_k10_eval:population_elite:score_by_pd_d192_k3_eval,elite_verification,pd_d192_k10_eval,pd_d192_k3_eval,recorded_generator_elites,True,False,4,dev,1049810,8454,45,271.40109360155094,False,19
pd_d192_k10_eval:population_elite:score_by_pd_d192_k3_eval,elite_verification,pd_d192_k10_eval,pd_d192_k3_eval,recorded_generator_elites,True,False,5,test,1122504,9098,3,46.49605000010662,False,1
pd_d192_k10_eval:population_elite:score_by_pd_d192_k3_eval,elite_verification,pd_d192_k10_eval,pd_d192_k3_eval,recorded_generator_elites,True,False,6,dev,1160225,9474,0,235.70334601896437,False,29
pd_d192_k10_eval:population_elite:score_by_pd_d192_k3_eval,elite_verification,pd_d192_k10_eval,pd_d192_k3_eval,recorded_generator_elites,True,False,7,test,1208937,9886,77,84.01924385765095,False,9
pd_d192_k10_eval:population_elite:score_by_pd_d192_k3_eval,elite_verification,pd_d192_k10_eval,pd_d192_k3_eval,recorded_generator_elites,True,False,8,dev,1592285,12683,4,20.2636296245525,True,29
pd_d192_k10_eval:population_elite:score_by_pd_d192_k3_eval,elite_verification,pd_d192_k10_eval,pd_d192_k3_eval,recorded_generator_elites,True,False,9,test,1903024,15156,68,15.112842808417081,True,19
pd_d192_k10_eval:population_elite:score_by_pd_d192_k3_eval,elite_verification,pd_d192_k10_eval,pd_d192_k3_eval,recorded_generator_elites,True,False,10,dev,1948264,15612,0,50.23112249817301,False,29
pd_d192_k10_eval:population_elite:score_by_pd_d192_k3_eval,elite_verification,pd_d192_k10_eval,pd_d192_k3_eval,recorded_generator_elites,True,False,11,test,2162198,17247,85,98.51465218693036,False,0
pd_d192_k10_eval:population_all:score_by_iter2_multistep_eval,population_verification,pd_d192_k10_eval,iter2_multistep_eval,all_recorded_populations,True,False,0,dev,245806,2044,46,297.6501213883796,False,4
pd_d192_k10_eval:population_all:score_by_iter2_multistep_eval,population_verification,pd_d192_k10_eval,iter2_multistep_eval,all_recorded_populations,True,False,1,test,296763,2520,55,15.231570989090985,True,29
pd_d192_k10_eval:population_all:score_by_iter2_multistep_eval,population_verification,pd_d192_k10_eval,iter2_multistep_eval,all_recorded_populations,True,False,2,dev,471147,3828,39,17.32567219502949,True,2
pd_d192_k10_eval:population_all:score_by_iter2_multistep_eval,population_verification,pd_d192_k10_eval,iter2_multistep_eval,all_recorded_populations,True,False,3,test,848701,6847,14,74.17708438860494,False,29
pd_d192_k10_eval:population_all:score_by_iter2_multistep_eval,population_verification,pd_d192_k10_eval,iter2_multistep_eval,all_recorded_populations,True,False,4,dev,1049810,8454,45,223.37345957851,False,4
pd_d192_k10_eval:population_all:score_by_iter2_multistep_eval,population_verification,pd_d192_k10_eval,iter2_multistep_eval,all_recorded_populations,True,False,5,test,1122504,9098,3,51.080136175276444,False,29
pd_d192_k10_eval:population_all:score_by_iter2_multistep_eval,population_verification,pd_d192_k10_eval,iter2_multistep_eval,all_recorded_populations,True,False,6,dev,1160225,9474,0,244.0034620977748,False,1
pd_d192_k10_eval:population_all:score_by_iter2_multistep_eval,population_verification,pd_d192_k10_eval,iter2_multistep_eval,all_recorded_populations,True,False,7,test,1208937,9886,77,74.07868065882018,False,29
pd_d192_k10_eval:population_all:score_by_iter2_multistep_eval,population_verification,pd_d192_k10_eval,iter2_multistep_eval,all_recorded_populations,True,False,8,dev,1592285,12683,4,19.843286298973887,True,19
pd_d192_k10_eval:population_all:score_by_iter2_multistep_eval,population_verification,pd_d192_k10_eval,iter2_multistep_eval,all_recorded_populations,True,False,9,test,1903024,15156,68,15.112842808417081,True,19
pd_d192_k10_eval:population_all:score_by_iter2_multistep_eval,population_verification,pd_d192_k10_eval,iter2_multistep_eval,all_recorded_populations,True,False,10,dev,1948264,15612,0,76.45471774965176,False,29
pd_d192_k10_eval:population_all:score_by_iter2_multistep_eval,population_verification,pd_d192_k10_eval,iter2_multistep_eval,all_recorded_populations,True,False,11,test,2162198,17247,85,83.80016178981711,False,0
pd_d192_k10_eval:population_elite:score_by_iter2_multistep_eval,elite_verification,pd_d192_k10_eval,iter2_multistep_eval,recorded_generator_elites,True,False,0,dev,245806,2044,46,346.3752175076031,False,1
pd_d192_k10_eval:population_elite:score_by_iter2_multistep_eval,elite_verification,pd_d192_k10_eval,iter2_multistep_eval,recorded_generator_elites,True,False,1,test,296763,2520,55,16.25437696093409,True,9
pd_d192_k10_eval:population_elite:score_by_iter2_multistep_eval,elite_verification,pd_d192_k10_eval,iter2_multistep_eval,recorded_generator_elites,True,False,2,dev,471147,3828,39,17.32567219502949,True,2
pd_d192_k10_eval:population_elite:score_by_iter2_multistep_eval,elite_verification,pd_d192_k10_eval,iter2_multistep_eval,recorded_generator_elites,True,False,3,test,848701,6847,14,72.47929073029093,False,19
pd_d192_k10_eval:population_elite:score_by_iter2_multistep_eval,elite_verification,pd_d192_k10_eval,iter2_multistep_eval,recorded_generator_elites,True,False,4,dev,1049810,8454,45,262.64945775689523,False,29
pd_d192_k10_eval:population_elite:score_by_iter2_multistep_eval,elite_verification,pd_d192_k10_eval,iter2_multistep_eval,recorded_generator_elites,True,False,5,test,1122504,9098,3,49.81815501576865,False,4
pd_d192_k10_eval:population_elite:score_by_iter2_multistep_eval,elite_verification,pd_d192_k10_eval,iter2_multistep_eval,recorded_generator_elites,True,False,6,dev,1160225,9474,0,231.08802012219942,False,29
pd_d192_k10_eval:population_elite:score_by_iter2_multistep_eval,elite_verification,pd_d192_k10_eval,iter2_multistep_eval,recorded_generator_elites,True,False,7,test,1208937,9886,77,74.07868065882018,False,29
pd_d192_k10_eval:population_elite:score_by_iter2_multistep_eval,elite_verification,pd_d192_k10_eval,iter2_multistep_eval,recorded_generator_elites,True,False,8,dev,1592285,12683,4,8.009773310087416,True,19
pd_d192_k10_eval:population_elite:score_by_iter2_multistep_eval,elite_verification,pd_d192_k10_eval,iter2_multistep_eval,recorded_generator_elites,True,False,9,test,1903024,15156,68,15.112842808417081,True,19
pd_d192_k10_eval:population_elite:score_by_iter2_multistep_eval,elite_verification,pd_d192_k10_eval,iter2_multistep_eval,recorded_generator_elites,True,False,10,dev,1948264,15612,0,61.02070644583891,False,29
pd_d192_k10_eval:population_elite:score_by_iter2_multistep_eval,elite_verification,pd_d192_k10_eval,iter2_multistep_eval,recorded_generator_elites,True,False,11,test,2162198,17247,85,98.51465218693036,False,0
pd_d192_k10_eval:population_all:score_by_pd_d192_k10_eval,population_verification,pd_d192_k10_eval,pd_d192_k10_eval,all_recorded_populations,True,False,0,dev,245806,2044,46,313.85899823962353,False,29
pd_d192_k10_eval:population_all:score_by_pd_d192_k10_eval,population_verification,pd_d192_k10_eval,pd_d192_k10_eval,all_recorded_populations,True,False,1,test,296763,2520,55,15.031866562724929,True,29
pd_d192_k10_eval:population_all:score_by_pd_d192_k10_eval,population_verification,pd_d192_k10_eval,pd_d192_k10_eval,all_recorded_populations,True,False,2,dev,471147,3828,39,124.20413679296702,False,29
pd_d192_k10_eval:population_all:score_by_pd_d192_k10_eval,population_verification,pd_d192_k10_eval,pd_d192_k10_eval,all_recorded_populations,True,False,3,test,848701,6847,14,82.83966998709582,False,29
pd_d192_k10_eval:population_all:score_by_pd_d192_k10_eval,population_verification,pd_d192_k10_eval,pd_d192_k10_eval,all_recorded_populations,True,False,4,dev,1049810,8454,45,264.6091998110967,False,29
pd_d192_k10_eval:population_all:score_by_pd_d192_k10_eval,population_verification,pd_d192_k10_eval,pd_d192_k10_eval,all_recorded_populations,True,False,5,test,1122504,9098,3,54.075240794550695,False,29
pd_d192_k10_eval:population_all:score_by_pd_d192_k10_eval,population_verification,pd_d192_k10_eval,pd_d192_k10_eval,all_recorded_populations,True,False,6,dev,1160225,9474,0,216.49280207529313,False,29
pd_d192_k10_eval:population_all:score_by_pd_d192_k10_eval,population_verification,pd_d192_k10_eval,pd_d192_k10_eval,all_recorded_populations,True,False,7,test,1208937,9886,77,71.21426954326368,False,29
pd_d192_k10_eval:population_all:score_by_pd_d192_k10_eval,population_verification,pd_d192_k10_eval,pd_d192_k10_eval,all_recorded_populations,True,False,8,dev,1592285,12683,4,19.081805917735423,True,29
pd_d192_k10_eval:population_all:score_by_pd_d192_k10_eval,population_verification,pd_d192_k10_eval,pd_d192_k10_eval,all_recorded_populations,True,False,9,test,1903024,15156,68,18.720375646347442,True,29
pd_d192_k10_eval:population_all:score_by_pd_d192_k10_eval,population_verification,pd_d192_k10_eval,pd_d192_k10_eval,all_recorded_populations,True,False,10,dev,1948264,15612,0,55.42556466820293,False,29
pd_d192_k10_eval:population_all:score_by_pd_d192_k10_eval,population_verification,pd_d192_k10_eval,pd_d192_k10_eval,all_recorded_populations,True,False,11,test,2162198,17247,85,400.6258687115715,False,29
pd_d192_k10_eval:population_elite:score_by_pd_d192_k10_eval,elite_verification,pd_d192_k10_eval,pd_d192_k10_eval,recorded_generator_elites,True,False,0,dev,245806,2044,46,313.85899823962353,False,29
pd_d192_k10_eval:population_elite:score_by_pd_d192_k10_eval,elite_verification,pd_d192_k10_eval,pd_d192_k10_eval,recorded_generator_elites,True,False,1,test,296763,2520,55,15.031866562724929,True,29
pd_d192_k10_eval:population_elite:score_by_pd_d192_k10_eval,elite_verification,pd_d192_k10_eval,pd_d192_k10_eval,recorded_generator_elites,True,False,2,dev,471147,3828,39,124.20413679296702,False,29
pd_d192_k10_eval:population_elite:score_by_pd_d192_k10_eval,elite_verification,pd_d192_k10_eval,pd_d192_k10_eval,recorded_generator_elites,True,False,3,test,848701,6847,14,82.83966998709582,False,29
pd_d192_k10_eval:population_elite:score_by_pd_d192_k10_eval,elite_verification,pd_d192_k10_eval,pd_d192_k10_eval,recorded_generator_elites,True,False,4,dev,1049810,8454,45,264.6091998110967,False,29
pd_d192_k10_eval:population_elite:score_by_pd_d192_k10_eval,elite_verification,pd_d192_k10_eval,pd_d192_k10_eval,recorded_generator_elites,True,False,5,test,1122504,9098,3,54.075240794550695,False,29
pd_d192_k10_eval:population_elite:score_by_pd_d192_k10_eval,elite_verification,pd_d192_k10_eval,pd_d192_k10_eval,recorded_generator_elites,True,False,6,dev,1160225,9474,0,216.49280207529313,False,29
pd_d192_k10_eval:population_elite:score_by_pd_d192_k10_eval,elite_verification,pd_d192_k10_eval,pd_d192_k10_eval,recorded_generator_elites,True,False,7,test,1208937,9886,77,71.21426954326368,False,29
pd_d192_k10_eval:population_elite:score_by_pd_d192_k10_eval,elite_verification,pd_d192_k10_eval,pd_d192_k10_eval,recorded_generator_elites,True,False,8,dev,1592285,12683,4,19.081805917735423,True,29
pd_d192_k10_eval:population_elite:score_by_pd_d192_k10_eval,elite_verification,pd_d192_k10_eval,pd_d192_k10_eval,recorded_generator_elites,True,False,9,test,1903024,15156,68,18.720375646347442,True,29
pd_d192_k10_eval:population_elite:score_by_pd_d192_k10_eval,elite_verification,pd_d192_k10_eval,pd_d192_k10_eval,recorded_generator_elites,True,False,10,dev,1948264,15612,0,55.42556466820293,False,29
pd_d192_k10_eval:population_elite:score_by_pd_d192_k10_eval,elite_verification,pd_d192_k10_eval,pd_d192_k10_eval,recorded_generator_elites,True,False,11,test,2162198,17247,85,400.6258687115715,False,29
pd_d192_k10_eval:population_all:all_rank_consensus,population_verification,pd_d192_k10_eval,all_rank_consensus,all_recorded_populations,True,False,0,dev,245806,2044,46,311.1934792324788,False,19
pd_d192_k10_eval:population_all:all_rank_consensus,population_verification,pd_d192_k10_eval,all_rank_consensus,all_recorded_populations,True,False,1,test,296763,2520,55,17.551383640131146,True,29
pd_d192_k10_eval:population_all:all_rank_consensus,population_verification,pd_d192_k10_eval,all_rank_consensus,all_recorded_populations,True,False,2,dev,471147,3828,39,53.77520234124198,False,4
pd_d192_k10_eval:population_all:all_rank_consensus,population_verification,pd_d192_k10_eval,all_rank_consensus,all_recorded_populations,True,False,3,test,848701,6847,14,65.70630770251232,False,29
pd_d192_k10_eval:population_all:all_rank_consensus,population_verification,pd_d192_k10_eval,all_rank_consensus,all_recorded_populations,True,False,4,dev,1049810,8454,45,262.64945775689523,False,29
pd_d192_k10_eval:population_all:all_rank_consensus,population_verification,pd_d192_k10_eval,all_rank_consensus,all_recorded_populations,True,False,5,test,1122504,9098,3,50.39062111490219,False,29
pd_d192_k10_eval:population_all:all_rank_consensus,population_verification,pd_d192_k10_eval,all_rank_consensus,all_recorded_populations,True,False,6,dev,1160225,9474,0,231.08802012219942,False,29
pd_d192_k10_eval:population_all:all_rank_consensus,population_verification,pd_d192_k10_eval,all_rank_consensus,all_recorded_populations,True,False,7,test,1208937,9886,77,73.37247392461468,False,29
pd_d192_k10_eval:population_all:all_rank_consensus,population_verification,pd_d192_k10_eval,all_rank_consensus,all_recorded_populations,True,False,8,dev,1592285,12683,4,10.24715994327777,True,29
pd_d192_k10_eval:population_all:all_rank_consensus,population_verification,pd_d192_k10_eval,all_rank_consensus,all_recorded_populations,True,False,9,test,1903024,15156,68,18.78929738500472,True,29
pd_d192_k10_eval:population_all:all_rank_consensus,population_verification,pd_d192_k10_eval,all_rank_consensus,all_recorded_populations,True,False,10,dev,1948264,15612,0,61.02070644583891,False,29
pd_d192_k10_eval:population_all:all_rank_consensus,population_verification,pd_d192_k10_eval,all_rank_consensus,all_recorded_populations,True,False,11,test,2162198,17247,85,393.01785727782817,False,19
pd_d192_k10_eval:population_elite:all_rank_consensus,elite_verification,pd_d192_k10_eval,all_rank_consensus,recorded_generator_elites,True,False,0,dev,245806,2044,46,313.705179399807,False,19
pd_d192_k10_eval:population_elite:all_rank_consensus,elite_verification,pd_d192_k10_eval,all_rank_consensus,recorded_generator_elites,True,False,1,test,296763,2520,55,16.98997053419816,True,29
pd_d192_k10_eval:population_elite:all_rank_consensus,elite_verification,pd_d192_k10_eval,all_rank_consensus,recorded_generator_elites,True,False,2,dev,471147,3828,39,53.77520234124198,False,4
pd_d192_k10_eval:population_elite:all_rank_consensus,elite_verification,pd_d192_k10_eval,all_rank_consensus,recorded_generator_elites,True,False,3,test,848701,6847,14,78.81587081361096,False,29
pd_d192_k10_eval:population_elite:all_rank_consensus,elite_verification,pd_d192_k10_eval,all_rank_consensus,recorded_generator_elites,True,False,4,dev,1049810,8454,45,262.64945775689523,False,29
pd_d192_k10_eval:population_elite:all_rank_consensus,elite_verification,pd_d192_k10_eval,all_rank_consensus,recorded_generator_elites,True,False,5,test,1122504,9098,3,53.98077963325635,False,29
pd_d192_k10_eval:population_elite:all_rank_consensus,elite_verification,pd_d192_k10_eval,all_rank_consensus,recorded_generator_elites,True,False,6,dev,1160225,9474,0,231.08802012219942,False,29
pd_d192_k10_eval:population_elite:all_rank_consensus,elite_verification,pd_d192_k10_eval,all_rank_consensus,recorded_generator_elites,True,False,7,test,1208937,9886,77,73.37247392461468,False,29
pd_d192_k10_eval:population_elite:all_rank_consensus,elite_verification,pd_d192_k10_eval,all_rank_consensus,recorded_generator_elites,True,False,8,dev,1592285,12683,4,10.24715994327777,True,29
pd_d192_k10_eval:population_elite:all_rank_consensus,elite_verification,pd_d192_k10_eval,all_rank_consensus,recorded_generator_elites,True,False,9,test,1903024,15156,68,18.78929738500472,True,29
pd_d192_k10_eval:population_elite:all_rank_consensus,elite_verification,pd_d192_k10_eval,all_rank_consensus,recorded_generator_elites,True,False,10,dev,1948264,15612,0,61.02070644583891,False,29
pd_d192_k10_eval:population_elite:all_rank_consensus,elite_verification,pd_d192_k10_eval,all_rank_consensus,recorded_generator_elites,True,False,11,test,2162198,17247,85,399.56276418584406,False,9
pd_d192_k10_eval:population_all:nonself_rank_consensus,population_verification,pd_d192_k10_eval,nonself_rank_consensus,all_recorded_populations,True,False,0,dev,245806,2044,46,319.5730633123876,False,4
pd_d192_k10_eval:population_all:nonself_rank_consensus,population_verification,pd_d192_k10_eval,nonself_rank_consensus,all_recorded_populations,True,False,1,test,296763,2520,55,18.669802479724602,True,29
pd_d192_k10_eval:population_all:nonself_rank_consensus,population_verification,pd_d192_k10_eval,nonself_rank_consensus,all_recorded_populations,True,False,2,dev,471147,3828,39,17.32567219502949,True,2
pd_d192_k10_eval:population_all:nonself_rank_consensus,population_verification,pd_d192_k10_eval,nonself_rank_consensus,all_recorded_populations,True,False,3,test,848701,6847,14,76.37658051251931,False,29
pd_d192_k10_eval:population_all:nonself_rank_consensus,population_verification,pd_d192_k10_eval,nonself_rank_consensus,all_recorded_populations,True,False,4,dev,1049810,8454,45,222.4206808744577,False,4
pd_d192_k10_eval:population_all:nonself_rank_consensus,population_verification,pd_d192_k10_eval,nonself_rank_consensus,all_recorded_populations,True,False,5,test,1122504,9098,3,51.54739720373658,False,9
pd_d192_k10_eval:population_all:nonself_rank_consensus,population_verification,pd_d192_k10_eval,nonself_rank_consensus,all_recorded_populations,True,False,6,dev,1160225,9474,0,235.05406146164276,False,29
pd_d192_k10_eval:population_all:nonself_rank_consensus,population_verification,pd_d192_k10_eval,nonself_rank_consensus,all_recorded_populations,True,False,7,test,1208937,9886,77,73.37247392461468,False,29
pd_d192_k10_eval:population_all:nonself_rank_consensus,population_verification,pd_d192_k10_eval,nonself_rank_consensus,all_recorded_populations,True,False,8,dev,1592285,12683,4,7.897827317457924,True,29
pd_d192_k10_eval:population_all:nonself_rank_consensus,population_verification,pd_d192_k10_eval,nonself_rank_consensus,all_recorded_populations,True,False,9,test,1903024,15156,68,15.112842808417081,True,19
pd_d192_k10_eval:population_all:nonself_rank_consensus,population_verification,pd_d192_k10_eval,nonself_rank_consensus,all_recorded_populations,True,False,10,dev,1948264,15612,0,64.97521907970491,False,29
pd_d192_k10_eval:population_all:nonself_rank_consensus,population_verification,pd_d192_k10_eval,nonself_rank_consensus,all_recorded_populations,True,False,11,test,2162198,17247,85,83.80016178981711,False,0
pd_d192_k10_eval:population_elite:nonself_rank_consensus,elite_verification,pd_d192_k10_eval,nonself_rank_consensus,recorded_generator_elites,True,False,0,dev,245806,2044,46,352.7676829896925,False,2
pd_d192_k10_eval:population_elite:nonself_rank_consensus,elite_verification,pd_d192_k10_eval,nonself_rank_consensus,recorded_generator_elites,True,False,1,test,296763,2520,55,16.25437696093409,True,9
pd_d192_k10_eval:population_elite:nonself_rank_consensus,elite_verification,pd_d192_k10_eval,nonself_rank_consensus,recorded_generator_elites,True,False,2,dev,471147,3828,39,17.32567219502949,True,2
pd_d192_k10_eval:population_elite:nonself_rank_consensus,elite_verification,pd_d192_k10_eval,nonself_rank_consensus,recorded_generator_elites,True,False,3,test,848701,6847,14,61.31040433767589,False,19
pd_d192_k10_eval:population_elite:nonself_rank_consensus,elite_verification,pd_d192_k10_eval,nonself_rank_consensus,recorded_generator_elites,True,False,4,dev,1049810,8454,45,262.64945775689523,False,29
pd_d192_k10_eval:population_elite:nonself_rank_consensus,elite_verification,pd_d192_k10_eval,nonself_rank_consensus,recorded_generator_elites,True,False,5,test,1122504,9098,3,49.81815501576865,False,4
pd_d192_k10_eval:population_elite:nonself_rank_consensus,elite_verification,pd_d192_k10_eval,nonself_rank_consensus,recorded_generator_elites,True,False,6,dev,1160225,9474,0,231.08802012219942,False,29
pd_d192_k10_eval:population_elite:nonself_rank_consensus,elite_verification,pd_d192_k10_eval,nonself_rank_consensus,recorded_generator_elites,True,False,7,test,1208937,9886,77,73.37247392461468,False,29
pd_d192_k10_eval:population_elite:nonself_rank_consensus,elite_verification,pd_d192_k10_eval,nonself_rank_consensus,recorded_generator_elites,True,False,8,dev,1592285,12683,4,10.24715994327777,True,29
pd_d192_k10_eval:population_elite:nonself_rank_consensus,elite_verification,pd_d192_k10_eval,nonself_rank_consensus,recorded_generator_elites,True,False,9,test,1903024,15156,68,15.112842808417081,True,19
pd_d192_k10_eval:population_elite:nonself_rank_consensus,elite_verification,pd_d192_k10_eval,nonself_rank_consensus,recorded_generator_elites,True,False,10,dev,1948264,15612,0,50.23112249817301,False,29
pd_d192_k10_eval:population_elite:nonself_rank_consensus,elite_verification,pd_d192_k10_eval,nonself_rank_consensus,recorded_generator_elites,True,False,11,test,2162198,17247,85,98.51465218693036,False,0
portfolio:returned:score_by_pd_d192_k3_eval,multi_proposer_portfolio,all,pd_d192_k3_eval,all_returned_means,True,False,0,dev,245806,2044,46,15.563966752877263,True,29
portfolio:returned:score_by_pd_d192_k3_eval,multi_proposer_portfolio,all,pd_d192_k3_eval,all_returned_means,True,False,1,test,296763,2520,55,19.55028305928886,True,29
portfolio:returned:score_by_pd_d192_k3_eval,multi_proposer_portfolio,all,pd_d192_k3_eval,all_returned_means,True,False,2,dev,471147,3828,39,2.092684296215925,True,29
portfolio:returned:score_by_pd_d192_k3_eval,multi_proposer_portfolio,all,pd_d192_k3_eval,all_returned_means,True,False,3,test,848701,6847,14,39.32493903694252,False,19
portfolio:returned:score_by_pd_d192_k3_eval,multi_proposer_portfolio,all,pd_d192_k3_eval,all_returned_means,True,False,4,dev,1049810,8454,45,300.2380243798767,False,29
portfolio:returned:score_by_pd_d192_k3_eval,multi_proposer_portfolio,all,pd_d192_k3_eval,all_returned_means,True,False,5,test,1122504,9098,3,49.11259483739668,False,29
portfolio:returned:score_by_pd_d192_k3_eval,multi_proposer_portfolio,all,pd_d192_k3_eval,all_returned_means,True,False,6,dev,1160225,9474,0,205.61621987606364,False,29
portfolio:returned:score_by_pd_d192_k3_eval,multi_proposer_portfolio,all,pd_d192_k3_eval,all_returned_means,True,False,7,test,1208937,9886,77,166.61761686877077,False,29
portfolio:returned:score_by_pd_d192_k3_eval,multi_proposer_portfolio,all,pd_d192_k3_eval,all_returned_means,True,False,8,dev,1592285,12683,4,17.37127212822158,True,29
portfolio:returned:score_by_pd_d192_k3_eval,multi_proposer_portfolio,all,pd_d192_k3_eval,all_returned_means,True,False,9,test,1903024,15156,68,14.5130392831485,True,29
portfolio:returned:score_by_pd_d192_k3_eval,multi_proposer_portfolio,all,pd_d192_k3_eval,all_returned_means,True,False,10,dev,1948264,15612,0,43.0817462267209,False,29
portfolio:returned:score_by_pd_d192_k3_eval,multi_proposer_portfolio,all,pd_d192_k3_eval,all_returned_means,True,False,11,test,2162198,17247,85,14.67405791142858,True,29
portfolio:returned:score_by_iter2_multistep_eval,multi_proposer_portfolio,all,iter2_multistep_eval,all_returned_means,True,False,0,dev,245806,2044,46,15.563966752877263,True,29
portfolio:returned:score_by_iter2_multistep_eval,multi_proposer_portfolio,all,iter2_multistep_eval,all_returned_means,True,False,1,test,296763,2520,55,15.256432011297015,True,29
portfolio:returned:score_by_iter2_multistep_eval,multi_proposer_portfolio,all,iter2_multistep_eval,all_returned_means,True,False,2,dev,471147,3828,39,19.994859485471355,True,29
portfolio:returned:score_by_iter2_multistep_eval,multi_proposer_portfolio,all,iter2_multistep_eval,all_returned_means,True,False,3,test,848701,6847,14,39.204622704462835,False,29
portfolio:returned:score_by_iter2_multistep_eval,multi_proposer_portfolio,all,iter2_multistep_eval,all_returned_means,True,False,4,dev,1049810,8454,45,189.49975528196123,False,29
portfolio:returned:score_by_iter2_multistep_eval,multi_proposer_portfolio,all,iter2_multistep_eval,all_returned_means,True,False,5,test,1122504,9098,3,50.023399959296746,False,29
portfolio:returned:score_by_iter2_multistep_eval,multi_proposer_portfolio,all,iter2_multistep_eval,all_returned_means,True,False,6,dev,1160225,9474,0,252.48047720611146,False,29
portfolio:returned:score_by_iter2_multistep_eval,multi_proposer_portfolio,all,iter2_multistep_eval,all_returned_means,True,False,7,test,1208937,9886,77,170.33022079021663,False,29
portfolio:returned:score_by_iter2_multistep_eval,multi_proposer_portfolio,all,iter2_multistep_eval,all_returned_means,True,False,8,dev,1592285,12683,4,19.718774062677852,True,29
portfolio:returned:score_by_iter2_multistep_eval,multi_proposer_portfolio,all,iter2_multistep_eval,all_returned_means,True,False,9,test,1903024,15156,68,15.67853473673782,True,29
portfolio:returned:score_by_iter2_multistep_eval,multi_proposer_portfolio,all,iter2_multistep_eval,all_returned_means,True,False,10,dev,1948264,15612,0,43.0817462267209,False,29
portfolio:returned:score_by_iter2_multistep_eval,multi_proposer_portfolio,all,iter2_multistep_eval,all_returned_means,True,False,11,test,2162198,17247,85,12.877689048933089,True,29
portfolio:returned:score_by_pd_d192_k10_eval,multi_proposer_portfolio,all,pd_d192_k10_eval,all_returned_means,True,False,0,dev,245806,2044,46,15.563966752877263,True,29
portfolio:returned:score_by_pd_d192_k10_eval,multi_proposer_portfolio,all,pd_d192_k10_eval,all_returned_means,True,False,1,test,296763,2520,55,16.947240121308333,True,29
portfolio:returned:score_by_pd_d192_k10_eval,multi_proposer_portfolio,all,pd_d192_k10_eval,all_returned_means,True,False,2,dev,471147,3828,39,125.31802353420169,False,29
portfolio:returned:score_by_pd_d192_k10_eval,multi_proposer_portfolio,all,pd_d192_k10_eval,all_returned_means,True,False,3,test,848701,6847,14,39.204622704462835,False,29
portfolio:returned:score_by_pd_d192_k10_eval,multi_proposer_portfolio,all,pd_d192_k10_eval,all_returned_means,True,False,4,dev,1049810,8454,45,189.49975528196123,False,29
portfolio:returned:score_by_pd_d192_k10_eval,multi_proposer_portfolio,all,pd_d192_k10_eval,all_returned_means,True,False,5,test,1122504,9098,3,55.60696141771158,False,29
portfolio:returned:score_by_pd_d192_k10_eval,multi_proposer_portfolio,all,pd_d192_k10_eval,all_returned_means,True,False,6,dev,1160225,9474,0,205.61621987606364,False,29
portfolio:returned:score_by_pd_d192_k10_eval,multi_proposer_portfolio,all,pd_d192_k10_eval,all_returned_means,True,False,7,test,1208937,9886,77,71.40670453367478,False,29
portfolio:returned:score_by_pd_d192_k10_eval,multi_proposer_portfolio,all,pd_d192_k10_eval,all_returned_means,True,False,8,dev,1592285,12683,4,17.37127212822158,True,29
portfolio:returned:score_by_pd_d192_k10_eval,multi_proposer_portfolio,all,pd_d192_k10_eval,all_returned_means,True,False,9,test,1903024,15156,68,20.288521449454947,True,29
portfolio:returned:score_by_pd_d192_k10_eval,multi_proposer_portfolio,all,pd_d192_k10_eval,all_returned_means,True,False,10,dev,1948264,15612,0,56.40329137885589,False,29
portfolio:returned:score_by_pd_d192_k10_eval,multi_proposer_portfolio,all,pd_d192_k10_eval,all_returned_means,True,False,11,test,2162198,17247,85,12.877689048933089,True,29
portfolio:returned:rank_consensus,multi_proposer_portfolio,all,all_rank_consensus,all_returned_means,True,False,0,dev,245806,2044,46,15.563966752877263,True,29
portfolio:returned:rank_consensus,multi_proposer_portfolio,all,all_rank_consensus,all_returned_means,True,False,1,test,296763,2520,55,13.418667015181285,True,19
portfolio:returned:rank_consensus,multi_proposer_portfolio,all,all_rank_consensus,all_returned_means,True,False,2,dev,471147,3828,39,19.994859485471355,True,29
portfolio:returned:rank_consensus,multi_proposer_portfolio,all,all_rank_consensus,all_returned_means,True,False,3,test,848701,6847,14,39.204622704462835,False,29
portfolio:returned:rank_consensus,multi_proposer_portfolio,all,all_rank_consensus,all_returned_means,True,False,4,dev,1049810,8454,45,189.49975528196123,False,29
portfolio:returned:rank_consensus,multi_proposer_portfolio,all,all_rank_consensus,all_returned_means,True,False,5,test,1122504,9098,3,49.11259483739668,False,29
portfolio:returned:rank_consensus,multi_proposer_portfolio,all,all_rank_consensus,all_returned_means,True,False,6,dev,1160225,9474,0,205.61621987606364,False,29
portfolio:returned:rank_consensus,multi_proposer_portfolio,all,all_rank_consensus,all_returned_means,True,False,7,test,1208937,9886,77,71.40670453367478,False,29
portfolio:returned:rank_consensus,multi_proposer_portfolio,all,all_rank_consensus,all_returned_means,True,False,8,dev,1592285,12683,4,17.37127212822158,True,29
portfolio:returned:rank_consensus,multi_proposer_portfolio,all,all_rank_consensus,all_returned_means,True,False,9,test,1903024,15156,68,16.58540064569297,True,19
portfolio:returned:rank_consensus,multi_proposer_portfolio,all,all_rank_consensus,all_returned_means,True,False,10,dev,1948264,15612,0,106.00594434598274,False,29
portfolio:returned:rank_consensus,multi_proposer_portfolio,all,all_rank_consensus,all_returned_means,True,False,11,test,2162198,17247,85,12.877689048933089,True,29
portfolio:returned:oracle,oracle_ceiling,all,true_simulator_cost,all_returned_means,False,False,0,dev,245806,2044,46,13.575710047352565,True,19
portfolio:returned:oracle,oracle_ceiling,all,true_simulator_cost,all_returned_means,False,False,1,test,296763,2520,55,11.575763229362705,True,19
portfolio:returned:oracle,oracle_ceiling,all,true_simulator_cost,all_returned_means,False,False,2,dev,471147,3828,39,2.092684296215925,True,29
portfolio:returned:oracle,oracle_ceiling,all,true_simulator_cost,all_returned_means,False,False,3,test,848701,6847,14,25.165324598499772,True,9
portfolio:returned:oracle,oracle_ceiling,all,true_simulator_cost,all_returned_means,False,False,4,dev,1049810,8454,45,189.49975528196123,False,29
portfolio:returned:oracle,oracle_ceiling,all,true_simulator_cost,all_returned_means,False,False,5,test,1122504,9098,3,46.26956677205615,False,2
portfolio:returned:oracle,oracle_ceiling,all,true_simulator_cost,all_returned_means,False,False,6,dev,1160225,9474,0,182.40925482071745,False,4
portfolio:returned:oracle,oracle_ceiling,all,true_simulator_cost,all_returned_means,False,False,7,test,1208937,9886,77,57.530398944951166,False,0
portfolio:returned:oracle,oracle_ceiling,all,true_simulator_cost,all_returned_means,False,False,8,dev,1592285,12683,4,13.084537155149254,True,19
portfolio:returned:oracle,oracle_ceiling,all,true_simulator_cost,all_returned_means,False,False,9,test,1903024,15156,68,14.5130392831485,True,29
portfolio:returned:oracle,oracle_ceiling,all,true_simulator_cost,all_returned_means,False,False,10,dev,1948264,15612,0,43.0817462267209,False,29
portfolio:returned:oracle,oracle_ceiling,all,true_simulator_cost,all_returned_means,False,False,11,test,2162198,17247,85,12.877689048933089,True,29
