state_index,split,dataset_row,episode,start,generator,scorer,is_self_scorer,step,elite_count,elite_overlap,update_cosine,relative_update_error,learned_update_norm,oracle_update_norm,learned_elite_success_fraction,oracle_elite_success_fraction
0,dev,245806,2044,46,pd_d192_k3_eval,pd_d192_k3_eval,True,0,30,0.2,0.2551053872457021,1.2224018517834294,2.081771906929858,2.075547077813215,0.0,0.0
0,dev,245806,2044,46,pd_d192_k3_eval,iter2_multistep_eval,False,0,30,0.2,0.3925415547638746,1.0218355739381633,1.7388507569580285,2.075547077813215,0.0,0.0
0,dev,245806,2044,46,pd_d192_k3_eval,pd_d192_k10_eval,False,0,30,0.0,-0.2801600055976715,1.542508093717586,1.9245354934424677,2.075547077813215,0.0,0.0
0,dev,245806,2044,46,pd_d192_k3_eval,pd_d192_k3_eval,True,1,30,0.23333333333333334,0.2674877482198942,1.104252297544068,1.7975637720222961,2.2278498541977885,0.0,0.0
0,dev,245806,2044,46,pd_d192_k3_eval,iter2_multistep_eval,False,1,30,0.03333333333333333,0.15464052883826704,1.157046505827211,1.6861741740020362,2.2278498541977885,0.0,0.0
0,dev,245806,2044,46,pd_d192_k3_eval,pd_d192_k10_eval,False,1,30,0.0,-0.4429725659478141,1.4603867764898513,1.5813951210565436,2.2278498541977885,0.0,0.0
0,dev,245806,2044,46,pd_d192_k3_eval,pd_d192_k3_eval,True,2,30,0.16666666666666666,0.1979235971414632,1.2201906132445408,1.939060337357342,2.097219102055755,0.0,0.0
0,dev,245806,2044,46,pd_d192_k3_eval,iter2_multistep_eval,False,2,30,0.06666666666666667,0.04642376856037534,1.256326005203923,1.69525763019383,2.097219102055755,0.0,0.0
0,dev,245806,2044,46,pd_d192_k3_eval,pd_d192_k10_eval,False,2,30,0.0,-0.4723309205663428,1.5339834017331104,1.6424114426118874,2.097219102055755,0.0,0.0
0,dev,245806,2044,46,pd_d192_k3_eval,pd_d192_k3_eval,True,4,30,0.16666666666666666,0.23035373759613464,1.1014834759782353,1.7746016064561547,2.37747071343824,0.0,0.0
0,dev,245806,2044,46,pd_d192_k3_eval,iter2_multistep_eval,False,4,30,0.03333333333333333,-0.38620665354821354,1.449774561426983,1.740963056322011,2.37747071343824,0.0,0.0
0,dev,245806,2044,46,pd_d192_k3_eval,pd_d192_k10_eval,False,4,30,0.0,-0.6217444269738339,1.583522369575841,1.793853913943771,2.37747071343824,0.0,0.0
0,dev,245806,2044,46,pd_d192_k3_eval,pd_d192_k3_eval,True,9,30,0.43333333333333335,0.7611033643971041,0.6538178884701702,1.3794492473150448,1.6357766920374492,0.0,0.0
0,dev,245806,2044,46,pd_d192_k3_eval,iter2_multistep_eval,False,9,30,0.5666666666666667,0.800396516653591,0.666256757142534,1.7848638473906708,1.6357766920374492,0.0,0.0
0,dev,245806,2044,46,pd_d192_k3_eval,pd_d192_k10_eval,False,9,30,0.6,0.8175618348560771,0.6489832369297918,1.826953242073335,1.6357766920374492,0.0,0.0
0,dev,245806,2044,46,pd_d192_k3_eval,pd_d192_k3_eval,True,19,30,0.3,0.22037545633514918,1.1698488726603546,0.56151527437574,0.6482383283117056,0.5333333333333333,1.0
0,dev,245806,2044,46,pd_d192_k3_eval,iter2_multistep_eval,False,19,30,0.3,0.09026548794263414,1.3047375753271182,0.6049165540388739,0.6482383283117056,0.6666666666666666,1.0
0,dev,245806,2044,46,pd_d192_k3_eval,pd_d192_k10_eval,False,19,30,0.3333333333333333,0.29447158635777493,1.3405412840376008,0.8002884982507943,0.6482383283117056,0.7666666666666667,1.0
0,dev,245806,2044,46,pd_d192_k3_eval,pd_d192_k3_eval,True,29,30,0.1,0.04225468939082759,1.2283647030557456,0.3059114902996545,0.40418334016409246,0.7,1.0
0,dev,245806,2044,46,pd_d192_k3_eval,iter2_multistep_eval,False,29,30,0.1,0.21755398432796952,1.58054920207326,0.5903993021127414,0.40418334016409246,0.6666666666666666,1.0
0,dev,245806,2044,46,pd_d192_k3_eval,pd_d192_k10_eval,False,29,30,0.4,0.5861191711721448,1.0229516272280332,0.4893009241322702,0.40418334016409246,0.9,1.0
0,dev,245806,2044,46,iter2_multistep_eval,pd_d192_k3_eval,False,0,30,0.2,0.2551053872457021,1.2224018517834294,2.081771906929858,2.075547077813215,0.0,0.0
0,dev,245806,2044,46,iter2_multistep_eval,iter2_multistep_eval,True,0,30,0.2,0.3925415547638746,1.0218355739381633,1.7388507569580285,2.075547077813215,0.0,0.0
0,dev,245806,2044,46,iter2_multistep_eval,pd_d192_k10_eval,False,0,30,0.0,-0.2801600055976715,1.542508093717586,1.9245354934424677,2.075547077813215,0.0,0.0
0,dev,245806,2044,46,iter2_multistep_eval,pd_d192_k3_eval,False,1,30,0.16666666666666666,0.16789793519338483,1.2012687463148743,1.7310488149053316,2.0261245111101585,0.0,0.0
0,dev,245806,2044,46,iter2_multistep_eval,iter2_multistep_eval,True,1,30,0.03333333333333333,0.2049493426061434,1.0818071933520348,1.3488347709519368,2.0261245111101585,0.0,0.0
0,dev,245806,2044,46,iter2_multistep_eval,pd_d192_k10_eval,False,1,30,0.0,-0.44631033897468464,1.5429280961522216,1.6423736499757455,2.0261245111101585,0.0,0.0
0,dev,245806,2044,46,iter2_multistep_eval,pd_d192_k3_eval,False,2,30,0.06666666666666667,-0.09638423173992675,1.4287989743906544,1.8795134841483687,2.023855074720234,0.0,0.0
0,dev,245806,2044,46,iter2_multistep_eval,iter2_multistep_eval,True,2,30,0.03333333333333333,0.06465336405637612,1.1404220749377914,1.2480877381193145,2.023855074720234,0.0,0.0
0,dev,245806,2044,46,iter2_multistep_eval,pd_d192_k10_eval,False,2,30,0.0,-0.5226223939884023,1.7327265089229644,1.9952083739436752,2.023855074720234,0.0,0.0
0,dev,245806,2044,46,iter2_multistep_eval,pd_d192_k3_eval,False,4,30,0.03333333333333333,-0.22143230598487226,1.5060460555177395,1.6438380986515329,1.774697021618587,0.0,0.0
0,dev,245806,2044,46,iter2_multistep_eval,iter2_multistep_eval,True,4,30,0.0,-0.4088570474075917,1.5869332193163084,1.5784495458853318,1.774697021618587,0.0,0.0
0,dev,245806,2044,46,iter2_multistep_eval,pd_d192_k10_eval,False,4,30,0.0,-0.6287469279937209,1.6620552176122996,1.4910673152797103,1.774697021618587,0.0,0.0
0,dev,245806,2044,46,iter2_multistep_eval,pd_d192_k3_eval,False,9,30,0.0,-0.670822972745922,1.9364808959353597,1.445767776608526,1.2931493699126275,0.0,0.0
0,dev,245806,2044,46,iter2_multistep_eval,iter2_multistep_eval,True,9,30,0.0,-0.5412840694102166,1.60926216815759,1.0743949013628349,1.2931493699126275,0.0,0.0
0,dev,245806,2044,46,iter2_multistep_eval,pd_d192_k10_eval,False,9,30,0.0,-0.5095789892560384,1.7079630444785239,1.2489522985311798,1.2931493699126275,0.0,0.0
0,dev,245806,2044,46,iter2_multistep_eval,pd_d192_k3_eval,False,19,30,0.0,-0.4004087800448459,1.6698161112390606,0.5658825315643823,0.5684299370284106,0.0,0.0
0,dev,245806,2044,46,iter2_multistep_eval,iter2_multistep_eval,True,19,30,0.06666666666666667,-0.12059154439396175,1.4248068221798609,0.5124244820518453,0.5684299370284106,0.0,0.0
0,dev,245806,2044,46,iter2_multistep_eval,pd_d192_k10_eval,False,19,30,0.3,0.5525392293749135,1.0304202264794653,0.6584683804669829,0.5684299370284106,0.0,0.0
0,dev,245806,2044,46,iter2_multistep_eval,pd_d192_k3_eval,False,29,30,0.03333333333333333,0.10675435963251254,1.1844897532898688,0.24273301066649924,0.32342704990336857,0.0,0.0
0,dev,245806,2044,46,iter2_multistep_eval,iter2_multistep_eval,True,29,30,0.1,-0.14731018013133002,1.2402520826764172,0.19437044903169046,0.32342704990336857,0.0,0.0
0,dev,245806,2044,46,iter2_multistep_eval,pd_d192_k10_eval,False,29,30,0.43333333333333335,0.6033759051666112,0.8195350193860692,0.25625794267653146,0.32342704990336857,0.0,0.0
0,dev,245806,2044,46,pd_d192_k10_eval,pd_d192_k3_eval,False,0,30,0.2,0.2551053872457021,1.2224018517834294,2.081771906929858,2.075547077813215,0.0,0.0
0,dev,245806,2044,46,pd_d192_k10_eval,iter2_multistep_eval,False,0,30,0.2,0.3925415547638746,1.0218355739381633,1.7388507569580285,2.075547077813215,0.0,0.0
0,dev,245806,2044,46,pd_d192_k10_eval,pd_d192_k10_eval,True,0,30,0.0,-0.2801600055976715,1.542508093717586,1.9245354934424677,2.075547077813215,0.0,0.0
0,dev,245806,2044,46,pd_d192_k10_eval,pd_d192_k3_eval,False,1,30,0.1,0.15887086516884383,1.2423907064065651,1.9160403077685346,2.0985229445286566,0.0,0.0
0,dev,245806,2044,46,pd_d192_k10_eval,iter2_multistep_eval,False,1,30,0.3333333333333333,0.5509038332630799,0.8823519272756691,1.7571562467394826,2.0985229445286566,0.0,0.0
0,dev,245806,2044,46,pd_d192_k10_eval,pd_d192_k10_eval,True,1,30,0.0,0.12322219966760202,1.1356254410696034,1.4172065792299435,2.0985229445286566,0.0,0.0
0,dev,245806,2044,46,pd_d192_k10_eval,pd_d192_k3_eval,False,2,30,0.06666666666666667,-0.12167297976202558,1.3493473241085943,1.676087893300816,2.115185175833538,0.0,0.0
0,dev,245806,2044,46,pd_d192_k10_eval,iter2_multistep_eval,False,2,30,0.26666666666666666,0.5498327148383416,0.8769337370059777,1.7279100500849744,2.115185175833538,0.0,0.0
0,dev,245806,2044,46,pd_d192_k10_eval,pd_d192_k10_eval,True,2,30,0.06666666666666667,0.28877917709252754,1.0199355862373032,1.3546392057756762,2.115185175833538,0.0,0.0
0,dev,245806,2044,46,pd_d192_k10_eval,pd_d192_k3_eval,False,4,30,0.13333333333333333,-0.29511560312054447,1.5500797115748675,1.714494040425224,1.8525566512668359,0.0,0.0
0,dev,245806,2044,46,pd_d192_k10_eval,iter2_multistep_eval,False,4,30,0.2,0.4952941070815483,0.9691914886668174,1.7136175749535518,1.8525566512668359,0.0,0.0
0,dev,245806,2044,46,pd_d192_k10_eval,pd_d192_k10_eval,True,4,30,0.0,-0.14453354937878968,1.2618419174835909,1.1828496524830883,1.8525566512668359,0.0,0.0
0,dev,245806,2044,46,pd_d192_k10_eval,pd_d192_k3_eval,False,9,30,0.13333333333333333,-0.10841412699736935,1.5014474239919942,1.1627626687073591,1.1435554303704811,0.0,0.0
0,dev,245806,2044,46,pd_d192_k10_eval,iter2_multistep_eval,False,9,30,0.26666666666666666,0.4758255961457474,0.9763150300814715,1.0287644446891635,1.1435554303704811,0.0,0.0
0,dev,245806,2044,46,pd_d192_k10_eval,pd_d192_k10_eval,True,9,30,0.0,-0.04274101397489846,1.14446333637716,0.5894926769430797,1.1435554303704811,0.0,0.0
0,dev,245806,2044,46,pd_d192_k10_eval,pd_d192_k3_eval,False,19,30,0.13333333333333333,0.10459746079595869,1.3562883342016565,0.46622371062869866,0.45405475972007736,0.0,0.0
0,dev,245806,2044,46,pd_d192_k10_eval,iter2_multistep_eval,False,19,30,0.23333333333333334,0.2414841912793413,1.117701843578778,0.3614620770356481,0.45405475972007736,0.0,0.0
0,dev,245806,2044,46,pd_d192_k10_eval,pd_d192_k10_eval,True,19,30,0.0,-0.276936058376467,1.305575747891738,0.27558007299697135,0.45405475972007736,0.0,0.0
0,dev,245806,2044,46,pd_d192_k10_eval,pd_d192_k3_eval,False,29,30,0.06666666666666667,0.21365200911916796,1.104466963444118,0.20063441104105742,0.27525131252364055,0.0,0.0
0,dev,245806,2044,46,pd_d192_k10_eval,iter2_multistep_eval,False,29,30,0.26666666666666666,0.24926359003234594,1.0539164169563675,0.18305383731839375,0.27525131252364055,0.0,0.0
0,dev,245806,2044,46,pd_d192_k10_eval,pd_d192_k10_eval,True,29,30,0.0,-0.07047000598892104,1.1778513370378618,0.15300350561136664,0.27525131252364055,0.0,0.0
1,test,296763,2520,55,pd_d192_k3_eval,pd_d192_k3_eval,True,0,30,0.7333333333333333,0.8488636698641313,0.5736840000992303,2.122526633276797,1.980411885454364,0.0,0.0
1,test,296763,2520,55,pd_d192_k3_eval,iter2_multistep_eval,False,0,30,0.8,0.8989126610875762,0.45083234277395,1.990679981328571,1.980411885454364,0.0,0.0
1,test,296763,2520,55,pd_d192_k3_eval,pd_d192_k10_eval,False,0,30,0.8,0.8989126610875762,0.45083234277395,1.990679981328571,1.980411885454364,0.0,0.0
1,test,296763,2520,55,pd_d192_k3_eval,pd_d192_k3_eval,True,1,30,0.9,0.9693739927264382,0.24606130407102692,2.011333196176095,2.0427736808389056,0.3333333333333333,0.3333333333333333
1,test,296763,2520,55,pd_d192_k3_eval,iter2_multistep_eval,False,1,30,0.8666666666666667,0.9608124848048826,0.2775470681342394,1.9343428970810774,2.0427736808389056,0.3,0.3333333333333333
1,test,296763,2520,55,pd_d192_k3_eval,pd_d192_k10_eval,False,1,30,0.8333333333333334,0.9232523188194228,0.38454406719806744,1.9194985096592958,2.0427736808389056,0.3,0.3333333333333333
1,test,296763,2520,55,pd_d192_k3_eval,pd_d192_k3_eval,True,2,30,0.5,0.5932703818171758,0.8634412602614717,1.3061696957697269,1.4424507525655552,0.9666666666666667,1.0
1,test,296763,2520,55,pd_d192_k3_eval,iter2_multistep_eval,False,2,30,0.3,0.45794712971350027,0.9642013400921352,1.1991236673893122,1.4424507525655552,0.8,1.0
1,test,296763,2520,55,pd_d192_k3_eval,pd_d192_k10_eval,False,2,30,0.3333333333333333,0.4318711230965724,1.0754507931090647,1.467873295802865,1.4424507525655552,0.8666666666666667,1.0
1,test,296763,2520,55,pd_d192_k3_eval,pd_d192_k3_eval,True,4,30,0.16666666666666666,0.02407724829461778,1.331507306625076,1.1587345247915108,1.2824089415371778,0.9,1.0
1,test,296763,2520,55,pd_d192_k3_eval,iter2_multistep_eval,False,4,30,0.16666666666666666,0.10280780268033544,1.2961146582620198,1.1974630200763452,1.2824089415371778,0.8666666666666667,1.0
1,test,296763,2520,55,pd_d192_k3_eval,pd_d192_k10_eval,False,4,30,0.1,0.08442775874512569,1.2159047893000952,1.001873949743132,1.2824089415371778,0.8666666666666667,1.0
1,test,296763,2520,55,pd_d192_k3_eval,pd_d192_k3_eval,True,9,30,0.16666666666666666,0.0502976923059635,1.4063158833896954,0.8896771270853528,0.8551499526145933,1.0,1.0
1,test,296763,2520,55,pd_d192_k3_eval,iter2_multistep_eval,False,9,30,0.16666666666666666,-0.038280243708479746,1.7154058777219288,1.1596033620541126,0.8551499526145933,1.0,1.0
1,test,296763,2520,55,pd_d192_k3_eval,pd_d192_k10_eval,False,9,30,0.16666666666666666,-0.028914602299658577,1.3759651068306702,0.7838838812514276,0.8551499526145933,0.9666666666666667,1.0
1,test,296763,2520,55,pd_d192_k3_eval,pd_d192_k3_eval,True,19,30,0.1,0.06478153532411372,1.289535715157822,0.5191312850846694,0.5888894663289358,1.0,1.0
1,test,296763,2520,55,pd_d192_k3_eval,iter2_multistep_eval,False,19,30,0.13333333333333333,0.05577027398211622,1.385735501120825,0.5987200179382114,0.5888894663289358,1.0,1.0
1,test,296763,2520,55,pd_d192_k3_eval,pd_d192_k10_eval,False,19,30,0.1,0.042622438387481434,1.537007576204036,0.7129190105712114,0.5888894663289358,1.0,1.0
1,test,296763,2520,55,pd_d192_k3_eval,pd_d192_k3_eval,True,29,30,0.06666666666666667,0.11016369296943042,1.2224387439171798,0.2443385335043361,0.29730431628025106,1.0,1.0
1,test,296763,2520,55,pd_d192_k3_eval,iter2_multistep_eval,False,29,30,0.23333333333333334,-0.08845253879084784,1.7960273575346968,0.41802476197308863,0.29730431628025106,1.0,1.0
1,test,296763,2520,55,pd_d192_k3_eval,pd_d192_k10_eval,False,29,30,0.03333333333333333,-0.46432471253136476,2.4275914880846736,0.5339407993422707,0.29730431628025106,1.0,1.0
1,test,296763,2520,55,iter2_multistep_eval,pd_d192_k3_eval,False,0,30,0.7333333333333333,0.8488636698641313,0.5736840000992303,2.122526633276797,1.980411885454364,0.0,0.0
1,test,296763,2520,55,iter2_multistep_eval,iter2_multistep_eval,True,0,30,0.8,0.8989126610875762,0.45083234277395,1.990679981328571,1.980411885454364,0.0,0.0
1,test,296763,2520,55,iter2_multistep_eval,pd_d192_k10_eval,False,0,30,0.8,0.8989126610875762,0.45083234277395,1.990679981328571,1.980411885454364,0.0,0.0
1,test,296763,2520,55,iter2_multistep_eval,pd_d192_k3_eval,False,1,30,0.9666666666666667,0.9874946169659607,0.1596962127051783,2.049991460922411,2.0237629700695616,0.23333333333333334,0.23333333333333334
1,test,296763,2520,55,iter2_multistep_eval,iter2_multistep_eval,True,1,30,0.9,0.9594758375917427,0.2886124800645066,2.067990471365645,2.0237629700695616,0.23333333333333334,0.23333333333333334
1,test,296763,2520,55,iter2_multistep_eval,pd_d192_k10_eval,False,1,30,0.9,0.9346686939490371,0.35552383513406555,1.8949129400452165,2.0237629700695616,0.2,0.23333333333333334
1,test,296763,2520,55,iter2_multistep_eval,pd_d192_k3_eval,False,2,30,0.4,0.5890868422815823,0.8168855820451656,1.3646442923851876,1.9253549198760345,0.9333333333333333,1.0
1,test,296763,2520,55,iter2_multistep_eval,iter2_multistep_eval,True,2,30,0.3,0.5711268886088372,0.8289444833852562,1.3219556905682914,1.9253549198760345,0.9333333333333333,1.0
1,test,296763,2520,55,iter2_multistep_eval,pd_d192_k10_eval,False,2,30,0.36666666666666664,0.5474844682484907,0.8438165976094139,1.2629447408645857,1.9253549198760345,0.8333333333333334,1.0
1,test,296763,2520,55,iter2_multistep_eval,pd_d192_k3_eval,False,4,30,0.13333333333333333,0.16505498555561632,1.1909032923134617,1.1864356107594138,1.4251338351950118,0.9666666666666667,1.0
1,test,296763,2520,55,iter2_multistep_eval,iter2_multistep_eval,True,4,30,0.13333333333333333,0.21409943986119498,1.0655510090800466,0.9118283400291745,1.4251338351950118,0.8666666666666667,1.0
1,test,296763,2520,55,iter2_multistep_eval,pd_d192_k10_eval,False,4,30,0.1,0.0913961742025056,1.2863308516407814,1.2906646060243832,1.4251338351950118,0.7666666666666667,1.0
1,test,296763,2520,55,iter2_multistep_eval,pd_d192_k3_eval,False,9,30,0.3,0.24894874056366742,1.0733153267440767,0.9115615222344218,1.2811290284400734,1.0,1.0
1,test,296763,2520,55,iter2_multistep_eval,iter2_multistep_eval,True,9,30,0.06666666666666667,-0.06369453294441722,1.2224871186825645,0.8229630492034233,1.2811290284400734,0.9,1.0
1,test,296763,2520,55,iter2_multistep_eval,pd_d192_k10_eval,False,9,30,0.1,-0.06163320211210805,1.325177716242446,1.0378248840521687,1.2811290284400734,0.9666666666666667,1.0
1,test,296763,2520,55,iter2_multistep_eval,pd_d192_k3_eval,False,19,30,0.23333333333333334,0.15353658590890135,1.1830092009196855,0.8131837364273755,1.011440351323735,1.0,1.0
1,test,296763,2520,55,iter2_multistep_eval,iter2_multistep_eval,True,19,30,0.16666666666666666,0.284376953951332,1.0289991718541907,0.6656838748614287,1.011440351323735,1.0,1.0
1,test,296763,2520,55,iter2_multistep_eval,pd_d192_k10_eval,False,19,30,0.1,-0.38185333400348515,1.6556908869329416,1.0032204643198637,1.011440351323735,0.9333333333333333,1.0
1,test,296763,2520,55,iter2_multistep_eval,pd_d192_k3_eval,False,29,30,0.06666666666666667,0.18764732854064511,1.2175156758164085,0.4094769218828507,0.45143264906536207,1.0,1.0
1,test,296763,2520,55,iter2_multistep_eval,iter2_multistep_eval,True,29,30,0.03333333333333333,0.24014017016779743,1.069368174882189,0.3109065332510451,0.45143264906536207,1.0,1.0
1,test,296763,2520,55,iter2_multistep_eval,pd_d192_k10_eval,False,29,30,0.16666666666666666,-0.09572519352259984,1.5732483644973674,0.5067704089944153,0.45143264906536207,1.0,1.0
1,test,296763,2520,55,pd_d192_k10_eval,pd_d192_k3_eval,False,0,30,0.7333333333333333,0.8488636698641313,0.5736840000992303,2.122526633276797,1.980411885454364,0.0,0.0
1,test,296763,2520,55,pd_d192_k10_eval,iter2_multistep_eval,False,0,30,0.8,0.8989126610875762,0.45083234277395,1.990679981328571,1.980411885454364,0.0,0.0
1,test,296763,2520,55,pd_d192_k10_eval,pd_d192_k10_eval,True,0,30,0.8,0.8989126610875762,0.45083234277395,1.990679981328571,1.980411885454364,0.0,0.0
1,test,296763,2520,55,pd_d192_k10_eval,pd_d192_k3_eval,False,1,30,0.9666666666666667,0.9874946169659607,0.1596962127051783,2.049991460922411,2.0237629700695616,0.23333333333333334,0.23333333333333334
1,test,296763,2520,55,pd_d192_k10_eval,iter2_multistep_eval,False,1,30,0.9,0.9594758375917427,0.2886124800645066,2.067990471365645,2.0237629700695616,0.23333333333333334,0.23333333333333334
1,test,296763,2520,55,pd_d192_k10_eval,pd_d192_k10_eval,True,1,30,0.9,0.9346686939490371,0.35552383513406555,1.8949129400452165,2.0237629700695616,0.2,0.23333333333333334
1,test,296763,2520,55,pd_d192_k10_eval,pd_d192_k3_eval,False,2,30,0.3333333333333333,0.6026760951347763,0.8154917539204963,1.3005682685240278,1.6874293164462937,0.9666666666666667,1.0
1,test,296763,2520,55,pd_d192_k10_eval,iter2_multistep_eval,False,2,30,0.3,0.46122580376426636,0.9440432809579183,1.3223267582863918,1.6874293164462937,0.8,1.0
1,test,296763,2520,55,pd_d192_k10_eval,pd_d192_k10_eval,True,2,30,0.43333333333333335,0.6424847935952904,0.7692743468478315,1.1982175324233204,1.6874293164462937,0.9333333333333333,1.0
1,test,296763,2520,55,pd_d192_k10_eval,pd_d192_k3_eval,False,4,30,0.3333333333333333,0.5238482681095532,0.872428140550607,1.1768025191234772,1.6519084045743888,0.9666666666666667,1.0
1,test,296763,2520,55,pd_d192_k10_eval,iter2_multistep_eval,False,4,30,0.23333333333333334,0.47006103168863883,0.9141369925389655,1.1695124853513372,1.6519084045743888,0.8333333333333334,1.0
1,test,296763,2520,55,pd_d192_k10_eval,pd_d192_k10_eval,True,4,30,0.23333333333333334,0.22053520370641905,1.082580397915176,1.1402018242603322,1.6519084045743888,0.8,1.0
1,test,296763,2520,55,pd_d192_k10_eval,pd_d192_k3_eval,False,9,30,0.3,0.09584036678976661,1.2581068598835101,1.0279516434751412,1.188015891539692,1.0,1.0
1,test,296763,2520,55,pd_d192_k10_eval,iter2_multistep_eval,False,9,30,0.23333333333333334,0.5171627678126467,0.8796092306010694,0.8554498665851358,1.188015891539692,0.9666666666666667,1.0
1,test,296763,2520,55,pd_d192_k10_eval,pd_d192_k10_eval,True,9,30,0.3,0.08374817411111385,1.1729381902246474,0.8345273366797549,1.188015891539692,0.8333333333333334,1.0
1,test,296763,2520,55,pd_d192_k10_eval,pd_d192_k3_eval,False,19,30,0.3,0.4776457794410439,1.2069048598448526,0.9736434633654001,0.7460006465400689,1.0,1.0
1,test,296763,2520,55,pd_d192_k10_eval,iter2_multistep_eval,False,19,30,0.23333333333333334,0.2501413004211423,1.264577762623304,0.7934520339989811,0.7460006465400689,1.0,1.0
1,test,296763,2520,55,pd_d192_k10_eval,pd_d192_k10_eval,True,19,30,0.13333333333333333,-0.1950241681271729,1.427572804652121,0.6283409216941409,0.7460006465400689,0.9666666666666667,1.0
1,test,296763,2520,55,pd_d192_k10_eval,pd_d192_k3_eval,False,29,30,0.23333333333333334,0.41307474928574245,1.1353281004636058,0.5201081432427571,0.4767202703378806,1.0,1.0
1,test,296763,2520,55,pd_d192_k10_eval,iter2_multistep_eval,False,29,30,0.1,0.12610692917691255,1.516246223685616,0.6067696785192633,0.4767202703378806,1.0,1.0
1,test,296763,2520,55,pd_d192_k10_eval,pd_d192_k10_eval,True,29,30,0.13333333333333333,-0.10911488737313096,1.381597444925711,0.40541502544244146,0.4767202703378806,1.0,1.0
2,dev,471147,3828,39,pd_d192_k3_eval,pd_d192_k3_eval,True,0,30,0.4666666666666667,0.7205312975401009,0.7614802144681043,2.1581910398990196,2.0848024316656684,0.0,0.0
2,dev,471147,3828,39,pd_d192_k3_eval,iter2_multistep_eval,False,0,30,0.7333333333333333,0.8977257244521983,0.45320822901095104,2.093288266109493,2.0848024316656684,0.0,0.0
2,dev,471147,3828,39,pd_d192_k3_eval,pd_d192_k10_eval,False,0,30,0.6666666666666666,0.86031202701956,0.5351523590441373,2.13312082108212,2.0848024316656684,0.0,0.0
2,dev,471147,3828,39,pd_d192_k3_eval,pd_d192_k3_eval,True,1,30,0.8666666666666667,0.9467589330369266,0.321947668181568,2.0557015901180664,2.167488129693511,0.0,0.0
2,dev,471147,3828,39,pd_d192_k3_eval,iter2_multistep_eval,False,1,30,0.9333333333333333,0.9806864116284768,0.19857045414850197,2.0512947992937285,2.167488129693511,0.0,0.0
2,dev,471147,3828,39,pd_d192_k3_eval,pd_d192_k10_eval,False,1,30,0.8,0.9191361338831558,0.39449240309899436,2.0374485960295172,2.167488129693511,0.0,0.0
2,dev,471147,3828,39,pd_d192_k3_eval,pd_d192_k3_eval,True,2,30,0.7,0.8115461047904015,0.6093105789139688,1.7647856409727705,1.792815843448954,0.23333333333333334,0.26666666666666666
2,dev,471147,3828,39,pd_d192_k3_eval,iter2_multistep_eval,False,2,30,0.6666666666666666,0.7622093462943516,0.7084194616683336,1.8824496612087669,1.792815843448954,0.26666666666666666,0.26666666666666666
2,dev,471147,3828,39,pd_d192_k3_eval,pd_d192_k10_eval,False,2,30,0.6,0.7367160500905274,0.7355944502040145,1.839938636142757,1.792815843448954,0.26666666666666666,0.26666666666666666
2,dev,471147,3828,39,pd_d192_k3_eval,pd_d192_k3_eval,True,4,30,0.3,0.34018179189119474,1.107344802437772,1.1582853234836592,1.252288523595432,0.9,1.0
2,dev,471147,3828,39,pd_d192_k3_eval,iter2_multistep_eval,False,4,30,0.16666666666666666,0.33686616968381644,1.1471615461700402,1.2425168513945226,1.252288523595432,0.6333333333333333,1.0
2,dev,471147,3828,39,pd_d192_k3_eval,pd_d192_k10_eval,False,4,30,0.1,0.1588257996464166,1.2343362658409556,1.1266138952559395,1.252288523595432,0.5,1.0
2,dev,471147,3828,39,pd_d192_k3_eval,pd_d192_k3_eval,True,9,30,0.13333333333333333,0.2712132599025879,1.1061121617814993,1.0219957085711076,1.2520963214994398,0.8333333333333334,1.0
2,dev,471147,3828,39,pd_d192_k3_eval,iter2_multistep_eval,False,9,30,0.06666666666666667,0.042225237535373376,1.3133252141007101,1.120171899402519,1.2520963214994398,0.8666666666666667,1.0
2,dev,471147,3828,39,pd_d192_k3_eval,pd_d192_k10_eval,False,9,30,0.13333333333333333,-0.12315401668339475,1.4990026948343833,1.2524870314456034,1.2520963214994398,0.8333333333333334,1.0
2,dev,471147,3828,39,pd_d192_k3_eval,pd_d192_k3_eval,True,19,30,0.2,0.4292810798149115,0.9367341375261211,0.5308698193923632,0.7832447844591627,0.9333333333333333,1.0
2,dev,471147,3828,39,pd_d192_k3_eval,iter2_multistep_eval,False,19,30,0.13333333333333333,0.38108156694444045,1.165457263782807,0.8542605128821222,0.7832447844591627,0.9666666666666667,1.0
2,dev,471147,3828,39,pd_d192_k3_eval,pd_d192_k10_eval,False,19,30,0.16666666666666666,0.20352213489670967,1.2480245840016357,0.7655938892222179,0.7832447844591627,0.9,1.0
2,dev,471147,3828,39,pd_d192_k3_eval,pd_d192_k3_eval,True,29,30,0.3333333333333333,0.29867105005939126,1.3138626787344003,0.27285074173574353,0.22705623376204073,1.0,1.0
2,dev,471147,3828,39,pd_d192_k3_eval,iter2_multistep_eval,False,29,30,0.1,0.03401752699015513,2.1101243671642775,0.4296932281308865,0.22705623376204073,1.0,1.0
2,dev,471147,3828,39,pd_d192_k3_eval,pd_d192_k10_eval,False,29,30,0.1,-0.039955123278876785,2.2725010388083473,0.45435952429542736,0.22705623376204073,1.0,1.0
2,dev,471147,3828,39,iter2_multistep_eval,pd_d192_k3_eval,False,0,30,0.4666666666666667,0.7205312975401009,0.7614802144681043,2.1581910398990196,2.0848024316656684,0.0,0.0
2,dev,471147,3828,39,iter2_multistep_eval,iter2_multistep_eval,True,0,30,0.7333333333333333,0.8977257244521983,0.45320822901095104,2.093288266109493,2.0848024316656684,0.0,0.0
2,dev,471147,3828,39,iter2_multistep_eval,pd_d192_k10_eval,False,0,30,0.6666666666666666,0.86031202701956,0.5351523590441373,2.13312082108212,2.0848024316656684,0.0,0.0
2,dev,471147,3828,39,iter2_multistep_eval,pd_d192_k3_eval,False,1,30,0.7333333333333333,0.8929350396208106,0.4529226375758859,1.9553102419674213,2.0742624485331964,0.0,0.0
2,dev,471147,3828,39,iter2_multistep_eval,iter2_multistep_eval,True,1,30,0.8,0.9213040337649627,0.38906740929720757,1.9384326675440486,2.0742624485331964,0.0,0.0
2,dev,471147,3828,39,iter2_multistep_eval,pd_d192_k10_eval,False,1,30,0.7,0.8713373191299598,0.5047170097744682,2.0525315285148333,2.0742624485331964,0.0,0.0
2,dev,471147,3828,39,iter2_multistep_eval,pd_d192_k3_eval,False,2,30,0.6333333333333333,0.7400104412286449,0.7316304479837591,1.7260494497160257,1.6791482348873858,0.16666666666666666,0.2
2,dev,471147,3828,39,iter2_multistep_eval,iter2_multistep_eval,True,2,30,0.4666666666666667,0.7507524329951576,0.6766381331449475,1.5066549604548993,1.6791482348873858,0.16666666666666666,0.2
2,dev,471147,3828,39,iter2_multistep_eval,pd_d192_k10_eval,False,2,30,0.3,0.4925347087956068,1.067055156986464,1.8637644717261241,1.6791482348873858,0.16666666666666666,0.2
2,dev,471147,3828,39,iter2_multistep_eval,pd_d192_k3_eval,False,4,30,0.3333333333333333,0.4808357951746241,1.0746644430500096,1.4724553977632029,1.33591104352945,0.6,1.0
2,dev,471147,3828,39,iter2_multistep_eval,iter2_multistep_eval,True,4,30,0.26666666666666666,0.3180898582771759,1.0845116675906632,1.1284801737748205,1.33591104352945,0.5333333333333333,1.0
2,dev,471147,3828,39,iter2_multistep_eval,pd_d192_k10_eval,False,4,30,0.13333333333333333,-0.023355462643103567,1.4092445802897562,1.2956727845028622,1.33591104352945,0.23333333333333334,1.0
2,dev,471147,3828,39,iter2_multistep_eval,pd_d192_k3_eval,False,9,30,0.1,0.15670783399542904,1.3571689785477816,1.1878078404391594,1.0921880424382435,0.7,1.0
2,dev,471147,3828,39,iter2_multistep_eval,iter2_multistep_eval,True,9,30,0.3,0.23800446466819722,1.2405530839594885,1.1028559159909808,1.0921880424382435,0.9333333333333333,1.0
2,dev,471147,3828,39,iter2_multistep_eval,pd_d192_k10_eval,False,9,30,0.16666666666666666,-0.041667842769094306,1.5528810181666801,1.2528519729052428,1.0921880424382435,0.7333333333333333,1.0
2,dev,471147,3828,39,iter2_multistep_eval,pd_d192_k3_eval,False,19,30,0.03333333333333333,-0.3397553519569325,1.8533036240776637,0.6337788568459596,0.5041317089466646,0.4666666666666667,1.0
2,dev,471147,3828,39,iter2_multistep_eval,iter2_multistep_eval,True,19,30,0.03333333333333333,-0.14217571613307547,1.4840420323105679,0.4857482042633166,0.5041317089466646,0.8333333333333334,1.0
2,dev,471147,3828,39,iter2_multistep_eval,pd_d192_k10_eval,False,19,30,0.03333333333333333,-0.13548208153886887,1.7377288590341669,0.651400302068638,0.5041317089466646,0.6333333333333333,1.0
2,dev,471147,3828,39,iter2_multistep_eval,pd_d192_k3_eval,False,29,30,0.0,-0.10005223109991554,1.6431512382360365,0.3368903177996227,0.27897490525693447,0.6666666666666666,1.0
2,dev,471147,3828,39,iter2_multistep_eval,iter2_multistep_eval,True,29,30,0.0,-0.07143769949268948,1.3942698195792973,0.2518517549161217,0.27897490525693447,0.8,1.0
2,dev,471147,3828,39,iter2_multistep_eval,pd_d192_k10_eval,False,29,30,0.03333333333333333,0.022702972099219555,1.7106302039001362,0.3935735517465284,0.27897490525693447,0.7666666666666667,1.0
2,dev,471147,3828,39,pd_d192_k10_eval,pd_d192_k3_eval,False,0,30,0.4666666666666667,0.7205312975401009,0.7614802144681043,2.1581910398990196,2.0848024316656684,0.0,0.0
2,dev,471147,3828,39,pd_d192_k10_eval,iter2_multistep_eval,False,0,30,0.7333333333333333,0.8977257244521983,0.45320822901095104,2.093288266109493,2.0848024316656684,0.0,0.0
2,dev,471147,3828,39,pd_d192_k10_eval,pd_d192_k10_eval,True,0,30,0.6666666666666666,0.86031202701956,0.5351523590441373,2.13312082108212,2.0848024316656684,0.0,0.0
2,dev,471147,3828,39,pd_d192_k10_eval,pd_d192_k3_eval,False,1,30,0.7666666666666667,0.9128933221747536,0.4084663689088622,1.9155209645857612,2.0648249301086103,0.0,0.0
2,dev,471147,3828,39,pd_d192_k10_eval,iter2_multistep_eval,False,1,30,0.8666666666666667,0.9441676607507697,0.3296711616613323,1.9735893931291435,2.0648249301086103,0.0,0.0
2,dev,471147,3828,39,pd_d192_k10_eval,pd_d192_k10_eval,True,1,30,0.8,0.9234605577758098,0.3894286578631867,2.044278798262447,2.0648249301086103,0.0,0.0
2,dev,471147,3828,39,pd_d192_k10_eval,pd_d192_k3_eval,False,2,30,0.6333333333333333,0.7696199530197128,0.7147551802111147,1.7657381939016148,1.6186784900945426,0.06666666666666667,0.1
2,dev,471147,3828,39,pd_d192_k10_eval,iter2_multistep_eval,False,2,30,0.6333333333333333,0.7412981851801945,0.7569629441397121,1.7664976602903395,1.6186784900945426,0.1,0.1
2,dev,471147,3828,39,pd_d192_k10_eval,pd_d192_k10_eval,True,2,30,0.36666666666666664,0.4048573963854934,1.1568797378510933,1.8025194400586577,1.6186784900945426,0.1,0.1
2,dev,471147,3828,39,pd_d192_k10_eval,pd_d192_k3_eval,False,4,30,0.36666666666666664,0.5476063497582949,0.9186570874176541,1.5476004663158536,1.6697948038644006,0.0,0.03333333333333333
2,dev,471147,3828,39,pd_d192_k10_eval,iter2_multistep_eval,False,4,30,0.3333333333333333,0.5930708857131817,0.8154099074096622,1.2056156519587304,1.6697948038644006,0.03333333333333333,0.03333333333333333
2,dev,471147,3828,39,pd_d192_k10_eval,pd_d192_k10_eval,True,4,30,0.13333333333333333,0.06375182359500921,1.2125402461096093,1.2564528176349563,1.6697948038644006,0.0,0.03333333333333333
2,dev,471147,3828,39,pd_d192_k10_eval,pd_d192_k3_eval,False,9,30,0.5,0.7376941943342363,0.7363493701080429,1.4743972706476034,1.4291804739220553,0.0,0.0
2,dev,471147,3828,39,pd_d192_k10_eval,iter2_multistep_eval,False,9,30,0.5666666666666667,0.769638565456987,0.6749317376017663,1.4126666725919779,1.4291804739220553,0.0,0.0
2,dev,471147,3828,39,pd_d192_k10_eval,pd_d192_k10_eval,True,9,30,0.06666666666666667,0.11086500589605652,1.162053503695223,1.0191158543094594,1.4291804739220553,0.0,0.0
2,dev,471147,3828,39,pd_d192_k10_eval,pd_d192_k3_eval,False,19,30,0.4,0.7047188770032952,0.8586845440094776,1.0907282273843213,0.9177960793963802,0.0,0.0
2,dev,471147,3828,39,pd_d192_k10_eval,iter2_multistep_eval,False,19,30,0.5333333333333333,0.7604787532956957,0.7467157053204261,1.0363217139536451,0.9177960793963802,0.0,0.0
2,dev,471147,3828,39,pd_d192_k10_eval,pd_d192_k10_eval,True,19,30,0.1,0.17798098441720023,1.3578262276675233,1.0220510204905378,0.9177960793963802,0.0,0.0
2,dev,471147,3828,39,pd_d192_k10_eval,pd_d192_k3_eval,False,29,30,0.4,0.5127809598340214,0.8606262769157811,0.4594435881670767,0.8018727784462832,0.0,0.0
2,dev,471147,3828,39,pd_d192_k10_eval,iter2_multistep_eval,False,29,30,0.23333333333333334,-0.05938060985576922,1.2398683695059713,0.54207417041228,0.8018727784462832,0.0,0.0
2,dev,471147,3828,39,pd_d192_k10_eval,pd_d192_k10_eval,True,29,30,0.03333333333333333,0.1943778271474903,1.022018180915568,0.3859128161804846,0.8018727784462832,0.0,0.0
3,test,848701,6847,14,pd_d192_k3_eval,pd_d192_k3_eval,True,0,30,0.16666666666666666,0.2761611282010333,1.1375713947521437,1.7773646315530274,2.0089763498141506,0.0,0.0
3,test,848701,6847,14,pd_d192_k3_eval,iter2_multistep_eval,False,0,30,0.7666666666666667,0.8856453388773421,0.4837132623941294,2.0513525599957654,2.0089763498141506,0.0,0.0
3,test,848701,6847,14,pd_d192_k3_eval,pd_d192_k10_eval,False,0,30,0.0,0.07440054437200083,1.196123627803172,1.4763779269711748,2.0089763498141506,0.0,0.0
3,test,848701,6847,14,pd_d192_k3_eval,pd_d192_k3_eval,True,1,30,0.13333333333333333,-0.07491564030419323,1.3897371125203442,1.6657258926978096,1.8651840992289503,0.0,0.0
3,test,848701,6847,14,pd_d192_k3_eval,iter2_multistep_eval,False,1,30,0.4666666666666667,0.7047195307032328,0.7556648554231544,1.7995910759563079,1.8651840992289503,0.0,0.0
3,test,848701,6847,14,pd_d192_k3_eval,pd_d192_k10_eval,False,1,30,0.0,0.0498856333518259,1.2305478542386734,1.4338221611399868,1.8651840992289503,0.0,0.0
3,test,848701,6847,14,pd_d192_k3_eval,pd_d192_k3_eval,True,2,30,0.03333333333333333,-0.32519077187158923,1.4832284962584972,1.5970132365309515,1.953560605405273,0.0,0.0
3,test,848701,6847,14,pd_d192_k3_eval,iter2_multistep_eval,False,2,30,0.5,0.6112785648609214,0.8516386626724756,1.8086876534439695,1.953560605405273,0.0,0.0
3,test,848701,6847,14,pd_d192_k3_eval,pd_d192_k10_eval,False,2,30,0.1,0.07756389146407552,1.3007053882362827,1.7834806041719278,1.953560605405273,0.0,0.0
3,test,848701,6847,14,pd_d192_k3_eval,pd_d192_k3_eval,True,4,30,0.06666666666666667,-0.4037234831565926,1.5368377393230266,1.6161895049868293,1.9445690705383887,0.0,0.0
3,test,848701,6847,14,pd_d192_k3_eval,iter2_multistep_eval,False,4,30,0.4666666666666667,0.3717927420244702,1.002440095445412,1.4586202485860826,1.9445690705383887,0.0,0.0
3,test,848701,6847,14,pd_d192_k3_eval,pd_d192_k10_eval,False,4,30,0.3333333333333333,0.5136437385564152,0.9393588853860932,1.7424068515664286,1.9445690705383887,0.0,0.0
3,test,848701,6847,14,pd_d192_k3_eval,pd_d192_k3_eval,True,9,30,0.13333333333333333,-0.09296507746979275,1.5513143686748616,1.8840413644683889,1.7179740822536265,0.0,0.0
3,test,848701,6847,14,pd_d192_k3_eval,iter2_multistep_eval,False,9,30,0.0,-0.6544471472977752,2.046479276453883,2.142709955153864,1.7179740822536265,0.0,0.0
3,test,848701,6847,14,pd_d192_k3_eval,pd_d192_k10_eval,False,9,30,0.03333333333333333,-0.37328558748538526,1.8496016148138834,2.1076612683188163,1.7179740822536265,0.0,0.0
3,test,848701,6847,14,pd_d192_k3_eval,pd_d192_k3_eval,True,19,30,0.23333333333333334,0.22710762944064075,1.063244673864875,0.9641180020754458,1.474635570329206,0.0,0.0
3,test,848701,6847,14,pd_d192_k3_eval,iter2_multistep_eval,False,19,30,0.5333333333333333,0.8656191445120924,0.5029823518331626,1.2059403341007127,1.474635570329206,0.0,0.0
3,test,848701,6847,14,pd_d192_k3_eval,pd_d192_k10_eval,False,19,30,0.03333333333333333,-0.49172738506965763,1.6044406072488964,1.2621000503187927,1.474635570329206,0.0,0.0
3,test,848701,6847,14,pd_d192_k3_eval,pd_d192_k3_eval,True,29,30,0.1,0.24102356466924552,1.091106977016589,0.3688616494164151,0.49871211450592157,0.0,0.0
3,test,848701,6847,14,pd_d192_k3_eval,iter2_multistep_eval,False,29,30,0.36666666666666664,0.6311404659124179,0.9586036731200785,0.5956608584458029,0.49871211450592157,0.0,0.0
3,test,848701,6847,14,pd_d192_k3_eval,pd_d192_k10_eval,False,29,30,0.03333333333333333,-0.3727072500337485,1.729334057275015,0.5418885072299652,0.49871211450592157,0.0,0.0
3,test,848701,6847,14,iter2_multistep_eval,pd_d192_k3_eval,False,0,30,0.16666666666666666,0.2761611282010333,1.1375713947521437,1.7773646315530274,2.0089763498141506,0.0,0.0
3,test,848701,6847,14,iter2_multistep_eval,iter2_multistep_eval,True,0,30,0.7666666666666667,0.8856453388773421,0.4837132623941294,2.0513525599957654,2.0089763498141506,0.0,0.0
3,test,848701,6847,14,iter2_multistep_eval,pd_d192_k10_eval,False,0,30,0.0,0.07440054437200083,1.196123627803172,1.4763779269711748,2.0089763498141506,0.0,0.0
3,test,848701,6847,14,iter2_multistep_eval,pd_d192_k3_eval,False,1,30,0.2,0.22296596784026274,1.1076821715216991,1.496224800508728,1.9977267220151558,0.0,0.0
3,test,848701,6847,14,iter2_multistep_eval,iter2_multistep_eval,True,1,30,0.6333333333333333,0.7670993828113751,0.6687176212342046,1.9095161039546908,1.9977267220151558,0.0,0.0
3,test,848701,6847,14,iter2_multistep_eval,pd_d192_k10_eval,False,1,30,0.06666666666666667,-0.33307671130457206,1.5270264282577335,1.7341636303170465,1.9977267220151558,0.0,0.0
3,test,848701,6847,14,iter2_multistep_eval,pd_d192_k3_eval,False,2,30,0.26666666666666666,0.5358647919852506,1.0830807948940162,2.1854008951445802,1.7997854611965347,0.0,0.0
3,test,848701,6847,14,iter2_multistep_eval,iter2_multistep_eval,True,2,30,0.7333333333333333,0.8801468600783995,0.48527984121018963,1.7654437137913628,1.7997854611965347,0.0,0.0
3,test,848701,6847,14,iter2_multistep_eval,pd_d192_k10_eval,False,2,30,0.5666666666666667,0.5268183308702991,0.9029591024496227,1.4966449814886886,1.7997854611965347,0.0,0.0
3,test,848701,6847,14,iter2_multistep_eval,pd_d192_k3_eval,False,4,30,0.6,0.8156694868299006,0.5785217052996612,1.5336403900430993,1.8848877932013168,0.0,0.06666666666666667
3,test,848701,6847,14,iter2_multistep_eval,iter2_multistep_eval,True,4,30,0.6333333333333333,0.7582988257331726,0.7022520317807416,1.9214589551479777,1.8848877932013168,0.03333333333333333,0.06666666666666667
3,test,848701,6847,14,iter2_multistep_eval,pd_d192_k10_eval,False,4,30,0.6666666666666666,0.8377485089057337,0.5688600031371549,1.8796070890361207,1.8848877932013168,0.06666666666666667,0.06666666666666667
3,test,848701,6847,14,iter2_multistep_eval,pd_d192_k3_eval,False,9,30,0.1,0.4605961005050084,0.9342301642912204,0.8981070170991764,1.194240743010631,0.4666666666666667,1.0
3,test,848701,6847,14,iter2_multistep_eval,iter2_multistep_eval,True,9,30,0.1,0.5003857935060357,0.9025802348788504,0.9021406430184857,1.194240743010631,0.43333333333333335,1.0
3,test,848701,6847,14,iter2_multistep_eval,pd_d192_k10_eval,False,9,30,0.4,0.5923143274687703,0.8656581105858168,1.0853958763338702,1.194240743010631,0.6333333333333333,1.0
3,test,848701,6847,14,iter2_multistep_eval,pd_d192_k3_eval,False,19,30,0.0,-0.047850190747299244,1.2180636102603517,0.4042859890037993,0.6226832357388309,0.4,1.0
3,test,848701,6847,14,iter2_multistep_eval,iter2_multistep_eval,True,19,30,0.0,0.05209892532013995,1.20030234823295,0.4470939429626208,0.6226832357388309,0.43333333333333335,1.0
3,test,848701,6847,14,iter2_multistep_eval,pd_d192_k10_eval,False,19,30,0.13333333333333333,0.22258224016070638,1.0532224849619665,0.38675172297229315,0.6226832357388309,0.8666666666666667,1.0
3,test,848701,6847,14,iter2_multistep_eval,pd_d192_k3_eval,False,29,30,0.0,0.2587766391332147,1.154292285844503,0.26819743509414684,0.30110087679628394,0.16666666666666666,1.0
3,test,848701,6847,14,iter2_multistep_eval,iter2_multistep_eval,True,29,30,0.0,0.047401282658919845,1.231958413725322,0.23139290350538141,0.30110087679628394,0.4,1.0
3,test,848701,6847,14,iter2_multistep_eval,pd_d192_k10_eval,False,29,30,0.13333333333333333,0.45509368216068896,1.191705308437135,0.3755024841579071,0.30110087679628394,0.7666666666666667,1.0
3,test,848701,6847,14,pd_d192_k10_eval,pd_d192_k3_eval,False,0,30,0.16666666666666666,0.2761611282010333,1.1375713947521437,1.7773646315530274,2.0089763498141506,0.0,0.0
3,test,848701,6847,14,pd_d192_k10_eval,iter2_multistep_eval,False,0,30,0.7666666666666667,0.8856453388773421,0.4837132623941294,2.0513525599957654,2.0089763498141506,0.0,0.0
3,test,848701,6847,14,pd_d192_k10_eval,pd_d192_k10_eval,True,0,30,0.0,0.07440054437200083,1.196123627803172,1.4763779269711748,2.0089763498141506,0.0,0.0
3,test,848701,6847,14,pd_d192_k10_eval,pd_d192_k3_eval,False,1,30,0.16666666666666666,-0.040058362594566924,1.334881549341773,1.676727325736705,1.984047156520842,0.0,0.0
3,test,848701,6847,14,pd_d192_k10_eval,iter2_multistep_eval,False,1,30,0.5,0.6781428247339555,0.808042274770424,2.0118532538150165,1.984047156520842,0.0,0.0
3,test,848701,6847,14,pd_d192_k10_eval,pd_d192_k10_eval,True,1,30,0.0,0.13011500494812298,1.144521018206606,1.3924642324099843,1.984047156520842,0.0,0.0
3,test,848701,6847,14,pd_d192_k10_eval,pd_d192_k3_eval,False,2,30,0.16666666666666666,0.1657048278244133,1.3585730652918848,2.5587326046844168,2.3258134806188475,0.0,0.0
3,test,848701,6847,14,pd_d192_k10_eval,iter2_multistep_eval,False,2,30,0.36666666666666664,0.6046852703802787,0.8754925624147031,2.251815963972954,2.3258134806188475,0.0,0.0
3,test,848701,6847,14,pd_d192_k10_eval,pd_d192_k10_eval,True,2,30,0.0,0.12762285506421125,1.1983301901723307,1.8609824982108976,2.3258134806188475,0.0,0.0
3,test,848701,6847,14,pd_d192_k10_eval,pd_d192_k3_eval,False,4,30,0.16666666666666666,0.2866191928465163,1.131001881584804,2.078862464007902,2.3418137000670343,0.0,0.0
3,test,848701,6847,14,pd_d192_k10_eval,iter2_multistep_eval,False,4,30,0.4666666666666667,0.810351184629835,0.6220298663160442,2.3866215877981816,2.3418137000670343,0.0,0.0
3,test,848701,6847,14,pd_d192_k10_eval,pd_d192_k10_eval,True,4,30,0.0,0.3327402171542464,1.0615693456652353,1.9208240242848709,2.3418137000670343,0.0,0.0
3,test,848701,6847,14,pd_d192_k10_eval,pd_d192_k3_eval,False,9,30,0.3,0.3751709028667228,1.09818328977893,1.386676421512885,1.438410289474599,0.03333333333333333,0.3
3,test,848701,6847,14,pd_d192_k10_eval,iter2_multistep_eval,False,9,30,0.3333333333333333,0.37659544123004374,1.1450517121313846,1.5097900780407603,1.438410289474599,0.06666666666666667,0.3
3,test,848701,6847,14,pd_d192_k10_eval,pd_d192_k10_eval,True,9,30,0.23333333333333334,0.3611600607363142,1.2240976377440844,1.66015807980494,1.438410289474599,0.03333333333333333,0.3
3,test,848701,6847,14,pd_d192_k10_eval,pd_d192_k3_eval,False,19,30,0.06666666666666667,0.30114297600086254,1.0869432073860643,0.7210516603133386,0.876332201828691,0.0,0.16666666666666666
3,test,848701,6847,14,pd_d192_k10_eval,iter2_multistep_eval,False,19,30,0.0,0.3569426417197928,1.016825235266079,0.664799762487893,0.876332201828691,0.0,0.16666666666666666
3,test,848701,6847,14,pd_d192_k10_eval,pd_d192_k10_eval,True,19,30,0.0,-0.23842992381532993,1.270577960725137,0.5090162701354974,0.876332201828691,0.0,0.16666666666666666
3,test,848701,6847,14,pd_d192_k10_eval,pd_d192_k3_eval,False,29,30,0.13333333333333333,0.6277919782844716,0.7852803320391831,0.48532221904526224,0.6633192038579162,0.0,0.13333333333333333
3,test,848701,6847,14,pd_d192_k10_eval,iter2_multistep_eval,False,29,30,0.0,0.5014545378568223,0.9051899529709815,0.5091539728058379,0.6633192038579162,0.0,0.13333333333333333
3,test,848701,6847,14,pd_d192_k10_eval,pd_d192_k10_eval,True,29,30,0.0,-0.01270147361377223,1.1539767736255848,0.3736742070088613,0.6633192038579162,0.0,0.13333333333333333
4,dev,1049810,8454,45,pd_d192_k3_eval,pd_d192_k3_eval,True,0,30,0.23333333333333334,0.493668931859972,0.9897044369561817,2.0685783732984584,2.141086960081294,0.0,0.0
4,dev,1049810,8454,45,pd_d192_k3_eval,iter2_multistep_eval,False,0,30,0.03333333333333333,-0.11052933964880682,1.2307958136705408,1.317774833644053,2.141086960081294,0.0,0.0
4,dev,1049810,8454,45,pd_d192_k3_eval,pd_d192_k10_eval,False,0,30,0.06666666666666667,0.2032566180721986,1.2140064490833316,1.9718953721984067,2.141086960081294,0.0,0.0
4,dev,1049810,8454,45,pd_d192_k3_eval,pd_d192_k3_eval,True,1,30,0.0,0.02756918941687256,1.3102286088742434,1.6801457477003816,1.9210475176889588,0.0,0.0
4,dev,1049810,8454,45,pd_d192_k3_eval,iter2_multistep_eval,False,1,30,0.0,-0.02601778809339823,1.4132360767835042,1.869060579235609,1.9210475176889588,0.0,0.0
4,dev,1049810,8454,45,pd_d192_k3_eval,pd_d192_k10_eval,False,1,30,0.0,-0.11893797138785508,1.5343159032058555,2.018624094272813,1.9210475176889588,0.0,0.0
4,dev,1049810,8454,45,pd_d192_k3_eval,pd_d192_k3_eval,True,2,30,0.0,-0.1856106788724882,1.3332186285053158,1.3968730946494337,1.9524203386605448,0.0,0.0
4,dev,1049810,8454,45,pd_d192_k3_eval,iter2_multistep_eval,False,2,30,0.0,-0.029543571105016746,1.2887783850431331,1.5306608341834815,1.9524203386605448,0.0,0.0
4,dev,1049810,8454,45,pd_d192_k3_eval,pd_d192_k10_eval,False,2,30,0.0,-0.4137674075154562,1.462789475894907,1.427614998614377,1.9524203386605448,0.0,0.0
4,dev,1049810,8454,45,pd_d192_k3_eval,pd_d192_k3_eval,True,4,30,0.03333333333333333,0.009473772291405913,1.2143577269337322,1.4485236884827644,2.0737691529284517,0.0,0.0
4,dev,1049810,8454,45,pd_d192_k3_eval,iter2_multistep_eval,False,4,30,0.0,-0.07535185977733742,1.320528727113483,1.6390445462137393,2.0737691529284517,0.0,0.0
4,dev,1049810,8454,45,pd_d192_k3_eval,pd_d192_k10_eval,False,4,30,0.0,-0.13088343473412684,1.3266736143956037,1.556783208006785,2.0737691529284517,0.0,0.0
4,dev,1049810,8454,45,pd_d192_k3_eval,pd_d192_k3_eval,True,9,30,0.06666666666666667,-0.06871902906278964,1.2197288098135615,0.9410344458187417,1.4865408277521408,0.0,0.0
4,dev,1049810,8454,45,pd_d192_k3_eval,iter2_multistep_eval,False,9,30,0.06666666666666667,0.03361688796756461,1.1864287713932877,1.0003635770805064,1.4865408277521408,0.0,0.0
4,dev,1049810,8454,45,pd_d192_k3_eval,pd_d192_k10_eval,False,9,30,0.03333333333333333,-0.039725850496981116,1.291807166839122,1.158044247459199,1.4865408277521408,0.0,0.0
4,dev,1049810,8454,45,pd_d192_k3_eval,pd_d192_k3_eval,True,19,30,0.0,-0.3057665668788695,1.4883333620816086,0.688569748972953,0.8214991200383499,0.0,0.0
4,dev,1049810,8454,45,pd_d192_k3_eval,iter2_multistep_eval,False,19,30,0.03333333333333333,0.2543190564270667,1.2812082813084678,0.8992621979565333,0.8214991200383499,0.0,0.0
4,dev,1049810,8454,45,pd_d192_k3_eval,pd_d192_k10_eval,False,19,30,0.06666666666666667,0.37281206272469736,1.231688320454795,0.9716511538056029,0.8214991200383499,0.0,0.0
4,dev,1049810,8454,45,pd_d192_k3_eval,pd_d192_k3_eval,True,29,30,0.1,0.003769509718830079,1.2336324093037743,0.29746672329556056,0.4096375994121467,0.0,0.0
4,dev,1049810,8454,45,pd_d192_k3_eval,iter2_multistep_eval,False,29,30,0.03333333333333333,0.07152223082896181,1.5595695593363714,0.5204146655466131,0.4096375994121467,0.0,0.0
4,dev,1049810,8454,45,pd_d192_k3_eval,pd_d192_k10_eval,False,29,30,0.03333333333333333,0.09400591162415917,1.5499677828710434,0.5251394175042509,0.4096375994121467,0.0,0.0
4,dev,1049810,8454,45,iter2_multistep_eval,pd_d192_k3_eval,False,0,30,0.23333333333333334,0.493668931859972,0.9897044369561817,2.0685783732984584,2.141086960081294,0.0,0.0
4,dev,1049810,8454,45,iter2_multistep_eval,iter2_multistep_eval,True,0,30,0.03333333333333333,-0.11052933964880682,1.2307958136705408,1.317774833644053,2.141086960081294,0.0,0.0
4,dev,1049810,8454,45,iter2_multistep_eval,pd_d192_k10_eval,False,0,30,0.06666666666666667,0.2032566180721986,1.2140064490833316,1.9718953721984067,2.141086960081294,0.0,0.0
4,dev,1049810,8454,45,iter2_multistep_eval,pd_d192_k3_eval,False,1,30,0.36666666666666664,0.5923284626298538,0.8929039650493765,2.213883271910152,2.2655242808369547,0.0,0.0
4,dev,1049810,8454,45,iter2_multistep_eval,iter2_multistep_eval,True,1,30,0.1,-0.15581240321396753,1.2690082422034832,1.4518447970048596,2.2655242808369547,0.0,0.0
4,dev,1049810,8454,45,iter2_multistep_eval,pd_d192_k10_eval,False,1,30,0.06666666666666667,0.25895002735884737,1.2331636629375777,2.3235151357593082,2.2655242808369547,0.0,0.0
4,dev,1049810,8454,45,iter2_multistep_eval,pd_d192_k3_eval,False,2,30,0.6666666666666666,0.8138671930663899,0.619719639238651,2.550147780656756,2.477438417302036,0.0,0.0
4,dev,1049810,8454,45,iter2_multistep_eval,iter2_multistep_eval,True,2,30,0.0,-0.5659208841424697,1.5856973306824447,1.9536856639586557,2.477438417302036,0.0,0.0
4,dev,1049810,8454,45,iter2_multistep_eval,pd_d192_k10_eval,False,2,30,0.16666666666666666,0.43646476980292465,1.033356470093391,2.3404946648867515,2.477438417302036,0.0,0.0
4,dev,1049810,8454,45,iter2_multistep_eval,pd_d192_k3_eval,False,4,30,0.0,-0.7398498087877007,1.7465294987664395,2.872713619510801,3.2947676483215105,0.0,0.0
4,dev,1049810,8454,45,iter2_multistep_eval,iter2_multistep_eval,True,4,30,0.03333333333333333,0.08656032122421987,1.1544690313535917,2.2071825055901164,3.2947676483215105,0.0,0.0
4,dev,1049810,8454,45,iter2_multistep_eval,pd_d192_k10_eval,False,4,30,0.0,-0.4907890733070958,1.592740347687516,2.7758861954494103,3.2947676483215105,0.0,0.0
4,dev,1049810,8454,45,iter2_multistep_eval,pd_d192_k3_eval,False,9,30,0.23333333333333334,0.288750300050475,1.198580099809347,2.588352284874662,2.563129955657616,0.0,0.0
4,dev,1049810,8454,45,iter2_multistep_eval,iter2_multistep_eval,True,9,30,0.3,0.4913267488252432,0.997863039816814,2.5074828577693458,2.563129955657616,0.0,0.0
4,dev,1049810,8454,45,iter2_multistep_eval,pd_d192_k10_eval,False,9,30,0.36666666666666664,0.6082285028147252,0.8292900686226874,2.1744611646188865,2.563129955657616,0.0,0.0
4,dev,1049810,8454,45,iter2_multistep_eval,pd_d192_k3_eval,False,19,30,0.06666666666666667,0.05161870328143571,1.2069282307678226,1.1163854150475272,1.530626211713881,0.0,0.0
4,dev,1049810,8454,45,iter2_multistep_eval,iter2_multistep_eval,True,19,30,0.16666666666666666,0.15413414894733823,1.1357344007704373,1.0931407279866896,1.530626211713881,0.0,0.0
4,dev,1049810,8454,45,iter2_multistep_eval,pd_d192_k10_eval,False,19,30,0.13333333333333333,0.4142456568678005,1.014732933619104,1.320763150690465,1.530626211713881,0.0,0.0
4,dev,1049810,8454,45,iter2_multistep_eval,pd_d192_k3_eval,False,29,30,0.03333333333333333,0.25788983004712396,1.512756001336582,0.7019211188619298,0.49364741394221423,0.0,0.0
4,dev,1049810,8454,45,iter2_multistep_eval,iter2_multistep_eval,True,29,30,0.03333333333333333,0.16741232815966708,1.2136125777770719,0.4320119646307683,0.49364741394221423,0.0,0.0
4,dev,1049810,8454,45,iter2_multistep_eval,pd_d192_k10_eval,False,29,30,0.03333333333333333,-0.1728995909196406,1.5511566256510863,0.5061982595109191,0.49364741394221423,0.0,0.0
4,dev,1049810,8454,45,pd_d192_k10_eval,pd_d192_k3_eval,False,0,30,0.23333333333333334,0.493668931859972,0.9897044369561817,2.0685783732984584,2.141086960081294,0.0,0.0
4,dev,1049810,8454,45,pd_d192_k10_eval,iter2_multistep_eval,False,0,30,0.03333333333333333,-0.11052933964880682,1.2307958136705408,1.317774833644053,2.141086960081294,0.0,0.0
4,dev,1049810,8454,45,pd_d192_k10_eval,pd_d192_k10_eval,True,0,30,0.06666666666666667,0.2032566180721986,1.2140064490833316,1.9718953721984067,2.141086960081294,0.0,0.0
4,dev,1049810,8454,45,pd_d192_k10_eval,pd_d192_k3_eval,False,1,30,0.1,0.38805053385334964,1.0711092719179816,1.9502403376473314,2.0884665757398864,0.0,0.0
4,dev,1049810,8454,45,pd_d192_k10_eval,iter2_multistep_eval,False,1,30,0.16666666666666666,0.36649918950698107,1.1724143946344803,2.2552420348456343,2.0884665757398864,0.0,0.0
4,dev,1049810,8454,45,pd_d192_k10_eval,pd_d192_k10_eval,True,1,30,0.0,0.10709404446210206,1.2655215814877132,1.8588316458162542,2.0884665757398864,0.0,0.0
4,dev,1049810,8454,45,pd_d192_k10_eval,pd_d192_k3_eval,False,2,30,0.13333333333333333,0.4796368576639394,0.9466403532439028,1.8879581618410546,2.2614221754123296,0.0,0.0
4,dev,1049810,8454,45,pd_d192_k10_eval,iter2_multistep_eval,False,2,30,0.06666666666666667,0.3364289043601938,1.0879744614618172,1.9929671363919523,2.2614221754123296,0.0,0.0
4,dev,1049810,8454,45,pd_d192_k10_eval,pd_d192_k10_eval,True,2,30,0.0,-0.05173141771203444,1.174335683315742,1.2802364359913887,2.2614221754123296,0.0,0.0
4,dev,1049810,8454,45,pd_d192_k10_eval,pd_d192_k3_eval,False,4,30,0.13333333333333333,0.37984500477289784,1.0828936582156987,1.7844702459810395,1.892694416205374,0.0,0.0
4,dev,1049810,8454,45,pd_d192_k10_eval,iter2_multistep_eval,False,4,30,0.03333333333333333,0.25183775768927325,1.264856005118221,2.0181036290828267,1.892694416205374,0.0,0.0
4,dev,1049810,8454,45,pd_d192_k10_eval,pd_d192_k10_eval,True,4,30,0.0,-0.04344090060784968,1.277176651418142,1.4237119392291613,1.892694416205374,0.0,0.0
4,dev,1049810,8454,45,pd_d192_k10_eval,pd_d192_k3_eval,False,9,30,0.36666666666666664,0.4532057927268818,0.9645058637261629,1.3026596902247014,1.5856394408275354,0.0,0.0
4,dev,1049810,8454,45,pd_d192_k10_eval,iter2_multistep_eval,False,9,30,0.36666666666666664,0.602326563224668,0.8199871070318114,1.2524642593581417,1.5856394408275354,0.0,0.0
4,dev,1049810,8454,45,pd_d192_k10_eval,pd_d192_k10_eval,True,9,30,0.03333333333333333,-0.10641930885003092,1.1353140652053086,0.7001285801906142,1.5856394408275354,0.0,0.0
4,dev,1049810,8454,45,pd_d192_k10_eval,pd_d192_k3_eval,False,19,30,0.3,0.5270689700359739,1.0668462603129196,1.0057435743647118,0.8581278772178227,0.0,0.0
4,dev,1049810,8454,45,pd_d192_k10_eval,iter2_multistep_eval,False,19,30,0.13333333333333333,0.2482022196189266,1.349632803860349,1.0194071476486244,0.8581278772178227,0.0,0.0
4,dev,1049810,8454,45,pd_d192_k10_eval,pd_d192_k10_eval,True,19,30,0.0,-0.08274599395233583,1.2249741716152123,0.5402603290266226,0.8581278772178227,0.0,0.0
4,dev,1049810,8454,45,pd_d192_k10_eval,pd_d192_k3_eval,False,29,30,0.2,0.25740286908740334,1.3034439950049592,0.3855946688904534,0.34057933431501697,0.0,0.0
4,dev,1049810,8454,45,pd_d192_k10_eval,iter2_multistep_eval,False,29,30,0.1,0.10956904383086351,1.323549617880485,0.3349663321319122,0.34057933431501697,0.0,0.0
4,dev,1049810,8454,45,pd_d192_k10_eval,pd_d192_k10_eval,True,29,30,0.06666666666666667,0.25801516215067605,1.0438692913680987,0.22249393864774017,0.34057933431501697,0.0,0.0
5,test,1122504,9098,3,pd_d192_k3_eval,pd_d192_k3_eval,True,0,30,0.6666666666666666,0.8173916843960132,0.587593802498199,2.030249632022576,2.1757385953857566,0.0,0.0
5,test,1122504,9098,3,pd_d192_k3_eval,iter2_multistep_eval,False,0,30,0.8,0.8628430896506522,0.5090607697987557,2.008607766963292,2.1757385953857566,0.0,0.0
5,test,1122504,9098,3,pd_d192_k3_eval,pd_d192_k10_eval,False,0,30,0.7,0.8576584411210987,0.5371901806187783,2.204165272806365,2.1757385953857566,0.0,0.0
5,test,1122504,9098,3,pd_d192_k3_eval,pd_d192_k3_eval,True,1,30,0.8,0.9188193664332802,0.4004520962311249,2.33255690518856,2.3642961215372487,0.0,0.0
5,test,1122504,9098,3,pd_d192_k3_eval,iter2_multistep_eval,False,1,30,0.8666666666666667,0.9516970897770914,0.3074364754417531,2.2870658509474224,2.3642961215372487,0.0,0.0
5,test,1122504,9098,3,pd_d192_k3_eval,pd_d192_k10_eval,False,1,30,0.8666666666666667,0.9649481011180477,0.26604294783061255,2.3845803013552627,2.3642961215372487,0.0,0.0
5,test,1122504,9098,3,pd_d192_k3_eval,pd_d192_k3_eval,True,2,30,0.4666666666666667,0.6499772925345813,0.8158859390770132,1.5288884247226961,1.6146903379077455,0.0,0.0
5,test,1122504,9098,3,pd_d192_k3_eval,iter2_multistep_eval,False,2,30,0.4,0.6014667071063468,0.931237903191949,1.7438185259605417,1.6146903379077455,0.0,0.0
5,test,1122504,9098,3,pd_d192_k3_eval,pd_d192_k10_eval,False,2,30,0.6333333333333333,0.8627209389570998,0.5327162544334206,1.663573463501633,1.6146903379077455,0.0,0.0
5,test,1122504,9098,3,pd_d192_k3_eval,pd_d192_k3_eval,True,4,30,0.3,0.48177251851511843,0.9431134063970874,1.0051292408815802,1.2103602837149203,0.0,0.0
5,test,1122504,9098,3,pd_d192_k3_eval,iter2_multistep_eval,False,4,30,0.3333333333333333,0.303828185532137,1.1984765697611497,1.247780585150985,1.2103602837149203,0.0,0.0
5,test,1122504,9098,3,pd_d192_k3_eval,pd_d192_k10_eval,False,4,30,0.36666666666666664,0.3080105762207526,1.2591650555216565,1.3711618398150542,1.2103602837149203,0.0,0.0
5,test,1122504,9098,3,pd_d192_k3_eval,pd_d192_k3_eval,True,9,30,0.26666666666666666,-0.033234577051656784,1.300350953638041,0.8868711391527017,1.1104752068338652,0.0,0.0
5,test,1122504,9098,3,pd_d192_k3_eval,iter2_multistep_eval,False,9,30,0.3333333333333333,0.29273749505449326,1.0695826119517486,0.8572980464537943,1.1104752068338652,0.0,0.0
5,test,1122504,9098,3,pd_d192_k3_eval,pd_d192_k10_eval,False,9,30,0.4,0.5358264634199692,0.962020706527123,1.1070387939982185,1.1104752068338652,0.0,0.0
5,test,1122504,9098,3,pd_d192_k3_eval,pd_d192_k3_eval,True,19,30,0.0,0.024808959056173276,1.1886502976442737,0.5596852416968833,0.8380371853408646,0.0,0.26666666666666666
5,test,1122504,9098,3,pd_d192_k3_eval,iter2_multistep_eval,False,19,30,0.5333333333333333,0.7767457817618503,0.6766751626306793,0.8583002349928822,0.8380371853408646,0.23333333333333334,0.26666666666666666
5,test,1122504,9098,3,pd_d192_k3_eval,pd_d192_k10_eval,False,19,30,0.3,0.660844971242965,0.7526844041864378,0.6015873090054032,0.8380371853408646,0.16666666666666666,0.26666666666666666
5,test,1122504,9098,3,pd_d192_k3_eval,pd_d192_k3_eval,True,29,30,0.0,0.21156555253549894,0.994690795830861,0.2962669579698003,0.7473633949252648,0.0,1.0
5,test,1122504,9098,3,pd_d192_k3_eval,iter2_multistep_eval,False,29,30,0.6666666666666666,0.9037077269954672,0.42898107297160165,0.655450096037205,0.7473633949252648,0.7666666666666667,1.0
5,test,1122504,9098,3,pd_d192_k3_eval,pd_d192_k10_eval,False,29,30,0.6666666666666666,0.9334657745547785,0.3622153762532086,0.735439751377145,0.7473633949252648,0.7666666666666667,1.0
5,test,1122504,9098,3,iter2_multistep_eval,pd_d192_k3_eval,False,0,30,0.6666666666666666,0.8173916843960132,0.587593802498199,2.030249632022576,2.1757385953857566,0.0,0.0
5,test,1122504,9098,3,iter2_multistep_eval,iter2_multistep_eval,True,0,30,0.8,0.8628430896506522,0.5090607697987557,2.008607766963292,2.1757385953857566,0.0,0.0
5,test,1122504,9098,3,iter2_multistep_eval,pd_d192_k10_eval,False,0,30,0.7,0.8576584411210987,0.5371901806187783,2.204165272806365,2.1757385953857566,0.0,0.0
5,test,1122504,9098,3,iter2_multistep_eval,pd_d192_k3_eval,False,1,30,0.8,0.930658425728858,0.3664511576848641,2.0988414314571515,2.207110631335443,0.0,0.0
5,test,1122504,9098,3,iter2_multistep_eval,iter2_multistep_eval,True,1,30,0.8333333333333334,0.9376348435485908,0.34922070991922094,2.14313651235518,2.207110631335443,0.0,0.0
5,test,1122504,9098,3,iter2_multistep_eval,pd_d192_k10_eval,False,1,30,0.8333333333333334,0.9536961850580928,0.3040035865392978,2.2024910954990853,2.207110631335443,0.0,0.0
5,test,1122504,9098,3,iter2_multistep_eval,pd_d192_k3_eval,False,2,30,0.5,0.6088721585741969,0.8605992063743726,1.413377442386495,1.499488458398351,0.0,0.0
5,test,1122504,9098,3,iter2_multistep_eval,iter2_multistep_eval,True,2,30,0.36666666666666664,0.5909450825628116,0.9709501537950442,1.6963391785320487,1.499488458398351,0.0,0.0
5,test,1122504,9098,3,iter2_multistep_eval,pd_d192_k10_eval,False,2,30,0.5666666666666667,0.7088877262376183,0.8014150689384778,1.633539437354135,1.499488458398351,0.0,0.0
5,test,1122504,9098,3,iter2_multistep_eval,pd_d192_k3_eval,False,4,30,0.4,0.3333362367188465,1.2205383900278173,1.2078864655473336,1.089691395341485,0.0,0.0
5,test,1122504,9098,3,iter2_multistep_eval,iter2_multistep_eval,True,4,30,0.26666666666666666,0.13536355079169277,1.406055714811152,1.2346408195147431,1.089691395341485,0.0,0.0
5,test,1122504,9098,3,iter2_multistep_eval,pd_d192_k10_eval,False,4,30,0.5333333333333333,0.6302057399294234,0.9873605957161117,1.3513881267785701,1.089691395341485,0.0,0.0
5,test,1122504,9098,3,iter2_multistep_eval,pd_d192_k3_eval,False,9,30,0.3,0.07889978936197037,1.3978472637569208,1.0322953694350891,0.9749683607312907,0.0,0.0
5,test,1122504,9098,3,iter2_multistep_eval,iter2_multistep_eval,True,9,30,0.16666666666666666,0.1233079884884676,1.311365768651724,0.9560172663408683,0.9749683607312907,0.0,0.0
5,test,1122504,9098,3,iter2_multistep_eval,pd_d192_k10_eval,False,9,30,0.5,0.6572208285087399,0.8496055198354274,1.0230873626526296,0.9749683607312907,0.0,0.0
5,test,1122504,9098,3,iter2_multistep_eval,pd_d192_k3_eval,False,19,30,0.06666666666666667,-0.08645989714493936,1.310863978493556,0.6729564467951814,0.8791043422652659,0.0,0.0
5,test,1122504,9098,3,iter2_multistep_eval,iter2_multistep_eval,True,19,30,0.0,-0.03066698324841213,1.4113007511496705,0.8489347884187177,0.8791043422652659,0.0,0.0
5,test,1122504,9098,3,iter2_multistep_eval,pd_d192_k10_eval,False,19,30,0.23333333333333334,0.6047170929412994,0.8396352387804319,0.7653091831134146,0.8791043422652659,0.0,0.0
5,test,1122504,9098,3,iter2_multistep_eval,pd_d192_k3_eval,False,29,30,0.3333333333333333,0.4676575714093455,0.9480822267703266,0.4789474350317057,0.5909043497145998,0.0,0.0
5,test,1122504,9098,3,iter2_multistep_eval,iter2_multistep_eval,True,29,30,0.26666666666666666,0.39296423406151254,0.9983722382427775,0.4619498433751533,0.5909043497145998,0.0,0.0
5,test,1122504,9098,3,iter2_multistep_eval,pd_d192_k10_eval,False,29,30,0.23333333333333334,0.42354856792820256,1.0611509845267515,0.5768468116057902,0.5909043497145998,0.0,0.0
5,test,1122504,9098,3,pd_d192_k10_eval,pd_d192_k3_eval,False,0,30,0.6666666666666666,0.8173916843960132,0.587593802498199,2.030249632022576,2.1757385953857566,0.0,0.0
5,test,1122504,9098,3,pd_d192_k10_eval,iter2_multistep_eval,False,0,30,0.8,0.8628430896506522,0.5090607697987557,2.008607766963292,2.1757385953857566,0.0,0.0
5,test,1122504,9098,3,pd_d192_k10_eval,pd_d192_k10_eval,True,0,30,0.7,0.8576584411210987,0.5371901806187783,2.204165272806365,2.1757385953857566,0.0,0.0
5,test,1122504,9098,3,pd_d192_k10_eval,pd_d192_k3_eval,False,1,30,0.6666666666666666,0.8739801227406273,0.49543480175640925,1.8582295938057702,1.9149098836447724,0.0,0.0
5,test,1122504,9098,3,pd_d192_k10_eval,iter2_multistep_eval,False,1,30,0.6,0.8121981746194906,0.6031668241748485,1.848687081232694,1.9149098836447724,0.0,0.0
5,test,1122504,9098,3,pd_d192_k10_eval,pd_d192_k10_eval,True,1,30,0.8333333333333334,0.9286585260188419,0.3766453927515907,1.9034043284407376,1.9149098836447724,0.0,0.0
5,test,1122504,9098,3,pd_d192_k10_eval,pd_d192_k3_eval,False,2,30,0.6666666666666666,0.8331391474215365,0.6085319568268209,1.6504916875752353,1.5184283515768244,0.0,0.0
5,test,1122504,9098,3,pd_d192_k10_eval,iter2_multistep_eval,False,2,30,0.4666666666666667,0.667252095642546,0.8523574115725404,1.642431647294789,1.5184283515768244,0.0,0.0
5,test,1122504,9098,3,pd_d192_k10_eval,pd_d192_k10_eval,True,2,30,0.6666666666666666,0.7867293686906763,0.6700579154855989,1.5903189314539592,1.5184283515768244,0.0,0.0
5,test,1122504,9098,3,pd_d192_k10_eval,pd_d192_k3_eval,False,4,30,0.4666666666666667,0.5599625704542575,1.003950384022441,1.3694951849600212,1.2152229444173157,0.0,0.0
5,test,1122504,9098,3,pd_d192_k10_eval,iter2_multistep_eval,False,4,30,0.43333333333333335,0.5492512193102198,0.9914357554229241,1.315783565644813,1.2152229444173157,0.0,0.0
5,test,1122504,9098,3,pd_d192_k10_eval,pd_d192_k10_eval,True,4,30,0.23333333333333334,0.20089659559906606,1.251492602023949,1.190599505636333,1.2152229444173157,0.0,0.0
5,test,1122504,9098,3,pd_d192_k10_eval,pd_d192_k3_eval,False,9,30,0.13333333333333333,0.2847222758498462,1.3375475773917724,1.4452862309531889,1.1870798179253084,0.0,0.0
5,test,1122504,9098,3,pd_d192_k10_eval,iter2_multistep_eval,False,9,30,0.3,0.5552249180840072,1.0299173475516894,1.3801966750154933,1.1870798179253084,0.0,0.0
5,test,1122504,9098,3,pd_d192_k10_eval,pd_d192_k10_eval,True,9,30,0.16666666666666666,0.3836672430623212,1.0634541698336013,1.0814921658089143,1.1870798179253084,0.0,0.0
5,test,1122504,9098,3,pd_d192_k10_eval,pd_d192_k3_eval,False,19,30,0.1,0.28478106559865446,1.2399596798201535,0.9201846297182538,0.8589480606559444,0.0,0.0
5,test,1122504,9098,3,pd_d192_k10_eval,iter2_multistep_eval,False,19,30,0.13333333333333333,0.4043765602220219,1.049058235093371,0.7887103946247929,0.8589480606559444,0.0,0.0
5,test,1122504,9098,3,pd_d192_k10_eval,pd_d192_k10_eval,True,19,30,0.0,-0.18009767086675693,1.2648507703393033,0.5283083321507729,0.8589480606559444,0.0,0.0
5,test,1122504,9098,3,pd_d192_k10_eval,pd_d192_k3_eval,False,29,30,0.13333333333333333,0.42619328548328395,1.0287000147830092,0.5322584502249122,0.5810980845610365,0.0,0.0
5,test,1122504,9098,3,pd_d192_k10_eval,iter2_multistep_eval,False,29,30,0.26666666666666666,0.6019219876430909,0.8754671932833752,0.558286214077119,0.5810980845610365,0.0,0.0
5,test,1122504,9098,3,pd_d192_k10_eval,pd_d192_k10_eval,True,29,30,0.0,-0.023449791081482946,1.1011200273998374,0.25457088573635717,0.5810980845610365,0.0,0.0
6,dev,1160225,9474,0,pd_d192_k3_eval,pd_d192_k3_eval,True,0,30,0.03333333333333333,-0.07127696241359455,1.4567815799289279,1.8026163441673055,1.8199723671171382,0.0,0.0
6,dev,1160225,9474,0,pd_d192_k3_eval,iter2_multistep_eval,False,0,30,0.0,-0.32514561137440606,1.5703536003259047,1.689918946574615,1.8199723671171382,0.0,0.0
6,dev,1160225,9474,0,pd_d192_k3_eval,pd_d192_k10_eval,False,0,30,0.1,0.3226006901349097,1.0621621931289995,1.4642296760317188,1.8199723671171382,0.0,0.0
6,dev,1160225,9474,0,pd_d192_k3_eval,pd_d192_k3_eval,True,1,30,0.1,0.14521019428317383,1.269374960706691,1.5933334971747113,1.6942331302991835,0.0,0.0
6,dev,1160225,9474,0,pd_d192_k3_eval,iter2_multistep_eval,False,1,30,0.0,-0.39248337049087334,1.6023171658249094,1.5579526909991772,1.6942331302991835,0.0,0.0
6,dev,1160225,9474,0,pd_d192_k3_eval,pd_d192_k10_eval,False,1,30,0.3,0.6744458312755381,0.7685545124841804,1.5042720348679988,1.6942331302991835,0.0,0.0
6,dev,1160225,9474,0,pd_d192_k3_eval,pd_d192_k3_eval,True,2,30,0.06666666666666667,0.3819014363205477,0.9990932957578458,1.5018686653868278,1.9724515228314874,0.0,0.0
6,dev,1160225,9474,0,pd_d192_k3_eval,iter2_multistep_eval,False,2,30,0.0,-0.24717478598474907,1.371196314945017,1.426118633125034,1.9724515228314874,0.0,0.0
6,dev,1160225,9474,0,pd_d192_k3_eval,pd_d192_k10_eval,False,2,30,0.4666666666666667,0.8340703358582084,0.5517165478406493,1.6293253265656589,1.9724515228314874,0.0,0.0
6,dev,1160225,9474,0,pd_d192_k3_eval,pd_d192_k3_eval,True,4,30,0.1,-0.12107324673571858,1.5250666556285033,1.8545949529754175,1.7889049472318945,0.0,0.0
6,dev,1160225,9474,0,pd_d192_k3_eval,iter2_multistep_eval,False,4,30,0.06666666666666667,0.3131376149659505,1.0484816551472167,1.3549163660980148,1.7889049472318945,0.0,0.0
6,dev,1160225,9474,0,pd_d192_k3_eval,pd_d192_k10_eval,False,4,30,0.13333333333333333,0.32623918379715405,1.2043780195797364,1.9186643347117203,1.7889049472318945,0.0,0.0
6,dev,1160225,9474,0,pd_d192_k3_eval,pd_d192_k3_eval,True,9,30,0.03333333333333333,-0.3367304425421046,1.3408332676654473,1.2509069648901272,2.0246171392857857,0.0,0.0
6,dev,1160225,9474,0,pd_d192_k3_eval,iter2_multistep_eval,False,9,30,0.16666666666666666,0.11565558623477287,1.0759109803920046,1.0712845933723023,2.0246171392857857,0.0,0.0
6,dev,1160225,9474,0,pd_d192_k3_eval,pd_d192_k10_eval,False,9,30,0.3333333333333333,0.5821939517253724,0.8821005917204622,1.8713971275897134,2.0246171392857857,0.0,0.0
6,dev,1160225,9474,0,pd_d192_k3_eval,pd_d192_k3_eval,True,19,30,0.06666666666666667,0.21437643302142495,1.3481443274590035,1.0029711502800644,0.8770321857421808,0.0,0.0
6,dev,1160225,9474,0,pd_d192_k3_eval,iter2_multistep_eval,False,19,30,0.03333333333333333,-0.02461053612152187,1.3969517618404164,0.8341762561249234,0.8770321857421808,0.0,0.0
6,dev,1160225,9474,0,pd_d192_k3_eval,pd_d192_k10_eval,False,19,30,0.16666666666666666,-0.26413144796074595,1.4452442210466707,0.7123283501542673,0.8770321857421808,0.0,0.0
6,dev,1160225,9474,0,pd_d192_k3_eval,pd_d192_k3_eval,True,29,30,0.2,0.4556293676567551,1.0602420601408495,0.6188949034853574,0.5999524591128412,0.0,0.0
6,dev,1160225,9474,0,pd_d192_k3_eval,iter2_multistep_eval,False,29,30,0.16666666666666666,0.2521560914335622,1.329345326947082,0.6981085302483121,0.5999524591128412,0.0,0.0
6,dev,1160225,9474,0,pd_d192_k3_eval,pd_d192_k10_eval,False,29,30,0.0,-0.2898287107539294,1.6600401800694455,0.6398728537535001,0.5999524591128412,0.0,0.0
6,dev,1160225,9474,0,iter2_multistep_eval,pd_d192_k3_eval,False,0,30,0.03333333333333333,-0.07127696241359455,1.4567815799289279,1.8026163441673055,1.8199723671171382,0.0,0.0
6,dev,1160225,9474,0,iter2_multistep_eval,iter2_multistep_eval,True,0,30,0.0,-0.32514561137440606,1.5703536003259047,1.689918946574615,1.8199723671171382,0.0,0.0
6,dev,1160225,9474,0,iter2_multistep_eval,pd_d192_k10_eval,False,0,30,0.1,0.3226006901349097,1.0621621931289995,1.4642296760317188,1.8199723671171382,0.0,0.0
6,dev,1160225,9474,0,iter2_multistep_eval,pd_d192_k3_eval,False,1,30,0.03333333333333333,0.1764969403600514,1.2130273719328042,1.6197430067683918,1.8293285432356423,0.0,0.0
6,dev,1160225,9474,0,iter2_multistep_eval,iter2_multistep_eval,True,1,30,0.0,-0.24681280103318642,1.4863633878759974,1.6102032476490515,1.8293285432356423,0.0,0.0
6,dev,1160225,9474,0,iter2_multistep_eval,pd_d192_k10_eval,False,1,30,0.4,0.6578793012026779,0.7850872298538085,1.6091065314639708,1.8293285432356423,0.0,0.0
6,dev,1160225,9474,0,iter2_multistep_eval,pd_d192_k3_eval,False,2,30,0.2,0.5385613742606551,0.909022671324957,1.8367251417009325,2.0879168078301196,0.0,0.0
6,dev,1160225,9474,0,iter2_multistep_eval,iter2_multistep_eval,True,2,30,0.0,-0.003350409837441085,1.1738010448721121,1.2763859915958893,2.0879168078301196,0.0,0.0
6,dev,1160225,9474,0,iter2_multistep_eval,pd_d192_k10_eval,False,2,30,0.43333333333333335,0.7224216231062878,0.7012451653767354,1.7521850968895947,2.0879168078301196,0.0,0.0
6,dev,1160225,9474,0,iter2_multistep_eval,pd_d192_k3_eval,False,4,30,0.2,0.4363939086739966,0.9889488424317587,1.7352475810926378,2.049104789433166,0.0,0.0
6,dev,1160225,9474,0,iter2_multistep_eval,iter2_multistep_eval,True,4,30,0.0,-0.0771661739643318,1.2695786694544335,1.4524599491499297,2.049104789433166,0.0,0.0
6,dev,1160225,9474,0,iter2_multistep_eval,pd_d192_k10_eval,False,4,30,0.4666666666666667,0.7748270610358411,0.6525535418694385,1.9192714350898483,2.049104789433166,0.0,0.0
6,dev,1160225,9474,0,iter2_multistep_eval,pd_d192_k3_eval,False,9,30,0.06666666666666667,0.02956701124812644,1.2587057951665293,1.2100403908444248,1.5229059828518483,0.0,0.0
6,dev,1160225,9474,0,iter2_multistep_eval,iter2_multistep_eval,True,9,30,0.0,0.25144927581042115,1.0445788286144466,0.9812858042394549,1.5229059828518483,0.0,0.0
6,dev,1160225,9474,0,iter2_multistep_eval,pd_d192_k10_eval,False,9,30,0.6333333333333333,0.8573062728357423,0.5192268138874306,1.408553966125656,1.5229059828518483,0.0,0.0
6,dev,1160225,9474,0,iter2_multistep_eval,pd_d192_k3_eval,False,19,30,0.26666666666666666,0.3052685910853967,1.1200424954448498,0.6707187804068017,0.7494767739051751,0.0,0.0
6,dev,1160225,9474,0,iter2_multistep_eval,iter2_multistep_eval,True,19,30,0.06666666666666667,-0.018091331732972973,1.177113910917294,0.4520370616348375,0.7494767739051751,0.0,0.0
6,dev,1160225,9474,0,iter2_multistep_eval,pd_d192_k10_eval,False,19,30,0.5666666666666667,0.8038421871508319,0.6507519611089598,0.8002439465006246,0.7494767739051751,0.0,0.0
6,dev,1160225,9474,0,iter2_multistep_eval,pd_d192_k3_eval,False,29,30,0.2,0.08130688186345948,1.2926743549592756,0.2865505876868442,0.31681170798136143,0.0,0.0
6,dev,1160225,9474,0,iter2_multistep_eval,iter2_multistep_eval,True,29,30,0.0,0.100976166921277,1.071657901392896,0.1581781076738139,0.31681170798136143,0.0,0.0
6,dev,1160225,9474,0,iter2_multistep_eval,pd_d192_k10_eval,False,29,30,0.5333333333333333,0.8022334870084522,0.681979513904194,0.3585965848536859,0.31681170798136143,0.0,0.0
6,dev,1160225,9474,0,pd_d192_k10_eval,pd_d192_k3_eval,False,0,30,0.03333333333333333,-0.07127696241359455,1.4567815799289279,1.8026163441673055,1.8199723671171382,0.0,0.0
6,dev,1160225,9474,0,pd_d192_k10_eval,iter2_multistep_eval,False,0,30,0.0,-0.32514561137440606,1.5703536003259047,1.689918946574615,1.8199723671171382,0.0,0.0
6,dev,1160225,9474,0,pd_d192_k10_eval,pd_d192_k10_eval,True,0,30,0.1,0.3226006901349097,1.0621621931289995,1.4642296760317188,1.8199723671171382,0.0,0.0
6,dev,1160225,9474,0,pd_d192_k10_eval,pd_d192_k3_eval,False,1,30,0.1,-0.01982498094894306,1.4659757123348713,1.892804126623102,1.7987099184880655,0.0,0.0
6,dev,1160225,9474,0,pd_d192_k10_eval,iter2_multistep_eval,False,1,30,0.0,-0.48344059249305665,1.6697229585701554,1.6879466396259433,1.7987099184880655,0.0,0.0
6,dev,1160225,9474,0,pd_d192_k10_eval,pd_d192_k10_eval,True,1,30,0.1,0.1273714331180729,1.0853967681729237,1.0219857655996536,1.7987099184880655,0.0,0.0
6,dev,1160225,9474,0,pd_d192_k10_eval,pd_d192_k3_eval,False,2,30,0.06666666666666667,0.1170992706048153,1.1777044661627707,1.4801407761021612,1.9732368942898828,0.0,0.0
6,dev,1160225,9474,0,pd_d192_k10_eval,iter2_multistep_eval,False,2,30,0.0,-0.3141538242761615,1.5233995893799173,1.7310186385533846,1.9732368942898828,0.0,0.0
6,dev,1160225,9474,0,pd_d192_k10_eval,pd_d192_k10_eval,True,2,30,0.03333333333333333,0.06469499442824374,1.1110250478383625,1.0914430795329786,1.9732368942898828,0.0,0.0
6,dev,1160225,9474,0,pd_d192_k10_eval,pd_d192_k3_eval,False,4,30,0.0,0.09472316383068806,1.3770694093214346,1.7281741656884884,1.6518712005912617,0.0,0.0
6,dev,1160225,9474,0,pd_d192_k10_eval,iter2_multistep_eval,False,4,30,0.0,-0.2746901251175088,1.5794172244159415,1.616044830063285,1.6518712005912617,0.0,0.0
6,dev,1160225,9474,0,pd_d192_k10_eval,pd_d192_k10_eval,True,4,30,0.0,0.20880109372535754,1.0969242140840885,1.1656126449755921,1.6518712005912617,0.0,0.0
6,dev,1160225,9474,0,pd_d192_k10_eval,pd_d192_k3_eval,False,9,30,0.1,-0.22287713517120378,1.4441515006148011,1.4108572534713506,1.6744034460857116,0.0,0.0
6,dev,1160225,9474,0,pd_d192_k10_eval,iter2_multistep_eval,False,9,30,0.0,-0.3528645807863926,1.5453409133765152,1.4684688837838296,1.6744034460857116,0.0,0.0
6,dev,1160225,9474,0,pd_d192_k10_eval,pd_d192_k10_eval,True,9,30,0.03333333333333333,0.18201220396357293,1.0752059758010093,1.0330721855434888,1.6744034460857116,0.0,0.0
6,dev,1160225,9474,0,pd_d192_k10_eval,pd_d192_k3_eval,False,19,30,0.1,0.007062751039233371,1.659795025802943,1.4573245895550624,1.0942392317234437,0.0,0.0
6,dev,1160225,9474,0,pd_d192_k10_eval,iter2_multistep_eval,False,19,30,0.0,-0.2971105671193435,1.4443729730916852,0.8607585583531188,1.0942392317234437,0.0,0.0
6,dev,1160225,9474,0,pd_d192_k10_eval,pd_d192_k10_eval,True,19,30,0.03333333333333333,-0.21870206392792904,1.5363162475814662,1.0591481553838262,1.0942392317234437,0.0,0.0
6,dev,1160225,9474,0,pd_d192_k10_eval,pd_d192_k3_eval,False,29,30,0.0,-0.3488567008433679,1.68778935938803,0.6730626567032508,0.6380774248797272,0.0,0.0
6,dev,1160225,9474,0,pd_d192_k10_eval,iter2_multistep_eval,False,29,30,0.0,-0.43923691944743687,1.7277986280215343,0.6614575521179678,0.6380774248797272,0.0,0.0
6,dev,1160225,9474,0,pd_d192_k10_eval,pd_d192_k10_eval,True,29,30,0.0,-0.03739316902379205,1.2376155439391765,0.4420200245899044,0.6380774248797272,0.0,0.0
7,test,1208937,9886,77,pd_d192_k3_eval,pd_d192_k3_eval,True,0,30,0.06666666666666667,0.26483846419134544,1.2669577903793605,1.781193498554301,1.63920867214695,0.0,0.0
7,test,1208937,9886,77,pd_d192_k3_eval,iter2_multistep_eval,False,0,30,0.4666666666666667,0.6001188865696754,0.9605637194632243,1.85547298116005,1.63920867214695,0.0,0.0
7,test,1208937,9886,77,pd_d192_k3_eval,pd_d192_k10_eval,False,0,30,0.3,0.6055102573339416,0.9217009780316076,1.7547022056368777,1.63920867214695,0.0,0.0
7,test,1208937,9886,77,pd_d192_k3_eval,pd_d192_k3_eval,True,1,30,0.06666666666666667,-0.01573398703368953,1.5399942776929052,1.5703507077598828,1.35900215518575,0.0,0.0
7,test,1208937,9886,77,pd_d192_k3_eval,iter2_multistep_eval,False,1,30,0.4666666666666667,0.39186503191037536,1.133976541238173,1.4334531563336486,1.35900215518575,0.0,0.0
7,test,1208937,9886,77,pd_d192_k3_eval,pd_d192_k10_eval,False,1,30,0.16666666666666666,0.2508632539853414,1.3489040227502778,1.6175718281736633,1.35900215518575,0.0,0.0
7,test,1208937,9886,77,pd_d192_k3_eval,pd_d192_k3_eval,True,2,30,0.0,-0.13980561091562202,1.4272347773442584,1.413364419362907,1.5914868048236654,0.0,0.0
7,test,1208937,9886,77,pd_d192_k3_eval,iter2_multistep_eval,False,2,30,0.36666666666666664,0.4333366697171197,1.057188525262749,1.5691937373904565,1.5914868048236654,0.0,0.0
7,test,1208937,9886,77,pd_d192_k3_eval,pd_d192_k10_eval,False,2,30,0.2,0.3949974173839493,1.0902174770242585,1.5628740334377205,1.5914868048236654,0.0,0.0
7,test,1208937,9886,77,pd_d192_k3_eval,pd_d192_k3_eval,True,4,30,0.03333333333333333,0.0971382818773419,1.369569062880524,2.070561654957918,1.9948276518171328,0.0,0.0
7,test,1208937,9886,77,pd_d192_k3_eval,iter2_multistep_eval,False,4,30,0.4,0.5018397948369484,0.9686055324945321,1.870700311496742,1.9948276518171328,0.0,0.0
7,test,1208937,9886,77,pd_d192_k3_eval,pd_d192_k10_eval,False,4,30,0.23333333333333334,0.48752993955426094,0.9984543999067949,1.9387364952377626,1.9948276518171328,0.0,0.0
7,test,1208937,9886,77,pd_d192_k3_eval,pd_d192_k3_eval,True,9,30,0.03333333333333333,-0.18033895858079999,1.2820361428049472,1.2748959683661398,1.9860121616701667,0.0,0.0
7,test,1208937,9886,77,pd_d192_k3_eval,iter2_multistep_eval,False,9,30,0.2,0.4964288572247989,0.9009198558387234,1.464613531064768,1.9860121616701667,0.0,0.0
7,test,1208937,9886,77,pd_d192_k3_eval,pd_d192_k10_eval,False,9,30,0.36666666666666664,0.7342516629616744,0.6857796113284885,1.6509800970593718,1.9860121616701667,0.0,0.0
7,test,1208937,9886,77,pd_d192_k3_eval,pd_d192_k3_eval,True,19,30,0.03333333333333333,0.1392245763700004,1.0716061812607638,0.538778218707215,0.9818015005738829,0.0,0.0
7,test,1208937,9886,77,pd_d192_k3_eval,iter2_multistep_eval,False,19,30,0.3333333333333333,0.6520828004287811,0.7950216465018616,0.8751751397046297,0.9818015005738829,0.0,0.0
7,test,1208937,9886,77,pd_d192_k3_eval,pd_d192_k10_eval,False,19,30,0.2,0.48994583204594727,1.0712676811285695,1.0923232963742644,0.9818015005738829,0.0,0.0
7,test,1208937,9886,77,pd_d192_k3_eval,pd_d192_k3_eval,True,29,30,0.0,-0.002736066956635727,1.1440147523601933,0.324791607385846,0.587389038171575,0.0,0.0
7,test,1208937,9886,77,pd_d192_k3_eval,iter2_multistep_eval,False,29,30,0.5333333333333333,0.7534854527346747,0.6705419027714468,0.5199970111977139,0.587389038171575,0.0,0.0
7,test,1208937,9886,77,pd_d192_k3_eval,pd_d192_k10_eval,False,29,30,0.06666666666666667,-0.14523398711174068,1.3559641915776173,0.4593283875177737,0.587389038171575,0.0,0.0
7,test,1208937,9886,77,iter2_multistep_eval,pd_d192_k3_eval,False,0,30,0.06666666666666667,0.26483846419134544,1.2669577903793605,1.781193498554301,1.63920867214695,0.0,0.0
7,test,1208937,9886,77,iter2_multistep_eval,iter2_multistep_eval,True,0,30,0.4666666666666667,0.6001188865696754,0.9605637194632243,1.85547298116005,1.63920867214695,0.0,0.0
7,test,1208937,9886,77,iter2_multistep_eval,pd_d192_k10_eval,False,0,30,0.3,0.6055102573339416,0.9217009780316076,1.7547022056368777,1.63920867214695,0.0,0.0
7,test,1208937,9886,77,iter2_multistep_eval,pd_d192_k3_eval,False,1,30,0.0,-0.032395813120864786,1.5357109984519928,1.517221256200968,1.3384545153081728,0.0,0.0
7,test,1208937,9886,77,iter2_multistep_eval,iter2_multistep_eval,True,1,30,0.3,0.1338214366313571,1.4052491934310487,1.5126294278213224,1.3384545153081728,0.0,0.0
7,test,1208937,9886,77,iter2_multistep_eval,pd_d192_k10_eval,False,1,30,0.1,-0.06907822688343507,1.6628322184775208,1.688130585234132,1.3384545153081728,0.0,0.0
7,test,1208937,9886,77,iter2_multistep_eval,pd_d192_k3_eval,False,2,30,0.0,-0.15285629371959136,1.8403382331238947,1.5403137699254874,1.1005159425055944,0.0,0.0
7,test,1208937,9886,77,iter2_multistep_eval,iter2_multistep_eval,True,2,30,0.36666666666666664,0.15671308167333242,1.4053335139140748,1.2727177336685522,1.1005159425055944,0.0,0.0
7,test,1208937,9886,77,iter2_multistep_eval,pd_d192_k10_eval,False,2,30,0.13333333333333333,0.11383087857767679,1.7210547373414908,1.671874262386188,1.1005159425055944,0.0,0.0
7,test,1208937,9886,77,iter2_multistep_eval,pd_d192_k3_eval,False,4,30,0.0,-0.2655872611296377,1.8619231005452788,1.6423423851749523,1.2373545367468848,0.0,0.0
7,test,1208937,9886,77,iter2_multistep_eval,iter2_multistep_eval,True,4,30,0.1,-0.0787540319909025,1.59027547009768,1.435664208138425,1.2373545367468848,0.0,0.0
7,test,1208937,9886,77,iter2_multistep_eval,pd_d192_k10_eval,False,4,30,0.13333333333333333,0.0987407652203771,1.540063236302947,1.5765529873132482,1.2373545367468848,0.0,0.0
7,test,1208937,9886,77,iter2_multistep_eval,pd_d192_k3_eval,False,9,30,0.0,-0.5622777433875088,1.6374029307467877,1.6399550262691684,1.9271793082893873,0.0,0.0
7,test,1208937,9886,77,iter2_multistep_eval,iter2_multistep_eval,True,9,30,0.03333333333333333,-0.12395617907021445,1.4241161524476869,1.7297370300428054,1.9271793082893873,0.0,0.0
7,test,1208937,9886,77,iter2_multistep_eval,pd_d192_k10_eval,False,9,30,0.03333333333333333,-0.007502890774492246,1.244730833585059,1.4140097000090956,1.9271793082893873,0.0,0.0
7,test,1208937,9886,77,iter2_multistep_eval,pd_d192_k3_eval,False,19,30,0.0,-0.4219038154872781,1.6657068170410365,1.0363960998197188,1.0624860852117193,0.0,0.0
7,test,1208937,9886,77,iter2_multistep_eval,iter2_multistep_eval,True,19,30,0.0,0.024704653365871323,1.1713791965192346,0.6749215941303908,1.0624860852117193,0.0,0.0
7,test,1208937,9886,77,iter2_multistep_eval,pd_d192_k10_eval,False,19,30,0.1,0.38477201714160614,1.0457232378716614,0.9310423302225261,1.0624860852117193,0.0,0.0
7,test,1208937,9886,77,iter2_multistep_eval,pd_d192_k3_eval,False,29,30,0.16666666666666666,0.6370121052945811,1.0369727468387968,0.6280703718016237,0.47201205037262944,0.0,0.0
7,test,1208937,9886,77,iter2_multistep_eval,iter2_multistep_eval,True,29,30,0.0,-0.2419894460955127,1.6004742756315482,0.4865655644897858,0.47201205037262944,0.0,0.0
7,test,1208937,9886,77,iter2_multistep_eval,pd_d192_k10_eval,False,29,30,0.36666666666666664,0.34050036580404297,1.4126489393282111,0.6583556489087645,0.47201205037262944,0.0,0.0
7,test,1208937,9886,77,pd_d192_k10_eval,pd_d192_k3_eval,False,0,30,0.06666666666666667,0.26483846419134544,1.2669577903793605,1.781193498554301,1.63920867214695,0.0,0.0
7,test,1208937,9886,77,pd_d192_k10_eval,iter2_multistep_eval,False,0,30,0.4666666666666667,0.6001188865696754,0.9605637194632243,1.85547298116005,1.63920867214695,0.0,0.0
7,test,1208937,9886,77,pd_d192_k10_eval,pd_d192_k10_eval,True,0,30,0.3,0.6055102573339416,0.9217009780316076,1.7547022056368777,1.63920867214695,0.0,0.0
7,test,1208937,9886,77,pd_d192_k10_eval,pd_d192_k3_eval,False,1,30,0.06666666666666667,0.17045150008073845,1.471381569452705,1.7135245154611225,1.3565352428989499,0.0,0.0
7,test,1208937,9886,77,pd_d192_k10_eval,iter2_multistep_eval,False,1,30,0.5333333333333333,0.5236919510916516,1.062896635864976,1.5726365640475548,1.3565352428989499,0.0,0.0
7,test,1208937,9886,77,pd_d192_k10_eval,pd_d192_k10_eval,True,1,30,0.16666666666666666,-0.09360058776429761,1.6366392430381704,1.6351396754227419,1.3565352428989499,0.0,0.0
7,test,1208937,9886,77,pd_d192_k10_eval,pd_d192_k3_eval,False,2,30,0.03333333333333333,0.11812249575502796,1.2194743270131714,1.168873122963595,1.4151248390171012,0.0,0.0
7,test,1208937,9886,77,pd_d192_k10_eval,iter2_multistep_eval,False,2,30,0.4,0.171346663918034,1.3540310357073746,1.5569136481562038,1.4151248390171012,0.0,0.0
7,test,1208937,9886,77,pd_d192_k10_eval,pd_d192_k10_eval,True,2,30,0.06666666666666667,-0.06181822027861878,1.4362303330972945,1.3739941314813182,1.4151248390171012,0.0,0.0
7,test,1208937,9886,77,pd_d192_k10_eval,pd_d192_k3_eval,False,4,30,0.03333333333333333,0.010059194175677268,1.4004997721733579,1.748066442836592,1.7646173793223763,0.0,0.0
7,test,1208937,9886,77,pd_d192_k10_eval,iter2_multistep_eval,False,4,30,0.3333333333333333,0.5653234900864841,1.01080016483324,2.0284962856413324,1.7646173793223763,0.0,0.0
7,test,1208937,9886,77,pd_d192_k10_eval,pd_d192_k10_eval,True,4,30,0.23333333333333334,0.30270524315667346,1.1885222485913447,1.7871809182790352,1.7646173793223763,0.0,0.0
7,test,1208937,9886,77,pd_d192_k10_eval,pd_d192_k3_eval,False,9,30,0.0,-0.20020580706248386,1.4009753825286313,1.2328311552107465,1.5387300832789306,0.0,0.0
7,test,1208937,9886,77,pd_d192_k10_eval,iter2_multistep_eval,False,9,30,0.0,-0.5828404896942991,1.6497795108459248,1.3124497187099222,1.5387300832789306,0.0,0.0
7,test,1208937,9886,77,pd_d192_k10_eval,pd_d192_k10_eval,True,9,30,0.03333333333333333,0.3401663603438766,1.0219653870726266,1.1391593264232078,1.5387300832789306,0.0,0.0
7,test,1208937,9886,77,pd_d192_k10_eval,pd_d192_k3_eval,False,19,30,0.1,0.246967366140212,1.0968502825766633,0.7076670967251396,0.9301029789414346,0.0,0.0
7,test,1208937,9886,77,pd_d192_k10_eval,iter2_multistep_eval,False,19,30,0.5,0.7055739577877088,0.7289973624725918,0.8153876942488865,0.9301029789414346,0.0,0.0
7,test,1208937,9886,77,pd_d192_k10_eval,pd_d192_k10_eval,True,19,30,0.0,0.09124548230694991,1.1190823916022257,0.5597407290194963,0.9301029789414346,0.0,0.0
7,test,1208937,9886,77,pd_d192_k10_eval,pd_d192_k3_eval,False,29,30,0.06666666666666667,0.2943600053171941,1.9376968372418846,0.5943803043095418,0.3001950116442212,0.0,0.0
7,test,1208937,9886,77,pd_d192_k10_eval,iter2_multistep_eval,False,29,30,0.26666666666666666,-0.11111890042939203,2.142621559510058,0.5364737263944935,0.3001950116442212,0.0,0.0
7,test,1208937,9886,77,pd_d192_k10_eval,pd_d192_k10_eval,True,29,30,0.0,-0.01931904352129123,1.6921553664237614,0.40402586649062766,0.3001950116442212,0.0,0.0
8,dev,1592285,12683,4,pd_d192_k3_eval,pd_d192_k3_eval,True,0,30,0.4,0.760621422276858,0.6494675768409172,1.6877000842814902,2.275046702728113,0.0,0.0
8,dev,1592285,12683,4,pd_d192_k3_eval,iter2_multistep_eval,False,0,30,0.5,0.7139644149645409,0.7106548078640491,1.9008440407199452,2.275046702728113,0.0,0.0
8,dev,1592285,12683,4,pd_d192_k3_eval,pd_d192_k10_eval,False,0,30,0.36666666666666664,0.6738597260583562,0.7426795921865529,1.7042194662540475,2.275046702728113,0.0,0.0
8,dev,1592285,12683,4,pd_d192_k3_eval,pd_d192_k3_eval,True,1,30,0.16666666666666666,0.44830997208455897,1.085818471782827,1.8009794916442496,1.6914765830151794,0.0,0.0
8,dev,1592285,12683,4,pd_d192_k3_eval,iter2_multistep_eval,False,1,30,0.3333333333333333,0.5673360040267019,0.9957672227080739,1.9065943501867795,1.6914765830151794,0.0,0.0
8,dev,1592285,12683,4,pd_d192_k3_eval,pd_d192_k10_eval,False,1,30,0.4,0.6879144938123211,0.7733095620804089,1.6150413494996851,1.6914765830151794,0.0,0.0
8,dev,1592285,12683,4,pd_d192_k3_eval,pd_d192_k3_eval,True,2,30,0.0,-0.06250557777633849,1.3496954872254407,1.3342221313182323,1.5768870314755212,0.0,0.0
8,dev,1592285,12683,4,pd_d192_k3_eval,iter2_multistep_eval,False,2,30,0.36666666666666664,0.4453008629694066,1.0599070961009394,1.5965717770850518,1.5768870314755212,0.0,0.0
8,dev,1592285,12683,4,pd_d192_k3_eval,pd_d192_k10_eval,False,2,30,0.43333333333333335,0.6270035485919246,0.8691961575198093,1.5966551717831667,1.5768870314755212,0.0,0.0
8,dev,1592285,12683,4,pd_d192_k3_eval,pd_d192_k3_eval,True,4,30,0.03333333333333333,0.30769533532582927,1.0397578642997032,1.1878267903333397,1.6339913095490999,0.0,0.0
8,dev,1592285,12683,4,pd_d192_k3_eval,iter2_multistep_eval,False,4,30,0.3,0.6042936102274997,0.9243371561737149,1.7530709139342515,1.6339913095490999,0.0,0.0
8,dev,1592285,12683,4,pd_d192_k3_eval,pd_d192_k10_eval,False,4,30,0.36666666666666664,0.7199240325856895,0.7909585491395135,1.796203390449969,1.6339913095490999,0.0,0.0
8,dev,1592285,12683,4,pd_d192_k3_eval,pd_d192_k3_eval,True,9,30,0.1,0.16014257612403976,1.0696874370030187,0.7415925316291412,1.2958022613005,0.0,0.0
8,dev,1592285,12683,4,pd_d192_k3_eval,iter2_multistep_eval,False,9,30,0.06666666666666667,0.10649647430688446,1.171237975406362,0.9400778803055659,1.2958022613005,0.0,0.0
8,dev,1592285,12683,4,pd_d192_k3_eval,pd_d192_k10_eval,False,9,30,0.16666666666666666,0.5431591754810166,0.9791082162840901,1.356472447342781,1.2958022613005,0.0,0.0
8,dev,1592285,12683,4,pd_d192_k3_eval,pd_d192_k3_eval,True,19,30,0.4666666666666667,0.5430337798122081,0.9955172387023652,0.601174853372299,0.5577963684478078,0.3,0.6666666666666666
8,dev,1592285,12683,4,pd_d192_k3_eval,iter2_multistep_eval,False,19,30,0.16666666666666666,0.3913143235803755,1.2934960105368198,0.7253038050460416,0.5577963684478078,0.1,0.6666666666666666
8,dev,1592285,12683,4,pd_d192_k3_eval,pd_d192_k10_eval,False,19,30,0.6666666666666666,0.5912368709271879,1.0836204512969623,0.7334872932900068,0.5577963684478078,0.43333333333333335,0.6666666666666666
8,dev,1592285,12683,4,pd_d192_k3_eval,pd_d192_k3_eval,True,29,30,0.16666666666666666,0.23174311239850784,1.1342207895930534,0.27264928144345546,0.33454847135334526,0.8333333333333334,1.0
8,dev,1592285,12683,4,pd_d192_k3_eval,iter2_multistep_eval,False,29,30,0.3,0.5591931849801866,1.0992754422363256,0.4285794030788725,0.33454847135334526,0.9666666666666667,1.0
8,dev,1592285,12683,4,pd_d192_k3_eval,pd_d192_k10_eval,False,29,30,0.13333333333333333,0.25773025735773164,1.295084696620917,0.37472535380426236,0.33454847135334526,0.8,1.0
8,dev,1592285,12683,4,iter2_multistep_eval,pd_d192_k3_eval,False,0,30,0.4,0.760621422276858,0.6494675768409172,1.6877000842814902,2.275046702728113,0.0,0.0
8,dev,1592285,12683,4,iter2_multistep_eval,iter2_multistep_eval,True,0,30,0.5,0.7139644149645409,0.7106548078640491,1.9008440407199452,2.275046702728113,0.0,0.0
8,dev,1592285,12683,4,iter2_multistep_eval,pd_d192_k10_eval,False,0,30,0.36666666666666664,0.6738597260583562,0.7426795921865529,1.7042194662540475,2.275046702728113,0.0,0.0
8,dev,1592285,12683,4,iter2_multistep_eval,pd_d192_k3_eval,False,1,30,0.06666666666666667,0.2703687024207485,1.0876179781973017,1.4151227999476013,1.8228012563657956,0.0,0.0
8,dev,1592285,12683,4,iter2_multistep_eval,iter2_multistep_eval,True,1,30,0.26666666666666666,0.4769749815630909,1.031181740569596,1.852461271751205,1.8228012563657956,0.0,0.0
8,dev,1592285,12683,4,iter2_multistep_eval,pd_d192_k10_eval,False,1,30,0.4666666666666667,0.7142373910729679,0.7789223237873459,1.9250203995739408,1.8228012563657956,0.0,0.0
8,dev,1592285,12683,4,iter2_multistep_eval,pd_d192_k3_eval,False,2,30,0.0,-0.06642186424880088,1.419937075401711,1.3007461796032327,1.3781396890983963,0.0,0.0
8,dev,1592285,12683,4,iter2_multistep_eval,iter2_multistep_eval,True,2,30,0.26666666666666666,0.3964143271194996,1.110643743380982,1.407705472019098,1.3781396890983963,0.0,0.0
8,dev,1592285,12683,4,iter2_multistep_eval,pd_d192_k10_eval,False,2,30,0.2,0.3942712178823996,1.1330751522066236,1.456797261581971,1.3781396890983963,0.0,0.0
8,dev,1592285,12683,4,iter2_multistep_eval,pd_d192_k3_eval,False,4,30,0.2,0.2193806211134836,1.2147654422456278,1.0455626876380204,1.1086338453852145,0.0,0.0
8,dev,1592285,12683,4,iter2_multistep_eval,iter2_multistep_eval,True,4,30,0.16666666666666666,0.06871207268269754,1.6333246832684656,1.5099066660500657,1.1086338453852145,0.0,0.0
8,dev,1592285,12683,4,iter2_multistep_eval,pd_d192_k10_eval,False,4,30,0.13333333333333333,0.3754692298882509,1.3128613218103224,1.4470978100788816,1.1086338453852145,0.0,0.0
8,dev,1592285,12683,4,iter2_multistep_eval,pd_d192_k3_eval,False,9,30,0.1,0.2285136939738553,1.0061726556526132,0.9189874284345415,1.9039159415964986,0.0,0.0
8,dev,1592285,12683,4,iter2_multistep_eval,iter2_multistep_eval,True,9,30,0.13333333333333333,0.5838335057638727,0.8355903896261179,0.7352255863296987,1.9039159415964986,0.0,0.0
8,dev,1592285,12683,4,iter2_multistep_eval,pd_d192_k10_eval,False,9,30,0.3,0.6745257867301714,0.7743068340384727,1.7288612739137799,1.9039159415964986,0.0,0.0
8,dev,1592285,12683,4,iter2_multistep_eval,pd_d192_k3_eval,False,19,30,0.3333333333333333,0.6249467144968271,0.8706707205616775,0.5523426308483673,0.5466211409365836,0.0,0.0
8,dev,1592285,12683,4,iter2_multistep_eval,iter2_multistep_eval,True,19,30,0.6,0.7255574626648823,0.7618558239628753,0.5752907485413458,0.5466211409365836,0.0,0.0
8,dev,1592285,12683,4,iter2_multistep_eval,pd_d192_k10_eval,False,19,30,0.0,0.3024635205357166,1.3823616304313364,0.7126117931430727,0.5466211409365836,0.0,0.0
8,dev,1592285,12683,4,iter2_multistep_eval,pd_d192_k3_eval,False,29,30,0.4,0.5722610421528981,0.8731811323528569,0.36411810188097016,0.41749912122492916,0.5666666666666667,1.0
8,dev,1592285,12683,4,iter2_multistep_eval,iter2_multistep_eval,True,29,30,0.26666666666666666,0.29617369459336546,1.0173758295348792,0.26993934761681665,0.41749912122492916,0.5,1.0
8,dev,1592285,12683,4,iter2_multistep_eval,pd_d192_k10_eval,False,29,30,0.5666666666666667,0.8520116814888683,0.6570671312036513,0.5214886829243723,0.41749912122492916,0.7666666666666667,1.0
8,dev,1592285,12683,4,pd_d192_k10_eval,pd_d192_k3_eval,False,0,30,0.4,0.760621422276858,0.6494675768409172,1.6877000842814902,2.275046702728113,0.0,0.0
8,dev,1592285,12683,4,pd_d192_k10_eval,iter2_multistep_eval,False,0,30,0.5,0.7139644149645409,0.7106548078640491,1.9008440407199452,2.275046702728113,0.0,0.0
8,dev,1592285,12683,4,pd_d192_k10_eval,pd_d192_k10_eval,True,0,30,0.36666666666666664,0.6738597260583562,0.7426795921865529,1.7042194662540475,2.275046702728113,0.0,0.0
8,dev,1592285,12683,4,pd_d192_k10_eval,pd_d192_k3_eval,False,1,30,0.13333333333333333,0.32228468952865863,1.0236208915367464,1.405875045181155,1.9752944389756912,0.0,0.0
8,dev,1592285,12683,4,pd_d192_k10_eval,iter2_multistep_eval,False,1,30,0.36666666666666664,0.6528842802837564,0.781416197262821,1.6689217459827717,1.9752944389756912,0.0,0.0
8,dev,1592285,12683,4,pd_d192_k10_eval,pd_d192_k10_eval,True,1,30,0.4666666666666667,0.6611243811771849,0.7724788999915249,1.669117651421061,1.9752944389756912,0.0,0.0
8,dev,1592285,12683,4,pd_d192_k10_eval,pd_d192_k3_eval,False,2,30,0.0,-0.35918690501867534,1.5898885263270908,1.5109299192724035,1.6282181505844975,0.0,0.0
8,dev,1592285,12683,4,pd_d192_k10_eval,iter2_multistep_eval,False,2,30,0.3,0.3375665295729175,1.1330386414627707,1.5764784447442417,1.6282181505844975,0.0,0.0
8,dev,1592285,12683,4,pd_d192_k10_eval,pd_d192_k10_eval,True,2,30,0.4,0.6118279881834516,0.9123229280547906,1.736387170486166,1.6282181505844975,0.0,0.0
8,dev,1592285,12683,4,pd_d192_k10_eval,pd_d192_k3_eval,False,4,30,0.36666666666666664,0.5149396729197974,1.1155406076182781,1.7643336939829501,1.4358207704735941,0.1,0.1
8,dev,1592285,12683,4,pd_d192_k10_eval,iter2_multistep_eval,False,4,30,0.6666666666666666,0.6221720864989388,0.9893800156502867,1.7619349961841357,1.4358207704735941,0.1,0.1
8,dev,1592285,12683,4,pd_d192_k10_eval,pd_d192_k10_eval,True,4,30,0.36666666666666664,0.5476502430379382,1.0714581236296405,1.7473018509689144,1.4358207704735941,0.1,0.1
8,dev,1592285,12683,4,pd_d192_k10_eval,pd_d192_k3_eval,False,9,30,0.5,0.6412843162754983,0.9634196070688895,1.3965665644894731,1.141093480412661,0.5333333333333333,0.9333333333333333
8,dev,1592285,12683,4,pd_d192_k10_eval,iter2_multistep_eval,False,9,30,0.5,0.6487494919148818,0.858443432747966,1.1935738190983474,1.141093480412661,0.5666666666666667,0.9333333333333333
8,dev,1592285,12683,4,pd_d192_k10_eval,pd_d192_k10_eval,True,9,30,0.6333333333333333,0.7240139021634129,0.7372109575850705,1.123018854204202,1.141093480412661,0.6666666666666666,0.9333333333333333
8,dev,1592285,12683,4,pd_d192_k10_eval,pd_d192_k3_eval,False,19,30,0.3333333333333333,0.3880424540647454,1.172342690248208,0.5995487830052723,0.5388782698374192,0.9333333333333333,1.0
8,dev,1592285,12683,4,pd_d192_k10_eval,iter2_multistep_eval,False,19,30,0.3333333333333333,0.267218723019707,1.364862323526246,0.6648612196806292,0.5388782698374192,1.0,1.0
8,dev,1592285,12683,4,pd_d192_k10_eval,pd_d192_k10_eval,True,19,30,0.2,0.12784530344579034,1.347969903055864,0.5608293826211995,0.5388782698374192,0.9,1.0
8,dev,1592285,12683,4,pd_d192_k10_eval,pd_d192_k3_eval,False,29,30,0.3333333333333333,0.5027875481835362,1.0803626782757754,0.3656864553264408,0.3177546616159822,0.9666666666666667,1.0
8,dev,1592285,12683,4,pd_d192_k10_eval,iter2_multistep_eval,False,29,30,0.3,0.4423172690979702,1.3142072526257262,0.4457889450806251,0.3177546616159822,0.9666666666666667,1.0
8,dev,1592285,12683,4,pd_d192_k10_eval,pd_d192_k10_eval,True,29,30,0.16666666666666666,0.24540384498854814,1.14906413810674,0.2740025680946947,0.3177546616159822,1.0,1.0
9,test,1903024,15156,68,pd_d192_k3_eval,pd_d192_k3_eval,True,0,30,0.6,0.7822237425581013,0.6417076186515583,1.8827158047005812,2.0113401315081005,0.0,0.0
9,test,1903024,15156,68,pd_d192_k3_eval,iter2_multistep_eval,False,0,30,0.8333333333333334,0.9509064208421204,0.30948561105775324,1.9083942048080293,2.0113401315081005,0.0,0.0
9,test,1903024,15156,68,pd_d192_k3_eval,pd_d192_k10_eval,False,0,30,0.6333333333333333,0.8476175338640958,0.5318163200793249,1.7769217056167994,2.0113401315081005,0.0,0.0
9,test,1903024,15156,68,pd_d192_k3_eval,pd_d192_k3_eval,True,1,30,0.6333333333333333,0.845499911409386,0.577758204317095,2.1847327790480824,2.0492310314341493,0.03333333333333333,0.03333333333333333
9,test,1903024,15156,68,pd_d192_k3_eval,iter2_multistep_eval,False,1,30,0.7,0.8734195569420795,0.5193494338633905,2.159754784343598,2.0492310314341493,0.03333333333333333,0.03333333333333333
9,test,1903024,15156,68,pd_d192_k3_eval,pd_d192_k10_eval,False,1,30,0.6666666666666666,0.8570710180364348,0.5534894537119165,2.1708757817783364,2.0492310314341493,0.03333333333333333,0.03333333333333333
9,test,1903024,15156,68,pd_d192_k3_eval,pd_d192_k3_eval,True,2,30,0.5,0.6960377212291611,0.836028652694133,1.7845542309355495,1.5872517286375378,0.03333333333333333,0.03333333333333333
9,test,1903024,15156,68,pd_d192_k3_eval,iter2_multistep_eval,False,2,30,0.6333333333333333,0.7897780363198277,0.7278125389649078,1.8753669728833455,1.5872517286375378,0.03333333333333333,0.03333333333333333
9,test,1903024,15156,68,pd_d192_k3_eval,pd_d192_k10_eval,False,2,30,0.7333333333333333,0.7761687159677021,0.7047045860826043,1.73150932859055,1.5872517286375378,0.03333333333333333,0.03333333333333333
9,test,1903024,15156,68,pd_d192_k3_eval,pd_d192_k3_eval,True,4,30,0.26666666666666666,0.19656148818371963,1.3011994515744116,1.2312746997337776,1.1704253186633853,0.16666666666666666,0.8333333333333334
9,test,1903024,15156,68,pd_d192_k3_eval,iter2_multistep_eval,False,4,30,0.5666666666666667,0.6390429036303223,0.8288322036258201,1.1093437299187103,1.1704253186633853,0.43333333333333335,0.8333333333333334
9,test,1903024,15156,68,pd_d192_k3_eval,pd_d192_k10_eval,False,4,30,0.6,0.7487625594264428,0.7572257794469793,1.3048746220400294,1.1704253186633853,0.5,0.8333333333333334
9,test,1903024,15156,68,pd_d192_k3_eval,pd_d192_k3_eval,True,9,30,0.36666666666666664,0.4457386726829851,0.9587264217948753,0.7771345131366663,0.9849413998911651,0.8,1.0
9,test,1903024,15156,68,pd_d192_k3_eval,iter2_multistep_eval,False,9,30,0.4666666666666667,0.6533700580150521,0.7808184965736791,0.8318842530978138,0.9849413998911651,1.0,1.0
9,test,1903024,15156,68,pd_d192_k3_eval,pd_d192_k10_eval,False,9,30,0.36666666666666664,0.5154766390837953,0.8954127647959557,0.7635720016981921,0.9849413998911651,0.9666666666666667,1.0
9,test,1903024,15156,68,pd_d192_k3_eval,pd_d192_k3_eval,True,19,30,0.13333333333333333,-0.28625245896733525,1.4141763248822714,0.3848547736732104,0.5105118643631178,1.0,1.0
9,test,1903024,15156,68,pd_d192_k3_eval,iter2_multistep_eval,False,19,30,0.1,0.09655814243132135,1.367258588131198,0.527848106375274,0.5105118643631178,1.0,1.0
9,test,1903024,15156,68,pd_d192_k3_eval,pd_d192_k10_eval,False,19,30,0.1,0.014167484758369483,1.472034212298196,0.5587474611606777,0.5105118643631178,1.0,1.0
9,test,1903024,15156,68,pd_d192_k3_eval,pd_d192_k3_eval,True,29,30,0.0,0.012083216623959428,1.2590083075845249,0.2532519982848927,0.3258944606125453,1.0,1.0
9,test,1903024,15156,68,pd_d192_k3_eval,iter2_multistep_eval,False,29,30,0.0,-0.042551410545660286,1.5748730807588593,0.3828730445488603,0.3258944606125453,1.0,1.0
9,test,1903024,15156,68,pd_d192_k3_eval,pd_d192_k10_eval,False,29,30,0.0,-0.24777315221829233,1.6594410421893544,0.3583198903736691,0.3258944606125453,1.0,1.0
9,test,1903024,15156,68,iter2_multistep_eval,pd_d192_k3_eval,False,0,30,0.6,0.7822237425581013,0.6417076186515583,1.8827158047005812,2.0113401315081005,0.0,0.0
9,test,1903024,15156,68,iter2_multistep_eval,iter2_multistep_eval,True,0,30,0.8333333333333334,0.9509064208421204,0.30948561105775324,1.9083942048080293,2.0113401315081005,0.0,0.0
9,test,1903024,15156,68,iter2_multistep_eval,pd_d192_k10_eval,False,0,30,0.6333333333333333,0.8476175338640958,0.5318163200793249,1.7769217056167994,2.0113401315081005,0.0,0.0
9,test,1903024,15156,68,iter2_multistep_eval,pd_d192_k3_eval,False,1,30,0.6666666666666666,0.8033536623262479,0.6101312747357222,1.907792606293006,2.0378936073600227,0.03333333333333333,0.03333333333333333
9,test,1903024,15156,68,iter2_multistep_eval,iter2_multistep_eval,True,1,30,0.8,0.924646395089844,0.3865000652534509,2.018789591626893,2.0378936073600227,0.03333333333333333,0.03333333333333333
9,test,1903024,15156,68,iter2_multistep_eval,pd_d192_k10_eval,False,1,30,0.7,0.8647362435972389,0.5300344275007983,2.107513201656575,2.0378936073600227,0.03333333333333333,0.03333333333333333
9,test,1903024,15156,68,iter2_multistep_eval,pd_d192_k3_eval,False,2,30,0.6333333333333333,0.7937859565579196,0.6332577139846453,1.7552791183563177,1.8092482427549519,0.06666666666666667,0.1
9,test,1903024,15156,68,iter2_multistep_eval,iter2_multistep_eval,True,2,30,0.7666666666666667,0.910681436355539,0.44000549296354824,1.9217096630322459,1.8092482427549519,0.06666666666666667,0.1
9,test,1903024,15156,68,iter2_multistep_eval,pd_d192_k10_eval,False,2,30,0.7333333333333333,0.8618804583784727,0.5088271731881737,1.634890826739188,1.8092482427549519,0.06666666666666667,0.1
9,test,1903024,15156,68,iter2_multistep_eval,pd_d192_k3_eval,False,4,30,0.43333333333333335,0.4431535159381027,1.1066038412893167,1.1454735104572515,1.0490014765766735,0.3,0.8333333333333334
9,test,1903024,15156,68,iter2_multistep_eval,iter2_multistep_eval,True,4,30,0.6333333333333333,0.7326259344076596,0.7373554465802052,1.0660314834487576,1.0490014765766735,0.6,0.8333333333333334
9,test,1903024,15156,68,iter2_multistep_eval,pd_d192_k10_eval,False,4,30,0.6,0.6462940775791339,0.9362967998181786,1.2470868470696799,1.0490014765766735,0.5333333333333333,0.8333333333333334
9,test,1903024,15156,68,iter2_multistep_eval,pd_d192_k3_eval,False,9,30,0.3,0.49814247259963174,0.9617014293139646,0.8022033266905029,0.8775940371353758,0.7666666666666667,1.0
9,test,1903024,15156,68,iter2_multistep_eval,iter2_multistep_eval,True,9,30,0.36666666666666664,0.5130267126537343,0.9248493580556552,0.7523851333304518,0.8775940371353758,0.9333333333333333,1.0
9,test,1903024,15156,68,iter2_multistep_eval,pd_d192_k10_eval,False,9,30,0.23333333333333334,0.4785976217804492,0.9916799739284482,0.824550863857091,0.8775940371353758,0.7333333333333333,1.0
9,test,1903024,15156,68,iter2_multistep_eval,pd_d192_k3_eval,False,19,30,0.2,0.1837249500031712,1.2782708138926382,0.44410495724512966,0.4437175388118367,1.0,1.0
9,test,1903024,15156,68,iter2_multistep_eval,iter2_multistep_eval,True,19,30,0.2,0.012982486311978677,1.247119346195777,0.336464166887056,0.4437175388118367,1.0,1.0
9,test,1903024,15156,68,iter2_multistep_eval,pd_d192_k10_eval,False,19,30,0.16666666666666666,-0.03859028198199966,1.436451218335754,0.4407626392107933,0.4437175388118367,0.9666666666666667,1.0
9,test,1903024,15156,68,iter2_multistep_eval,pd_d192_k3_eval,False,29,30,0.13333333333333333,-0.34618402971763457,1.9538416635713123,0.3407366313657683,0.24913419255852995,1.0,1.0
9,test,1903024,15156,68,iter2_multistep_eval,iter2_multistep_eval,True,29,30,0.0,-0.1494179777560313,1.3118222135226194,0.1775515589156803,0.24913419255852995,1.0,1.0
9,test,1903024,15156,68,iter2_multistep_eval,pd_d192_k10_eval,False,29,30,0.0,-0.4025117503261372,2.090245776723242,0.36787699419568337,0.24913419255852995,1.0,1.0
9,test,1903024,15156,68,pd_d192_k10_eval,pd_d192_k3_eval,False,0,30,0.6,0.7822237425581013,0.6417076186515583,1.8827158047005812,2.0113401315081005,0.0,0.0
9,test,1903024,15156,68,pd_d192_k10_eval,iter2_multistep_eval,False,0,30,0.8333333333333334,0.9509064208421204,0.30948561105775324,1.9083942048080293,2.0113401315081005,0.0,0.0
9,test,1903024,15156,68,pd_d192_k10_eval,pd_d192_k10_eval,True,0,30,0.6333333333333333,0.8476175338640958,0.5318163200793249,1.7769217056167994,2.0113401315081005,0.0,0.0
9,test,1903024,15156,68,pd_d192_k10_eval,pd_d192_k3_eval,False,1,30,0.6666666666666666,0.8611077617397627,0.509020820428756,1.773006816711631,2.0016309261773997,0.03333333333333333,0.03333333333333333
9,test,1903024,15156,68,pd_d192_k10_eval,iter2_multistep_eval,False,1,30,0.8,0.9504930753469469,0.3184506394801452,2.0419035597479334,2.0016309261773997,0.03333333333333333,0.03333333333333333
9,test,1903024,15156,68,pd_d192_k10_eval,pd_d192_k10_eval,True,1,30,0.7,0.875183166722169,0.5188451369415779,2.1270439829323604,2.0016309261773997,0.03333333333333333,0.03333333333333333
9,test,1903024,15156,68,pd_d192_k10_eval,pd_d192_k3_eval,False,2,30,0.5333333333333333,0.7206831451678968,0.8667119743474359,1.7724519496868985,1.4284172606712453,0.16666666666666666,0.16666666666666666
9,test,1903024,15156,68,pd_d192_k10_eval,iter2_multistep_eval,False,2,30,0.6666666666666666,0.8005994988212418,0.7296965732765721,1.738430576401016,1.4284172606712453,0.16666666666666666,0.16666666666666666
9,test,1903024,15156,68,pd_d192_k10_eval,pd_d192_k10_eval,True,2,30,0.7,0.8406340187242176,0.6017524659385045,1.5753690946191061,1.4284172606712453,0.16666666666666666,0.16666666666666666
9,test,1903024,15156,68,pd_d192_k10_eval,pd_d192_k3_eval,False,4,30,0.43333333333333335,0.5523606426729974,0.9008219628488302,1.118912204205439,1.2518563133161535,0.4,0.9333333333333333
9,test,1903024,15156,68,pd_d192_k10_eval,iter2_multistep_eval,False,4,30,0.5666666666666667,0.6903444892133155,0.7654821849586105,1.1772725367688828,1.2518563133161535,0.5666666666666667,0.9333333333333333
9,test,1903024,15156,68,pd_d192_k10_eval,pd_d192_k10_eval,True,4,30,0.6666666666666666,0.8195113676887681,0.5905749091911273,1.2046131551564117,1.2518563133161535,0.6666666666666666,0.9333333333333333
9,test,1903024,15156,68,pd_d192_k10_eval,pd_d192_k3_eval,False,9,30,0.3333333333333333,0.3887580769458785,1.2297022185323736,0.8084503612019406,0.6719220869141957,0.6,1.0
9,test,1903024,15156,68,pd_d192_k10_eval,iter2_multistep_eval,False,9,30,0.4666666666666667,0.677397505410838,0.9411996270300848,0.8496653802489913,0.6719220869141957,0.9,1.0
9,test,1903024,15156,68,pd_d192_k10_eval,pd_d192_k10_eval,True,9,30,0.36666666666666664,0.553422589189645,1.020242076860597,0.7677612333947069,0.6719220869141957,0.9,1.0
9,test,1903024,15156,68,pd_d192_k10_eval,pd_d192_k3_eval,False,19,30,0.36666666666666664,0.5459271977204806,1.074513503613435,0.5326372073703245,0.43705557838678283,1.0,1.0
9,test,1903024,15156,68,pd_d192_k10_eval,iter2_multistep_eval,False,19,30,0.26666666666666666,0.5567215890627656,0.9038302818624945,0.3989788622717601,0.43705557838678283,1.0,1.0
9,test,1903024,15156,68,pd_d192_k10_eval,pd_d192_k10_eval,True,19,30,0.2,0.16373984269634032,1.16065978803396,0.3388263390998471,0.43705557838678283,1.0,1.0
9,test,1903024,15156,68,pd_d192_k10_eval,pd_d192_k3_eval,False,29,30,0.2,0.39648071485076813,1.3519482494064206,0.27465436669681864,0.19774490036751038,1.0,1.0
9,test,1903024,15156,68,pd_d192_k10_eval,iter2_multistep_eval,False,29,30,0.03333333333333333,0.4046265158644858,1.1493622669868722,0.21769160582360608,0.19774490036751038,1.0,1.0
9,test,1903024,15156,68,pd_d192_k10_eval,pd_d192_k10_eval,True,29,30,0.26666666666666666,0.32836401169774326,1.2222853667718534,0.21833500285669677,0.19774490036751038,1.0,1.0
10,dev,1948264,15612,0,pd_d192_k3_eval,pd_d192_k3_eval,True,0,30,0.1,0.40134499127484113,1.1087226709438351,1.9734020021879082,1.9231689049461786,0.0,0.0
10,dev,1948264,15612,0,pd_d192_k3_eval,iter2_multistep_eval,False,0,30,0.3333333333333333,0.5408216997456067,1.079952558247694,2.3427252554874873,1.9231689049461786,0.0,0.0
10,dev,1948264,15612,0,pd_d192_k3_eval,pd_d192_k10_eval,False,0,30,0.2,0.5220189050342993,1.0190344186102689,2.076319036567176,1.9231689049461786,0.0,0.0
10,dev,1948264,15612,0,pd_d192_k3_eval,pd_d192_k3_eval,True,1,30,0.0,-0.09251762724780489,1.4483674744893895,1.5725543543765559,1.6392666375658926,0.0,0.0
10,dev,1948264,15612,0,pd_d192_k3_eval,iter2_multistep_eval,False,1,30,0.0,0.0631735644024514,1.2776761415346125,1.4113265917747075,1.6392666375658926,0.0,0.0
10,dev,1948264,15612,0,pd_d192_k3_eval,pd_d192_k10_eval,False,1,30,0.0,-0.005070384522596379,1.339418457315182,1.4524464252507907,1.6392666375658926,0.0,0.0
10,dev,1948264,15612,0,pd_d192_k3_eval,pd_d192_k3_eval,True,2,30,0.0,-0.1641021937597314,1.2982287229821892,1.3071706473457823,1.9226132087087682,0.0,0.0
10,dev,1948264,15612,0,pd_d192_k3_eval,iter2_multistep_eval,False,2,30,0.0,-0.267088397207063,1.4232739719245866,1.5002357892747538,1.9226132087087682,0.0,0.0
10,dev,1948264,15612,0,pd_d192_k3_eval,pd_d192_k10_eval,False,2,30,0.0,-0.12142984511206317,1.2903975729949686,1.3518145744792383,1.9226132087087682,0.0,0.0
10,dev,1948264,15612,0,pd_d192_k3_eval,pd_d192_k3_eval,True,4,30,0.0,0.018339713748104,1.1492975218015078,0.9869935364574683,1.686870121077769,0.0,0.0
10,dev,1948264,15612,0,pd_d192_k3_eval,iter2_multistep_eval,False,4,30,0.0,-0.1898037355649038,1.2418295838713667,0.9624752173400509,1.686870121077769,0.0,0.0
10,dev,1948264,15612,0,pd_d192_k3_eval,pd_d192_k10_eval,False,4,30,0.0,0.14923486526638247,1.1228589939403466,1.1492488526926148,1.686870121077769,0.0,0.0
10,dev,1948264,15612,0,pd_d192_k3_eval,pd_d192_k3_eval,True,9,30,0.0,-0.047126874194774786,1.1199138627522456,0.776645167531236,1.6910782708353485,0.0,0.0
10,dev,1948264,15612,0,pd_d192_k3_eval,iter2_multistep_eval,False,9,30,0.0,-0.5195078628631741,1.5235848554004106,1.2546441056311524,1.6910782708353485,0.0,0.0
10,dev,1948264,15612,0,pd_d192_k3_eval,pd_d192_k10_eval,False,9,30,0.0,0.08931239106194805,1.094050714492189,0.9165599358866221,1.6910782708353485,0.0,0.0
10,dev,1948264,15612,0,pd_d192_k3_eval,pd_d192_k3_eval,True,19,30,0.0,-0.0886529133351896,1.1578406913393193,0.38937585176998885,0.7761943698086777,0.0,0.0
10,dev,1948264,15612,0,pd_d192_k3_eval,iter2_multistep_eval,False,19,30,0.0,-0.5267974986262813,1.718499556317761,0.750404667708451,0.7761943698086777,0.0,0.0
10,dev,1948264,15612,0,pd_d192_k3_eval,pd_d192_k10_eval,False,19,30,0.03333333333333333,0.18169433312829547,1.102582288762045,0.5281173511453339,0.7761943698086777,0.0,0.0
10,dev,1948264,15612,0,pd_d192_k3_eval,pd_d192_k3_eval,True,29,30,0.0,0.12247339967093263,1.2350304436844741,0.239989423747887,0.2798630941153606,0.0,0.0
10,dev,1948264,15612,0,pd_d192_k3_eval,iter2_multistep_eval,False,29,30,0.6333333333333333,0.7420170223569295,0.9160906068795838,0.38239533029998435,0.2798630941153606,0.0,0.0
10,dev,1948264,15612,0,pd_d192_k3_eval,pd_d192_k10_eval,False,29,30,0.16666666666666666,0.4639265394474456,1.1064663613825185,0.3153696649060363,0.2798630941153606,0.0,0.0
10,dev,1948264,15612,0,iter2_multistep_eval,pd_d192_k3_eval,False,0,30,0.1,0.40134499127484113,1.1087226709438351,1.9734020021879082,1.9231689049461786,0.0,0.0
10,dev,1948264,15612,0,iter2_multistep_eval,iter2_multistep_eval,True,0,30,0.3333333333333333,0.5408216997456067,1.079952558247694,2.3427252554874873,1.9231689049461786,0.0,0.0
10,dev,1948264,15612,0,iter2_multistep_eval,pd_d192_k10_eval,False,0,30,0.2,0.5220189050342993,1.0190344186102689,2.076319036567176,1.9231689049461786,0.0,0.0
10,dev,1948264,15612,0,iter2_multistep_eval,pd_d192_k3_eval,False,1,30,0.0,-0.2593771242399617,1.5510504471111581,1.3545728311471417,1.419427927867331,0.0,0.0
10,dev,1948264,15612,0,iter2_multistep_eval,iter2_multistep_eval,True,1,30,0.0,-0.20208132176245194,1.4822959970261624,1.292517395490644,1.419427927867331,0.0,0.0
10,dev,1948264,15612,0,iter2_multistep_eval,pd_d192_k10_eval,False,1,30,0.0,-0.033083571950179136,1.4093762072167968,1.363523019220345,1.419427927867331,0.0,0.0
10,dev,1948264,15612,0,iter2_multistep_eval,pd_d192_k3_eval,False,2,30,0.0,0.044119689706514316,1.3121569129201875,1.520431184928388,1.6991349174142363,0.0,0.0
10,dev,1948264,15612,0,iter2_multistep_eval,iter2_multistep_eval,True,2,30,0.0,0.008701322542280147,1.4385910501960473,1.7720713579629368,1.6991349174142363,0.0,0.0
10,dev,1948264,15612,0,iter2_multistep_eval,pd_d192_k10_eval,False,2,30,0.0,0.1057893913846363,1.3449369807572802,1.7184265361013487,1.6991349174142363,0.0,0.0
10,dev,1948264,15612,0,iter2_multistep_eval,pd_d192_k3_eval,False,4,30,0.06666666666666667,0.022152261352873008,1.3166267492695554,1.6667949236102801,1.8964808559220914,0.0,0.0
10,dev,1948264,15612,0,iter2_multistep_eval,iter2_multistep_eval,True,4,30,0.0,-0.15319153792186113,1.3131464189165387,1.349488364718139,1.8964808559220914,0.0,0.0
10,dev,1948264,15612,0,iter2_multistep_eval,pd_d192_k10_eval,False,4,30,0.03333333333333333,0.2110174920097633,1.1319469207436286,1.4827344220661032,1.8964808559220914,0.0,0.0
10,dev,1948264,15612,0,iter2_multistep_eval,pd_d192_k3_eval,False,9,30,0.16666666666666666,0.37222900122286556,1.1024572553477319,1.331602991359663,1.376789526450478,0.0,0.0
10,dev,1948264,15612,0,iter2_multistep_eval,iter2_multistep_eval,True,9,30,0.1,0.11241348880895072,1.1855853580749915,1.0451698843133745,1.376789526450478,0.0,0.0
10,dev,1948264,15612,0,iter2_multistep_eval,pd_d192_k10_eval,False,9,30,0.1,0.4534220668221158,0.9625053965553526,1.1244947821992823,1.376789526450478,0.0,0.0
10,dev,1948264,15612,0,iter2_multistep_eval,pd_d192_k3_eval,False,19,30,0.26666666666666666,0.2722739030810643,1.1774638819433574,0.7017623312729427,0.7379860885414408,0.0,0.0
10,dev,1948264,15612,0,iter2_multistep_eval,iter2_multistep_eval,True,19,30,0.1,-0.027191384659324754,1.3198381053245232,0.6159350090112924,0.7379860885414408,0.0,0.0
10,dev,1948264,15612,0,iter2_multistep_eval,pd_d192_k10_eval,False,19,30,0.16666666666666666,0.271953078692131,1.4281145799382817,0.9794284440234843,0.7379860885414408,0.0,0.0
10,dev,1948264,15612,0,iter2_multistep_eval,pd_d192_k3_eval,False,29,30,0.3,0.20644906778015076,1.1510827667767498,0.3495930833177075,0.43013085260956313,0.0,0.0
10,dev,1948264,15612,0,iter2_multistep_eval,iter2_multistep_eval,True,29,30,0.0,-0.07168468612021779,1.2671957319673965,0.3053634014741731,0.43013085260956313,0.0,0.0
10,dev,1948264,15612,0,iter2_multistep_eval,pd_d192_k10_eval,False,29,30,0.0,-0.25578658361457135,2.0898712885943334,0.6869387804271333,0.43013085260956313,0.0,0.0
10,dev,1948264,15612,0,pd_d192_k10_eval,pd_d192_k3_eval,False,0,30,0.1,0.40134499127484113,1.1087226709438351,1.9734020021879082,1.9231689049461786,0.0,0.0
10,dev,1948264,15612,0,pd_d192_k10_eval,iter2_multistep_eval,False,0,30,0.3333333333333333,0.5408216997456067,1.079952558247694,2.3427252554874873,1.9231689049461786,0.0,0.0
10,dev,1948264,15612,0,pd_d192_k10_eval,pd_d192_k10_eval,True,0,30,0.2,0.5220189050342993,1.0190344186102689,2.076319036567176,1.9231689049461786,0.0,0.0
10,dev,1948264,15612,0,pd_d192_k10_eval,pd_d192_k3_eval,False,1,30,0.0,-0.13277781814174716,1.449024445154741,1.401063305330981,1.515896802417169,0.0,0.0
10,dev,1948264,15612,0,pd_d192_k10_eval,iter2_multistep_eval,False,1,30,0.0,-0.11622110162781688,1.3926398303279937,1.303628859174048,1.515896802417169,0.0,0.0
10,dev,1948264,15612,0,pd_d192_k10_eval,pd_d192_k10_eval,True,1,30,0.0,0.014256166520116903,1.3571172119440056,1.4125817627470294,1.515896802417169,0.0,0.0
10,dev,1948264,15612,0,pd_d192_k10_eval,pd_d192_k3_eval,False,2,30,0.0,-0.027895382260854345,1.298729909627008,1.5000823692634058,1.8721840730767638,0.0,0.0
10,dev,1948264,15612,0,pd_d192_k10_eval,iter2_multistep_eval,False,2,30,0.0,-0.19044540584301856,1.3892893735936955,1.4839084712988473,1.8721840730767638,0.0,0.0
10,dev,1948264,15612,0,pd_d192_k10_eval,pd_d192_k10_eval,True,2,30,0.0,0.010341520324661554,1.2958203619650455,1.5623605044752196,1.8721840730767638,0.0,0.0
10,dev,1948264,15612,0,pd_d192_k10_eval,pd_d192_k3_eval,False,4,30,0.0,0.029250179899924397,1.1925255263550927,1.2358339437210741,1.818435899180166,0.0,0.0
10,dev,1948264,15612,0,pd_d192_k10_eval,iter2_multistep_eval,False,4,30,0.0,-0.16705695318099667,1.2059176683947894,0.9588794115833286,1.818435899180166,0.0,0.0
10,dev,1948264,15612,0,pd_d192_k10_eval,pd_d192_k10_eval,True,4,30,0.0,-0.0212525141279855,1.214485089668739,1.215185594164384,1.818435899180166,0.0,0.0
10,dev,1948264,15612,0,pd_d192_k10_eval,pd_d192_k3_eval,False,9,30,0.0,-0.08081290967740652,1.1697917863845533,0.9046863516043936,1.7020949905256735,0.0,0.0
10,dev,1948264,15612,0,pd_d192_k10_eval,iter2_multistep_eval,False,9,30,0.0,-0.6631548377421012,1.568244247040931,1.2169075108161989,1.7020949905256735,0.0,0.0
10,dev,1948264,15612,0,pd_d192_k10_eval,pd_d192_k10_eval,True,9,30,0.0,-0.14250756543237364,1.202051047861022,0.9184060351815572,1.7020949905256735,0.0,0.0
10,dev,1948264,15612,0,pd_d192_k10_eval,pd_d192_k3_eval,False,19,30,0.1,-0.4226169251028683,1.7749641926547628,0.8530620193472636,0.7730351336955477,0.0,0.0
10,dev,1948264,15612,0,pd_d192_k10_eval,iter2_multistep_eval,False,19,30,0.06666666666666667,-0.19359791810045554,1.9297115100772857,1.1348990891265351,0.7730351336955477,0.0,0.0
10,dev,1948264,15612,0,pd_d192_k10_eval,pd_d192_k10_eval,True,19,30,0.13333333333333333,-0.18326518353390284,1.4089302545262683,0.6385478456113144,0.7730351336955477,0.0,0.0
10,dev,1948264,15612,0,pd_d192_k10_eval,pd_d192_k3_eval,False,29,30,0.13333333333333333,0.40758720155241557,1.073332261331459,0.5376395283684867,0.5533250024736153,0.0,0.0
10,dev,1948264,15612,0,pd_d192_k10_eval,iter2_multistep_eval,False,29,30,0.0,0.1509208791649266,1.4561157221854966,0.6750875413762569,0.5533250024736153,0.0,0.0
10,dev,1948264,15612,0,pd_d192_k10_eval,pd_d192_k10_eval,True,29,30,0.2,0.17313487844032718,1.0567073986654505,0.3076635224875147,0.5533250024736153,0.0,0.0
11,test,2162198,17247,85,pd_d192_k3_eval,pd_d192_k3_eval,True,0,30,0.43333333333333335,0.7484803643353503,0.6720086175013744,1.7427199796017092,2.033054368888985,0.0,0.0
11,test,2162198,17247,85,pd_d192_k3_eval,iter2_multistep_eval,False,0,30,0.4666666666666667,0.6473643315254006,0.8136838229253461,1.8953224189902267,2.033054368888985,0.0,0.0
11,test,2162198,17247,85,pd_d192_k3_eval,pd_d192_k10_eval,False,0,30,0.0,-0.5189289392549917,1.5776891582626402,1.6409069868223967,2.033054368888985,0.0,0.0
11,test,2162198,17247,85,pd_d192_k3_eval,pd_d192_k3_eval,True,1,30,0.13333333333333333,0.29096307421003015,1.098609097966311,1.5109484604819603,1.8183070320919092,0.0,0.0
11,test,2162198,17247,85,pd_d192_k3_eval,iter2_multistep_eval,False,1,30,0.16666666666666666,0.30704001167278366,1.1581862646448084,1.7584706871469284,1.8183070320919092,0.0,0.0
11,test,2162198,17247,85,pd_d192_k3_eval,pd_d192_k10_eval,False,1,30,0.26666666666666666,0.14028052788403558,1.1681738639642474,1.382289693061639,1.8183070320919092,0.0,0.0
11,test,2162198,17247,85,pd_d192_k3_eval,pd_d192_k3_eval,True,2,30,0.13333333333333333,0.1784842119059424,1.3082226973240545,1.7517933232293736,1.6833895144298456,0.0,0.0
11,test,2162198,17247,85,pd_d192_k3_eval,iter2_multistep_eval,False,2,30,0.13333333333333333,0.30518449743161524,1.2440350538463432,1.8612562007516222,1.6833895144298456,0.0,0.0
11,test,2162198,17247,85,pd_d192_k3_eval,pd_d192_k10_eval,False,2,30,0.43333333333333335,0.6071598385547995,0.9526283597746908,1.9066974629434952,1.6833895144298456,0.0,0.0
11,test,2162198,17247,85,pd_d192_k3_eval,pd_d192_k3_eval,True,4,30,0.1,0.07219454769762348,1.3730475370831354,1.5055796573372051,1.4820993925408381,0.0,0.0
11,test,2162198,17247,85,pd_d192_k3_eval,iter2_multistep_eval,False,4,30,0.13333333333333333,0.1945741248738225,1.3870116093888063,1.741788285515487,1.4820993925408381,0.0,0.0
11,test,2162198,17247,85,pd_d192_k3_eval,pd_d192_k10_eval,False,4,30,0.23333333333333334,-0.07154684253617742,1.4922551934957102,1.5389869856723923,1.4820993925408381,0.0,0.0
11,test,2162198,17247,85,pd_d192_k3_eval,pd_d192_k3_eval,True,9,30,0.6666666666666666,0.6657180545918104,0.7929690834304213,1.0923465182999237,1.1695235343156023,0.0,0.0
11,test,2162198,17247,85,pd_d192_k3_eval,iter2_multistep_eval,False,9,30,0.5,0.7535808695975692,0.6917738934629946,1.1333493067717328,1.1695235343156023,0.0,0.0
11,test,2162198,17247,85,pd_d192_k3_eval,pd_d192_k10_eval,False,9,30,0.3333333333333333,0.5145459046192866,1.1006656808718287,1.4088485331839928,1.1695235343156023,0.0,0.0
11,test,2162198,17247,85,pd_d192_k3_eval,pd_d192_k3_eval,True,19,30,0.4,-0.009858528656340435,1.619847147577061,0.5893134776618187,0.4660428835663758,0.7333333333333333,1.0
11,test,2162198,17247,85,pd_d192_k3_eval,iter2_multistep_eval,False,19,30,0.26666666666666666,0.1778604538934304,1.5226298202963244,0.6243906987572393,0.4660428835663758,0.6,1.0
11,test,2162198,17247,85,pd_d192_k3_eval,pd_d192_k10_eval,False,19,30,0.13333333333333333,0.21204860985713284,1.371473631073249,0.5472685389535464,0.4660428835663758,0.43333333333333335,1.0
11,test,2162198,17247,85,pd_d192_k3_eval,pd_d192_k3_eval,True,29,30,0.1,0.0733950141366483,1.1804723069759462,0.36652571775779597,0.5199081575328209,0.6666666666666666,1.0
11,test,2162198,17247,85,pd_d192_k3_eval,iter2_multistep_eval,False,29,30,0.3,0.5393681165912492,0.985883399637401,0.5469903322279865,0.5199081575328209,0.9666666666666667,1.0
11,test,2162198,17247,85,pd_d192_k3_eval,pd_d192_k10_eval,False,29,30,0.1,0.5264560958545723,1.091101599593372,0.6292510150049518,0.5199081575328209,0.8666666666666667,1.0
11,test,2162198,17247,85,iter2_multistep_eval,pd_d192_k3_eval,False,0,30,0.43333333333333335,0.7484803643353503,0.6720086175013744,1.7427199796017092,2.033054368888985,0.0,0.0
11,test,2162198,17247,85,iter2_multistep_eval,iter2_multistep_eval,True,0,30,0.4666666666666667,0.6473643315254006,0.8136838229253461,1.8953224189902267,2.033054368888985,0.0,0.0
11,test,2162198,17247,85,iter2_multistep_eval,pd_d192_k10_eval,False,0,30,0.0,-0.5189289392549917,1.5776891582626402,1.6409069868223967,2.033054368888985,0.0,0.0
11,test,2162198,17247,85,iter2_multistep_eval,pd_d192_k3_eval,False,1,30,0.13333333333333333,0.3145706555668293,1.1277636003912541,1.6339944266685849,1.7693331757722945,0.0,0.0
11,test,2162198,17247,85,iter2_multistep_eval,iter2_multistep_eval,True,1,30,0.2,0.44645581639151055,1.0178829117767776,1.6483901771407616,1.7693331757722945,0.0,0.0
11,test,2162198,17247,85,iter2_multistep_eval,pd_d192_k10_eval,False,1,30,0.3,0.17221931446954394,1.1777011460360567,1.4467757423386787,1.7693331757722945,0.0,0.0
11,test,2162198,17247,85,iter2_multistep_eval,pd_d192_k3_eval,False,2,30,0.03333333333333333,0.14924667201556238,1.2320240704037397,1.501735220024618,1.6984093014636652,0.0,0.0
11,test,2162198,17247,85,iter2_multistep_eval,iter2_multistep_eval,True,2,30,0.03333333333333333,0.23840299082996436,1.3168445557895967,1.915359574052251,1.6984093014636652,0.0,0.0
11,test,2162198,17247,85,iter2_multistep_eval,pd_d192_k10_eval,False,2,30,0.3333333333333333,0.5908853111881996,0.933487281609164,1.801173913854514,1.6984093014636652,0.0,0.0
11,test,2162198,17247,85,iter2_multistep_eval,pd_d192_k3_eval,False,4,30,0.1,0.24322249927513134,1.118252142764927,1.3630587705421848,1.7045050951370295,0.0,0.0
11,test,2162198,17247,85,iter2_multistep_eval,iter2_multistep_eval,True,4,30,0.06666666666666667,0.3007083275973669,1.0097042205721456,1.07769450385774,1.7045050951370295,0.0,0.0
11,test,2162198,17247,85,iter2_multistep_eval,pd_d192_k10_eval,False,4,30,0.3,0.4497811608577181,0.9935319202181939,1.508473950150432,1.7045050951370295,0.0,0.0
11,test,2162198,17247,85,iter2_multistep_eval,pd_d192_k3_eval,False,9,30,0.6,0.5539446168388551,0.9360426636220236,1.2023526582443664,1.224684455241935,0.0,0.0
11,test,2162198,17247,85,iter2_multistep_eval,iter2_multistep_eval,True,9,30,0.5333333333333333,0.45337487179744185,1.1644141772598284,1.4728634362181896,1.224684455241935,0.0,0.0
11,test,2162198,17247,85,iter2_multistep_eval,pd_d192_k10_eval,False,9,30,0.43333333333333335,0.31780556108185437,1.1590224205983017,1.2055657822552976,1.224684455241935,0.0,0.0
11,test,2162198,17247,85,iter2_multistep_eval,pd_d192_k3_eval,False,19,30,0.5333333333333333,0.3791270824207542,1.0618490061336248,0.5080835383467392,0.5645661334538575,0.7666666666666667,1.0
11,test,2162198,17247,85,iter2_multistep_eval,iter2_multistep_eval,True,19,30,0.23333333333333334,0.15671014440679287,1.2137983975807674,0.4868284073770866,0.5645661334538575,0.5666666666666667,1.0
11,test,2162198,17247,85,iter2_multistep_eval,pd_d192_k10_eval,False,19,30,0.1,-0.022179000560933405,1.3213824381676356,0.4752791311141317,0.5645661334538575,0.3333333333333333,1.0
11,test,2162198,17247,85,iter2_multistep_eval,pd_d192_k3_eval,False,29,30,0.6666666666666666,0.8276329057809407,0.6414625803139482,0.4797317850925074,0.4214837198486582,1.0,1.0
11,test,2162198,17247,85,iter2_multistep_eval,iter2_multistep_eval,True,29,30,0.06666666666666667,0.07958007568531217,1.341783831001483,0.41210749608308156,0.4214837198486582,1.0,1.0
11,test,2162198,17247,85,iter2_multistep_eval,pd_d192_k10_eval,False,29,30,0.0,-0.24821259273982035,1.5125521842166267,0.38499770433681474,0.4214837198486582,0.8333333333333334,1.0
11,test,2162198,17247,85,pd_d192_k10_eval,pd_d192_k3_eval,False,0,30,0.43333333333333335,0.7484803643353503,0.6720086175013744,1.7427199796017092,2.033054368888985,0.0,0.0
11,test,2162198,17247,85,pd_d192_k10_eval,iter2_multistep_eval,False,0,30,0.4666666666666667,0.6473643315254006,0.8136838229253461,1.8953224189902267,2.033054368888985,0.0,0.0
11,test,2162198,17247,85,pd_d192_k10_eval,pd_d192_k10_eval,True,0,30,0.0,-0.5189289392549917,1.5776891582626402,1.6409069868223967,2.033054368888985,0.0,0.0
11,test,2162198,17247,85,pd_d192_k10_eval,pd_d192_k3_eval,False,1,30,0.7,0.8066263573932808,0.5938153587325872,2.0078818983659064,2.3246182538533904,0.0,0.0
11,test,2162198,17247,85,pd_d192_k10_eval,iter2_multistep_eval,False,1,30,0.7,0.8243464169687835,0.5671639869012828,1.997552786334241,2.3246182538533904,0.0,0.0
11,test,2162198,17247,85,pd_d192_k10_eval,pd_d192_k10_eval,True,1,30,0.03333333333333333,-0.6354545770189572,1.7425566031596382,2.1542081943817886,2.3246182538533904,0.0,0.0
11,test,2162198,17247,85,pd_d192_k10_eval,pd_d192_k3_eval,False,2,30,0.0,-0.21265651759639553,1.4449464188476369,2.050353256194359,2.40704940706991,0.0,0.0
11,test,2162198,17247,85,pd_d192_k10_eval,iter2_multistep_eval,False,2,30,0.3,0.32445196102717716,1.0444358072470579,1.8469313060903654,2.40704940706991,0.0,0.0
11,test,2162198,17247,85,pd_d192_k10_eval,pd_d192_k10_eval,True,2,30,0.0,-0.5491773362610897,1.5056090260710588,1.6926422302213047,2.40704940706991,0.0,0.0
11,test,2162198,17247,85,pd_d192_k10_eval,pd_d192_k3_eval,False,4,30,0.0,-0.5453995679909116,1.655227409073887,1.8223547359838306,2.0663514596472794,0.0,0.0
11,test,2162198,17247,85,pd_d192_k10_eval,iter2_multistep_eval,False,4,30,0.0,-0.4501285676898062,1.5584336995364916,1.7090942646764362,2.0663514596472794,0.0,0.0
11,test,2162198,17247,85,pd_d192_k10_eval,pd_d192_k10_eval,True,4,30,0.0,-0.5972718847202763,1.5729276551880589,1.5617725526222732,2.0663514596472794,0.0,0.0
11,test,2162198,17247,85,pd_d192_k10_eval,pd_d192_k3_eval,False,9,30,0.0,-0.5882136703562023,1.8267564841053732,1.201570001159433,1.1445884371604316,0.0,0.0
11,test,2162198,17247,85,pd_d192_k10_eval,iter2_multistep_eval,False,9,30,0.0,-0.5797361501698339,1.6605258099797884,0.992514214999571,1.1445884371604316,0.0,0.0
11,test,2162198,17247,85,pd_d192_k10_eval,pd_d192_k10_eval,True,9,30,0.1,0.1896498759413512,1.139766156748432,0.8795830939174252,1.1445884371604316,0.0,0.0
11,test,2162198,17247,85,pd_d192_k10_eval,pd_d192_k3_eval,False,19,30,0.0,-0.25040751331930644,1.6953085004631059,0.6022839139244945,0.5277298938705941,0.0,0.0
11,test,2162198,17247,85,pd_d192_k10_eval,iter2_multistep_eval,False,19,30,0.0,-0.5494289544263635,1.6767645827719897,0.4772413477187144,0.5277298938705941,0.0,0.0
11,test,2162198,17247,85,pd_d192_k10_eval,pd_d192_k10_eval,True,19,30,0.03333333333333333,0.24299142285768943,1.1377509582233163,0.4420100127698066,0.5277298938705941,0.0,0.0
11,test,2162198,17247,85,pd_d192_k10_eval,pd_d192_k3_eval,False,29,30,0.0,-0.6968021170716718,2.0205976108885753,0.44732855257251475,0.37521110200320634,0.0,0.0
11,test,2162198,17247,85,pd_d192_k10_eval,iter2_multistep_eval,False,29,30,0.0,-0.8214011052044357,2.0430443728348444,0.4278971008660171,0.37521110200320634,0.0,0.0
11,test,2162198,17247,85,pd_d192_k10_eval,pd_d192_k10_eval,True,29,30,0.03333333333333333,-0.035610061273319275,1.2166505739495783,0.2470002578870286,0.37521110200320634,0.0,0.0
